week_start,store_id,cat_id,weekly_units_sold,weekly_revenue
2011-01-24,CA_1,FOODS,6376.0,13946.16
2011-01-31,CA_1,FOODS,18778.0,40973.57
2011-02-07,CA_1,FOODS,17319.0,41354.37
2011-02-14,CA_1,FOODS,15147.0,35344.09
2011-02-21,CA_1,FOODS,14155.0,33208.59
2011-02-28,CA_1,FOODS,16633.0,37336.64
2011-03-07,CA_1,FOODS,16986.0,39042.78
2011-03-14,CA_1,FOODS,14823.0,34368.36
2011-03-21,CA_1,FOODS,13752.0,31892.11
2011-03-28,CA_1,FOODS,15512.0,35582.46
2011-04-04,CA_1,FOODS,16854.0,39742.09
2011-04-11,CA_1,FOODS,14427.0,34188.37
2011-04-18,CA_1,FOODS,13974.0,34848.57
2011-04-25,CA_1,FOODS,12233.0,30534.05
2011-05-02,CA_1,FOODS,14601.0,36236.24
2011-05-09,CA_1,FOODS,15060.0,37333.27
2011-05-16,CA_1,FOODS,12956.0,32298.24
2011-05-23,CA_1,FOODS,12399.0,31145.24
2011-05-30,CA_1,FOODS,14906.0,37083.64
2011-06-06,CA_1,FOODS,15466.0,38808.86
2011-06-13,CA_1,FOODS,14701.0,35979.74
2011-06-20,CA_1,FOODS,14629.0,34820.71
2011-06-27,CA_1,FOODS,15362.0,37400.29
2011-07-04,CA_1,FOODS,17459.0,43891.47
2011-07-11,CA_1,FOODS,13994.0,35756.73
2011-07-18,CA_1,FOODS,14476.0,36152.8
2011-07-25,CA_1,FOODS,13227.0,33523.52
2011-08-01,CA_1,FOODS,15936.0,40888.16
2011-08-08,CA_1,FOODS,16242.0,41957.91
2011-08-15,CA_1,FOODS,15202.0,38580.08
2011-08-22,CA_1,FOODS,13939.0,35656.11
2011-08-29,CA_1,FOODS,14046.0,35463.0
2011-09-05,CA_1,FOODS,16354.0,43572.65
2011-09-12,CA_1,FOODS,13717.0,36390.57
2011-09-19,CA_1,FOODS,14976.0,37845.27
2011-09-26,CA_1,FOODS,16356.0,39392.0
2011-10-03,CA_1,FOODS,17878.0,43764.11
2011-10-10,CA_1,FOODS,16929.0,41335.27
2011-10-17,CA_1,FOODS,15894.0,37112.6
2011-10-24,CA_1,FOODS,15764.0,37457.77
2011-10-31,CA_1,FOODS,17495.0,40441.38
2011-11-07,CA_1,FOODS,18542.0,43056.8
2011-11-14,CA_1,FOODS,16557.0,38777.45
2011-11-21,CA_1,FOODS,16584.0,37992.67
2011-11-28,CA_1,FOODS,16595.0,38150.91
2011-12-05,CA_1,FOODS,18585.0,45035.1
2011-12-12,CA_1,FOODS,18344.0,43603.13
2011-12-19,CA_1,FOODS,16668.0,38786.88
2011-12-26,CA_1,FOODS,17859.0,42154.04
2012-01-02,CA_1,FOODS,20100.0,49120.46
2012-01-09,CA_1,FOODS,18166.0,43931.87
2012-01-16,CA_1,FOODS,18193.0,44674.66
2012-01-23,CA_1,FOODS,16232.0,38518.87
2012-01-30,CA_1,FOODS,20473.0,50352.26
2012-02-06,CA_1,FOODS,20608.0,51189.17
2012-02-13,CA_1,FOODS,18056.0,44803.69
2012-02-20,CA_1,FOODS,18255.0,44134.63
2012-02-27,CA_1,FOODS,19494.0,46824.84
2012-03-05,CA_1,FOODS,21836.0,54844.26
2012-03-12,CA_1,FOODS,19059.0,47162.49
2012-03-19,CA_1,FOODS,19541.0,45778.16
2012-03-26,CA_1,FOODS,19004.0,46613.16
2012-04-02,CA_1,FOODS,23851.0,56874.92
2012-04-09,CA_1,FOODS,21258.0,50947.97
2012-04-16,CA_1,FOODS,19734.0,47516.2
2012-04-23,CA_1,FOODS,18984.0,45591.49
2012-04-30,CA_1,FOODS,21579.0,52053.15
2012-05-07,CA_1,FOODS,23781.0,57234.38
2012-05-14,CA_1,FOODS,22447.0,53533.21
2012-05-21,CA_1,FOODS,19964.0,48307.35
2012-05-28,CA_1,FOODS,21563.0,52066.37
2012-06-04,CA_1,FOODS,22607.0,55618.88
2012-06-11,CA_1,FOODS,22873.0,53502.16
2012-06-18,CA_1,FOODS,21158.0,51176.34
2012-06-25,CA_1,FOODS,20834.0,49112.53
2012-07-02,CA_1,FOODS,22731.0,54860.71
2012-07-09,CA_1,FOODS,21849.0,54798.15
2012-07-16,CA_1,FOODS,20820.0,50217.71
2012-07-23,CA_1,FOODS,18762.0,44410.05
2012-07-30,CA_1,FOODS,22270.0,53790.54
2012-08-06,CA_1,FOODS,24186.0,57597.99
2012-08-13,CA_1,FOODS,23791.0,56735.41
2012-08-20,CA_1,FOODS,20599.0,49805.51
2012-08-27,CA_1,FOODS,21074.0,51385.65
2012-09-03,CA_1,FOODS,22941.0,56306.36
2012-09-10,CA_1,FOODS,20671.0,50562.84
2012-09-17,CA_1,FOODS,19662.0,46127.98
2012-09-24,CA_1,FOODS,18596.0,44420.33
2012-10-01,CA_1,FOODS,21821.0,51768.97
2012-10-08,CA_1,FOODS,19393.0,46550.77
2012-10-15,CA_1,FOODS,17060.0,40825.15
2012-10-22,CA_1,FOODS,16958.0,38859.38
2012-10-29,CA_1,FOODS,18450.0,42926.98
2012-11-05,CA_1,FOODS,20197.0,48550.25
2012-11-12,CA_1,FOODS,18081.0,43378.96
2012-11-19,CA_1,FOODS,16448.0,37794.79
2012-11-26,CA_1,FOODS,16606.0,39229.78
2012-12-03,CA_1,FOODS,19775.0,46621.98
2012-12-10,CA_1,FOODS,18601.0,44605.4
2012-12-17,CA_1,FOODS,19173.0,44883.51
2012-12-24,CA_1,FOODS,15162.0,35860.31
2012-12-31,CA_1,FOODS,20022.0,47655.45
2013-01-07,CA_1,FOODS,19839.0,47502.44
2013-01-14,CA_1,FOODS,17749.0,43092.58
2013-01-21,CA_1,FOODS,16796.0,40780.81
2013-01-28,CA_1,FOODS,18490.0,45148.75
2013-02-04,CA_1,FOODS,19852.0,49502.37
2013-02-11,CA_1,FOODS,19033.0,46790.73
2013-02-18,CA_1,FOODS,18402.0,45309.45
2013-02-25,CA_1,FOODS,18813.0,45958.52
2013-03-04,CA_1,FOODS,19842.0,48018.21
2013-03-11,CA_1,FOODS,18244.0,46231.41
2013-03-18,CA_1,FOODS,17686.0,43537.93
2013-03-25,CA_1,FOODS,20161.0,46568.53
2013-04-01,CA_1,FOODS,20510.0,49082.37
2013-04-08,CA_1,FOODS,19339.0,46160.71
2013-04-15,CA_1,FOODS,17816.0,43415.83
2013-04-22,CA_1,FOODS,17512.0,44205.53
2013-04-29,CA_1,FOODS,20635.0,50125.3
2013-05-06,CA_1,FOODS,21248.0,52462.44
2013-05-13,CA_1,FOODS,19630.0,48802.34
2013-05-20,CA_1,FOODS,19011.0,45984.59
2013-05-27,CA_1,FOODS,20649.0,50592.12
2013-06-03,CA_1,FOODS,22177.0,54516.77
2013-06-10,CA_1,FOODS,22167.0,52714.26
2013-06-17,CA_1,FOODS,20831.0,48334.35
2013-06-24,CA_1,FOODS,22007.0,52181.88
2013-07-01,CA_1,FOODS,26189.0,62344.76
2013-07-08,CA_1,FOODS,23628.0,55698.45
2013-07-15,CA_1,FOODS,22073.0,51801.82
2013-07-22,CA_1,FOODS,20700.0,47842.89
2013-07-29,CA_1,FOODS,22869.0,53643.69
2013-08-05,CA_1,FOODS,25691.0,58879.25
2013-08-12,CA_1,FOODS,23882.0,54258.77
2013-08-19,CA_1,FOODS,23369.0,51948.15
2013-08-26,CA_1,FOODS,23318.0,51540.84
2013-09-02,CA_1,FOODS,26584.0,59721.05
2013-09-09,CA_1,FOODS,23216.0,53257.42
2013-09-16,CA_1,FOODS,22827.0,50927.19
2013-09-23,CA_1,FOODS,21540.0,47607.29
2013-09-30,CA_1,FOODS,22640.0,54664.84
2013-10-07,CA_1,FOODS,23152.0,57685.45
2013-10-14,CA_1,FOODS,20582.0,51274.36
2013-10-21,CA_1,FOODS,19777.0,48532.12
2013-10-28,CA_1,FOODS,20936.0,50808.31
2013-11-04,CA_1,FOODS,21316.0,51766.99
2013-11-11,CA_1,FOODS,19786.0,47626.06
2013-11-18,CA_1,FOODS,19104.0,45277.15
2013-11-25,CA_1,FOODS,18206.0,42816.39
2013-12-02,CA_1,FOODS,22805.0,53244.6
2013-12-09,CA_1,FOODS,20954.0,50069.49
2013-12-16,CA_1,FOODS,20512.0,49641.59
2013-12-23,CA_1,FOODS,17710.0,41451.07
2013-12-30,CA_1,FOODS,22516.0,53049.16
2014-01-06,CA_1,FOODS,21908.0,52827.25
2014-01-13,CA_1,FOODS,19920.0,46116.69
2014-01-20,CA_1,FOODS,18909.0,44730.32
2014-01-27,CA_1,FOODS,19450.0,46934.38
2014-02-03,CA_1,FOODS,21505.0,51616.31
2014-02-10,CA_1,FOODS,19999.0,48495.77
2014-02-17,CA_1,FOODS,18386.0,44509.89
2014-02-24,CA_1,FOODS,18640.0,46751.62
2014-03-03,CA_1,FOODS,19756.0,49258.74
2014-03-10,CA_1,FOODS,20910.0,52869.28
2014-03-17,CA_1,FOODS,19546.0,47400.14
2014-03-24,CA_1,FOODS,19862.0,47756.17
2014-03-31,CA_1,FOODS,22486.0,53276.43
2014-04-07,CA_1,FOODS,22680.0,55307.55
2014-04-14,CA_1,FOODS,23238.0,56440.53
2014-04-21,CA_1,FOODS,20526.0,51074.19
2014-04-28,CA_1,FOODS,22490.0,56383.95
2014-05-05,CA_1,FOODS,20714.0,53413.22
2014-05-12,CA_1,FOODS,21699.0,52739.75
2014-05-19,CA_1,FOODS,18708.0,47121.18
2014-05-26,CA_1,FOODS,20144.0,50494.63
2014-06-02,CA_1,FOODS,22018.0,54770.57
2014-06-09,CA_1,FOODS,22285.0,53843.37
2014-06-16,CA_1,FOODS,21161.0,49864.5
2014-06-23,CA_1,FOODS,19995.0,47334.05
2014-06-30,CA_1,FOODS,23823.0,56559.67
2014-07-07,CA_1,FOODS,23478.0,58011.43
2014-07-14,CA_1,FOODS,21880.0,53126.26
2014-07-21,CA_1,FOODS,20656.0,48557.5
2014-07-28,CA_1,FOODS,23245.0,55433.4
2014-08-04,CA_1,FOODS,24204.0,58522.9
2014-08-11,CA_1,FOODS,22647.0,54732.34
2014-08-18,CA_1,FOODS,22349.0,54381.37
2014-08-25,CA_1,FOODS,20278.0,48982.49
2014-09-01,CA_1,FOODS,23582.0,58787.08
2014-09-08,CA_1,FOODS,21903.0,56046.61
2014-09-15,CA_1,FOODS,20408.0,51618.02
2014-09-22,CA_1,FOODS,20650.0,51391.64
2014-09-29,CA_1,FOODS,23118.0,59591.45
2014-10-06,CA_1,FOODS,23489.0,62516.56
2014-10-13,CA_1,FOODS,21356.0,57279.84
2014-10-20,CA_1,FOODS,20206.0,53351.85
2014-10-27,CA_1,FOODS,21542.0,57037.14
2014-11-03,CA_1,FOODS,22619.0,60678.63
2014-11-10,CA_1,FOODS,21094.0,56800.91
2014-11-17,CA_1,FOODS,19737.0,51598.29
2014-11-24,CA_1,FOODS,19853.0,50384.45
2014-12-01,CA_1,FOODS,20511.0,56516.3
2014-12-08,CA_1,FOODS,20318.0,54680.96
2014-12-15,CA_1,FOODS,20442.0,55542.46
2014-12-22,CA_1,FOODS,17316.0,46119.39
2014-12-29,CA_1,FOODS,21052.0,58140.34
2015-01-05,CA_1,FOODS,21796.0,59635.72
2015-01-12,CA_1,FOODS,19455.0,51212.64
2015-01-19,CA_1,FOODS,19634.0,50887.48
2015-01-26,CA_1,FOODS,19113.0,49436.18
2015-02-02,CA_1,FOODS,21680.0,57156.94
2015-02-09,CA_1,FOODS,21008.0,55810.15
2015-02-16,CA_1,FOODS,18431.0,50391.49
2015-02-23,CA_1,FOODS,17871.0,48783.48
2015-03-02,CA_1,FOODS,20246.0,56223.36
2015-03-09,CA_1,FOODS,19867.0,53060.79
2015-03-16,CA_1,FOODS,19079.0,50401.18
2015-03-23,CA_1,FOODS,18810.0,49204.52
2015-03-30,CA_1,FOODS,23276.0,59603.48
2015-04-06,CA_1,FOODS,21276.0,57514.26
2015-04-13,CA_1,FOODS,20487.0,54890.95
2015-04-20,CA_1,FOODS,20338.0,54955.79
2015-04-27,CA_1,FOODS,21823.0,57198.58
2015-05-04,CA_1,FOODS,22432.0,59416.95
2015-05-11,CA_1,FOODS,20771.0,55265.31
2015-05-18,CA_1,FOODS,19819.0,52610.75
2015-05-25,CA_1,FOODS,20082.0,52214.42
2015-06-01,CA_1,FOODS,22056.0,56328.41
2015-06-08,CA_1,FOODS,22400.0,57234.09
2015-06-15,CA_1,FOODS,20860.0,53183.33
2015-06-22,CA_1,FOODS,20789.0,51903.42
2015-06-29,CA_1,FOODS,21916.0,55407.25
2015-07-06,CA_1,FOODS,22636.0,59563.27
2015-07-13,CA_1,FOODS,20187.0,51812.19
2015-07-20,CA_1,FOODS,19613.0,49851.1
2015-07-27,CA_1,FOODS,22001.0,54815.58
2015-08-03,CA_1,FOODS,23323.0,60915.05
2015-08-10,CA_1,FOODS,21123.0,54385.69
2015-08-17,CA_1,FOODS,20338.0,53253.93
2015-08-24,CA_1,FOODS,18806.0,48640.69
2015-08-31,CA_1,FOODS,20932.0,54230.6
2015-09-07,CA_1,FOODS,22076.0,58083.81
2015-09-14,CA_1,FOODS,20561.0,53590.95
2015-09-21,CA_1,FOODS,20361.0,54066.87
2015-09-28,CA_1,FOODS,21562.0,55474.86
2015-10-05,CA_1,FOODS,22765.0,59190.11
2015-10-12,CA_1,FOODS,20818.0,54724.36
2015-10-19,CA_1,FOODS,19042.0,50466.33
2015-10-26,CA_1,FOODS,18512.0,49182.72
2015-11-02,CA_1,FOODS,19468.0,53769.76
2015-11-09,CA_1,FOODS,18450.0,50612.94
2015-11-16,CA_1,FOODS,17657.0,47800.59
2015-11-23,CA_1,FOODS,16913.0,44637.89
2015-11-30,CA_1,FOODS,18227.0,51249.82
2015-12-07,CA_1,FOODS,17629.0,50398.12
2015-12-14,CA_1,FOODS,18279.0,50674.66
2015-12-21,CA_1,FOODS,16133.0,43705.8
2015-12-28,CA_1,FOODS,17928.0,50998.72
2016-01-04,CA_1,FOODS,20479.0,57138.8
2016-01-11,CA_1,FOODS,19057.0,50711.92
2016-01-18,CA_1,FOODS,18786.0,50605.03
2016-01-25,CA_1,FOODS,18253.0,49789.0
2016-02-01,CA_1,FOODS,20867.0,58171.4
2016-02-08,CA_1,FOODS,20188.0,53884.81
2016-02-15,CA_1,FOODS,20097.0,53534.36
2016-02-22,CA_1,FOODS,19275.0,50814.83
2016-02-29,CA_1,FOODS,20700.0,54795.32
2016-03-07,CA_1,FOODS,20873.0,56303.86
2016-03-14,CA_1,FOODS,20265.0,54811.43
2016-03-21,CA_1,FOODS,21637.0,57381.61
2016-03-28,CA_1,FOODS,20995.0,57030.92
2016-04-04,CA_1,FOODS,22407.0,61371.11
2016-04-11,CA_1,FOODS,20201.0,55732.11
2016-04-18,CA_1,FOODS,21065.0,58105.07
2016-04-25,CA_1,FOODS,21560.0,58527.89
2016-05-02,CA_1,FOODS,22889.0,63098.3
2016-05-09,CA_1,FOODS,23619.0,64439.94
2016-05-16,CA_1,FOODS,22765.0,61744.97
2011-01-24,CA_1,HOBBIES,1054.0,2277.55
2011-01-31,CA_1,HOBBIES,3089.0,7063.36
2011-02-07,CA_1,HOBBIES,3336.0,7586.33
2011-02-14,CA_1,HOBBIES,2868.0,6946.62
2011-02-21,CA_1,HOBBIES,3156.0,7219.93
2011-02-28,CA_1,HOBBIES,2027.0,6772.23
2011-03-07,CA_1,HOBBIES,3022.0,7191.68
2011-03-14,CA_1,HOBBIES,2929.0,7916.19
2011-03-21,CA_1,HOBBIES,3298.0,7753.05
2011-03-28,CA_1,HOBBIES,3215.0,8478.68
2011-04-04,CA_1,HOBBIES,3352.0,8732.18
2011-04-11,CA_1,HOBBIES,3078.0,8364.89
2011-04-18,CA_1,HOBBIES,2626.0,8871.82
2011-04-25,CA_1,HOBBIES,3130.0,8569.03
2011-05-02,CA_1,HOBBIES,2950.0,8178.49
2011-05-09,CA_1,HOBBIES,3125.0,8793.9
2011-05-16,CA_1,HOBBIES,2806.0,8104.65
2011-05-23,CA_1,HOBBIES,2940.0,8040.07
2011-05-30,CA_1,HOBBIES,2613.0,8545.62
2011-06-06,CA_1,HOBBIES,3251.0,9024.8
2011-06-13,CA_1,HOBBIES,3244.0,8634.26
2011-06-20,CA_1,HOBBIES,2872.0,8441.97
2011-06-27,CA_1,HOBBIES,2879.0,8583.24
2011-07-04,CA_1,HOBBIES,2984.0,8276.05
2011-07-11,CA_1,HOBBIES,2818.0,8117.76
2011-07-18,CA_1,HOBBIES,3061.0,8307.85
2011-07-25,CA_1,HOBBIES,2710.0,8197.21
2011-08-01,CA_1,HOBBIES,3295.0,8677.41
2011-08-08,CA_1,HOBBIES,2969.0,7721.27
2011-08-15,CA_1,HOBBIES,2845.0,7180.14
2011-08-22,CA_1,HOBBIES,2777.0,6852.26
2011-08-29,CA_1,HOBBIES,3064.0,7253.2
2011-09-05,CA_1,HOBBIES,3080.0,7158.77
2011-09-12,CA_1,HOBBIES,2574.0,6321.94
2011-09-19,CA_1,HOBBIES,2913.0,6670.71
2011-09-26,CA_1,HOBBIES,3434.0,7291.02
2011-10-03,CA_1,HOBBIES,3074.0,7342.82
2011-10-10,CA_1,HOBBIES,3417.0,6970.47
2011-10-17,CA_1,HOBBIES,2936.0,6947.24
2011-10-24,CA_1,HOBBIES,2712.0,6678.61
2011-10-31,CA_1,HOBBIES,3113.0,7401.2
2011-11-07,CA_1,HOBBIES,2722.0,6327.23
2011-11-14,CA_1,HOBBIES,2670.0,6402.18
2011-11-21,CA_1,HOBBIES,2269.0,5304.72
2011-11-28,CA_1,HOBBIES,3268.0,7397.94
2011-12-05,CA_1,HOBBIES,2976.0,7392.16
2011-12-12,CA_1,HOBBIES,2754.0,7364.96
2011-12-19,CA_1,HOBBIES,2314.0,5844.93
2011-12-26,CA_1,HOBBIES,3011.0,7241.23
2012-01-02,CA_1,HOBBIES,3155.0,7312.57
2012-01-09,CA_1,HOBBIES,2954.0,6344.79
2012-01-16,CA_1,HOBBIES,2711.0,6640.68
2012-01-23,CA_1,HOBBIES,2757.0,6739.54
2012-01-30,CA_1,HOBBIES,3093.0,7844.83
2012-02-06,CA_1,HOBBIES,2706.0,7390.97
2012-02-13,CA_1,HOBBIES,2517.0,7464.87
2012-02-20,CA_1,HOBBIES,2660.0,7671.05
2012-02-27,CA_1,HOBBIES,3183.0,8024.57
2012-03-05,CA_1,HOBBIES,2909.0,7788.15
2012-03-12,CA_1,HOBBIES,2813.0,7701.64
2012-03-19,CA_1,HOBBIES,2855.0,8149.27
2012-03-26,CA_1,HOBBIES,2981.0,8515.2
2012-04-02,CA_1,HOBBIES,2759.0,7938.14
2012-04-09,CA_1,HOBBIES,3480.0,8788.42
2012-04-16,CA_1,HOBBIES,3169.0,7997.24
2012-04-23,CA_1,HOBBIES,2661.0,7978.0
2012-04-30,CA_1,HOBBIES,3384.0,8858.82
2012-05-07,CA_1,HOBBIES,2007.0,7449.87
2012-05-14,CA_1,HOBBIES,2061.0,7800.55
2012-05-21,CA_1,HOBBIES,2064.0,7736.9
2012-05-28,CA_1,HOBBIES,3455.0,9304.68
2012-06-04,CA_1,HOBBIES,3185.0,9002.53
2012-06-11,CA_1,HOBBIES,2917.0,8512.52
2012-06-18,CA_1,HOBBIES,3016.0,9372.97
2012-06-25,CA_1,HOBBIES,2890.0,9420.67
2012-07-02,CA_1,HOBBIES,2428.0,9648.98
2012-07-09,CA_1,HOBBIES,2955.0,9395.12
2012-07-16,CA_1,HOBBIES,3044.0,9939.83
2012-07-23,CA_1,HOBBIES,2122.0,8863.97
2012-07-30,CA_1,HOBBIES,2676.0,10450.77
2012-08-06,CA_1,HOBBIES,2222.0,9074.0
2012-08-13,CA_1,HOBBIES,2344.0,9528.25
2012-08-20,CA_1,HOBBIES,2266.0,9357.75
2012-08-27,CA_1,HOBBIES,2334.0,9694.71
2012-09-03,CA_1,HOBBIES,2197.0,8994.49
2012-09-10,CA_1,HOBBIES,2203.0,8728.79
2012-09-17,CA_1,HOBBIES,2378.0,8841.54
2012-09-24,CA_1,HOBBIES,2142.0,8957.71
2012-10-01,CA_1,HOBBIES,2383.0,9410.57
2012-10-08,CA_1,HOBBIES,2364.0,9523.45
2012-10-15,CA_1,HOBBIES,2321.0,8779.98
2012-10-22,CA_1,HOBBIES,2394.0,9069.3
2012-10-29,CA_1,HOBBIES,2259.0,9593.64
2012-11-05,CA_1,HOBBIES,2173.0,9108.46
2012-11-12,CA_1,HOBBIES,2049.0,9066.05
2012-11-19,CA_1,HOBBIES,1731.0,7758.43
2012-11-26,CA_1,HOBBIES,1945.0,8774.6
2012-12-03,CA_1,HOBBIES,2096.0,10090.89
2012-12-10,CA_1,HOBBIES,2097.0,9976.37
2012-12-17,CA_1,HOBBIES,2119.0,9575.09
2012-12-24,CA_1,HOBBIES,1647.0,8129.44
2012-12-31,CA_1,HOBBIES,1970.0,9900.04
2013-01-07,CA_1,HOBBIES,2057.0,9715.01
2013-01-14,CA_1,HOBBIES,1980.0,8988.29
2013-01-21,CA_1,HOBBIES,2869.0,10115.09
2013-01-28,CA_1,HOBBIES,3441.0,11168.39
2013-02-04,CA_1,HOBBIES,2430.0,10971.88
2013-02-11,CA_1,HOBBIES,3497.0,11504.98
2013-02-18,CA_1,HOBBIES,3379.0,12739.2
2013-02-25,CA_1,HOBBIES,3414.0,12564.34
2013-03-04,CA_1,HOBBIES,2373.0,11280.64
2013-03-11,CA_1,HOBBIES,3192.0,11401.71
2013-03-18,CA_1,HOBBIES,3052.0,10981.49
2013-03-25,CA_1,HOBBIES,2277.0,10700.55
2013-04-01,CA_1,HOBBIES,3965.0,12064.54
2013-04-08,CA_1,HOBBIES,3379.0,11332.84
2013-04-15,CA_1,HOBBIES,3249.0,10851.41
2013-04-22,CA_1,HOBBIES,3382.0,11246.61
2013-04-29,CA_1,HOBBIES,2353.0,9414.0
2013-05-06,CA_1,HOBBIES,3061.0,10122.49
2013-05-13,CA_1,HOBBIES,3188.0,11618.81
2013-05-20,CA_1,HOBBIES,3673.0,11428.34
2013-05-27,CA_1,HOBBIES,3602.0,12466.87
2013-06-03,CA_1,HOBBIES,3901.0,12528.98
2013-06-10,CA_1,HOBBIES,3460.0,11233.96
2013-06-17,CA_1,HOBBIES,3507.0,11369.43
2013-06-24,CA_1,HOBBIES,3238.0,11596.71
2013-07-01,CA_1,HOBBIES,3416.0,11940.63
2013-07-08,CA_1,HOBBIES,3208.0,12301.34
2013-07-15,CA_1,HOBBIES,3461.0,12279.12
2013-07-22,CA_1,HOBBIES,2932.0,11269.24
2013-07-29,CA_1,HOBBIES,3587.0,13654.45
2013-08-05,CA_1,HOBBIES,3322.0,12748.96
2013-08-12,CA_1,HOBBIES,3110.0,12998.95
2013-08-19,CA_1,HOBBIES,3254.0,12689.26
2013-08-26,CA_1,HOBBIES,3160.0,12268.97
2013-09-02,CA_1,HOBBIES,2183.0,11243.88
2013-09-09,CA_1,HOBBIES,3429.0,12979.01
2013-09-16,CA_1,HOBBIES,3246.0,11902.75
2013-09-23,CA_1,HOBBIES,3429.0,11749.55
2013-09-30,CA_1,HOBBIES,3923.0,13466.24
2013-10-07,CA_1,HOBBIES,3555.0,11943.25
2013-10-14,CA_1,HOBBIES,3553.0,12613.16
2013-10-21,CA_1,HOBBIES,3253.0,11141.29
2013-10-28,CA_1,HOBBIES,3567.0,12735.42
2013-11-04,CA_1,HOBBIES,3581.0,11492.64
2013-11-11,CA_1,HOBBIES,3669.0,12297.85
2013-11-18,CA_1,HOBBIES,3573.0,12810.65
2013-11-25,CA_1,HOBBIES,3086.0,10593.41
2013-12-02,CA_1,HOBBIES,4278.0,13057.38
2013-12-09,CA_1,HOBBIES,3791.0,13410.94
2013-12-16,CA_1,HOBBIES,3903.0,13556.84
2013-12-23,CA_1,HOBBIES,2788.0,10547.84
2013-12-30,CA_1,HOBBIES,3616.0,12542.62
2014-01-06,CA_1,HOBBIES,3413.0,12769.46
2014-01-13,CA_1,HOBBIES,3068.0,11588.16
2014-01-20,CA_1,HOBBIES,3237.0,11633.23
2014-01-27,CA_1,HOBBIES,3296.0,12201.67
2014-02-03,CA_1,HOBBIES,3249.0,11898.05
2014-02-10,CA_1,HOBBIES,3320.0,11463.57
2014-02-17,CA_1,HOBBIES,3055.0,11095.65
2014-02-24,CA_1,HOBBIES,3377.0,10663.01
2014-03-03,CA_1,HOBBIES,3201.0,11122.52
2014-03-10,CA_1,HOBBIES,3142.0,10114.73
2014-03-17,CA_1,HOBBIES,3133.0,11040.53
2014-03-24,CA_1,HOBBIES,3079.0,10978.86
2014-03-31,CA_1,HOBBIES,3538.0,12224.02
2014-04-07,CA_1,HOBBIES,3338.0,11031.13
2014-04-14,CA_1,HOBBIES,2888.0,11811.86
2014-04-21,CA_1,HOBBIES,3280.0,11376.51
2014-04-28,CA_1,HOBBIES,3209.0,10376.87
2014-05-05,CA_1,HOBBIES,3375.0,11103.46
2014-05-12,CA_1,HOBBIES,3091.0,11730.02
2014-05-19,CA_1,HOBBIES,3131.0,11304.27
2014-05-26,CA_1,HOBBIES,3513.0,12912.63
2014-06-02,CA_1,HOBBIES,3406.0,12305.1
2014-06-09,CA_1,HOBBIES,3133.0,11693.1
2014-06-16,CA_1,HOBBIES,3394.0,12336.54
2014-06-23,CA_1,HOBBIES,3477.0,12297.53
2014-06-30,CA_1,HOBBIES,3680.0,13474.42
2014-07-07,CA_1,HOBBIES,3187.0,12764.59
2014-07-14,CA_1,HOBBIES,3439.0,12385.3
2014-07-21,CA_1,HOBBIES,3107.0,11459.0
2014-07-28,CA_1,HOBBIES,3823.0,12779.07
2014-08-04,CA_1,HOBBIES,3535.0,12177.22
2014-08-11,CA_1,HOBBIES,3334.0,12353.28
2014-08-18,CA_1,HOBBIES,3215.0,12576.97
2014-08-25,CA_1,HOBBIES,3253.0,11925.04
2014-09-01,CA_1,HOBBIES,3430.0,13264.4
2014-09-08,CA_1,HOBBIES,3339.0,12557.9
2014-09-15,CA_1,HOBBIES,3168.0,12820.14
2014-09-22,CA_1,HOBBIES,2970.0,11237.29
2014-09-29,CA_1,HOBBIES,3398.0,12649.78
2014-10-06,CA_1,HOBBIES,3274.0,11635.87
2014-10-13,CA_1,HOBBIES,3567.0,12668.38
2014-10-20,CA_1,HOBBIES,3542.0,12893.33
2014-10-27,CA_1,HOBBIES,3995.0,13282.93
2014-11-03,CA_1,HOBBIES,3557.0,12656.79
2014-11-10,CA_1,HOBBIES,3551.0,13074.76
2014-11-17,CA_1,HOBBIES,3467.0,12715.18
2014-11-24,CA_1,HOBBIES,3077.0,11400.73
2014-12-01,CA_1,HOBBIES,3761.0,13864.66
2014-12-08,CA_1,HOBBIES,3593.0,13259.32
2014-12-15,CA_1,HOBBIES,3705.0,13916.77
2014-12-22,CA_1,HOBBIES,2788.0,11762.46
2014-12-29,CA_1,HOBBIES,3443.0,14128.07
2015-01-05,CA_1,HOBBIES,3340.0,13866.01
2015-01-12,CA_1,HOBBIES,3423.0,13367.68
2015-01-19,CA_1,HOBBIES,3331.0,13158.5
2015-01-26,CA_1,HOBBIES,3482.0,13875.92
2015-02-02,CA_1,HOBBIES,3498.0,14406.16
2015-02-09,CA_1,HOBBIES,3633.0,14599.87
2015-02-16,CA_1,HOBBIES,3465.0,14860.75
2015-02-23,CA_1,HOBBIES,4006.0,16322.85
2015-03-02,CA_1,HOBBIES,3792.0,16319.1
2015-03-09,CA_1,HOBBIES,3370.0,14994.54
2015-03-16,CA_1,HOBBIES,3730.0,14961.1
2015-03-23,CA_1,HOBBIES,3357.0,14804.37
2015-03-30,CA_1,HOBBIES,3839.0,16303.21
2015-04-06,CA_1,HOBBIES,3787.0,15603.05
2015-04-13,CA_1,HOBBIES,3774.0,15795.88
2015-04-20,CA_1,HOBBIES,3804.0,15788.09
2015-04-27,CA_1,HOBBIES,3509.0,14983.4
2015-05-04,CA_1,HOBBIES,3816.0,14800.38
2015-05-11,CA_1,HOBBIES,3943.0,15020.44
2015-05-18,CA_1,HOBBIES,3960.0,16979.5
2015-05-25,CA_1,HOBBIES,3729.0,15694.35
2015-06-01,CA_1,HOBBIES,3702.0,15551.43
2015-06-08,CA_1,HOBBIES,3329.0,14256.21
2015-06-15,CA_1,HOBBIES,3521.0,14672.34
2015-06-22,CA_1,HOBBIES,3791.0,15510.85
2015-06-29,CA_1,HOBBIES,4135.0,16748.31
2015-07-06,CA_1,HOBBIES,4140.0,16401.86
2015-07-13,CA_1,HOBBIES,4011.0,16129.58
2015-07-20,CA_1,HOBBIES,3684.0,15515.41
2015-07-27,CA_1,HOBBIES,4064.0,17141.96
2015-08-03,CA_1,HOBBIES,4193.0,17404.62
2015-08-10,CA_1,HOBBIES,4021.0,16480.21
2015-08-17,CA_1,HOBBIES,3897.0,16405.46
2015-08-24,CA_1,HOBBIES,3752.0,14798.56
2015-08-31,CA_1,HOBBIES,3913.0,17229.36
2015-09-07,CA_1,HOBBIES,3857.0,16642.76
2015-09-14,CA_1,HOBBIES,3930.0,16198.16
2015-09-21,CA_1,HOBBIES,3610.0,14886.99
2015-09-28,CA_1,HOBBIES,3983.0,17132.26
2015-10-05,CA_1,HOBBIES,3549.0,15265.12
2015-10-12,CA_1,HOBBIES,3873.0,15880.81
2015-10-19,CA_1,HOBBIES,4015.0,15769.8
2015-10-26,CA_1,HOBBIES,3894.0,17298.15
2015-11-02,CA_1,HOBBIES,4094.0,17327.89
2015-11-09,CA_1,HOBBIES,3787.0,18056.81
2015-11-16,CA_1,HOBBIES,4159.0,17478.38
2015-11-23,CA_1,HOBBIES,3336.0,15178.0
2015-11-30,CA_1,HOBBIES,4447.0,19495.29
2015-12-07,CA_1,HOBBIES,4178.0,18008.74
2015-12-14,CA_1,HOBBIES,4129.0,19167.25
2015-12-21,CA_1,HOBBIES,3389.0,16150.23
2015-12-28,CA_1,HOBBIES,3969.0,18085.39
2016-01-04,CA_1,HOBBIES,3590.0,16128.73
2016-01-11,CA_1,HOBBIES,3631.0,16068.5
2016-01-18,CA_1,HOBBIES,3699.0,16309.07
2016-01-25,CA_1,HOBBIES,3606.0,15847.8
2016-02-01,CA_1,HOBBIES,3784.0,16588.61
2016-02-08,CA_1,HOBBIES,3487.0,16036.13
2016-02-15,CA_1,HOBBIES,3850.0,16950.87
2016-02-22,CA_1,HOBBIES,3742.0,16449.73
2016-02-29,CA_1,HOBBIES,3770.0,17741.53
2016-03-07,CA_1,HOBBIES,3658.0,15314.06
2016-03-14,CA_1,HOBBIES,3389.0,16169.87
2016-03-21,CA_1,HOBBIES,3325.0,16136.73
2016-03-28,CA_1,HOBBIES,4170.0,17880.78
2016-04-04,CA_1,HOBBIES,3529.0,16503.0
2016-04-11,CA_1,HOBBIES,3633.0,16467.85
2016-04-18,CA_1,HOBBIES,3721.0,15902.33
2016-04-25,CA_1,HOBBIES,3802.0,16367.09
2016-05-02,CA_1,HOBBIES,3890.0,16568.65
2016-05-09,CA_1,HOBBIES,4212.0,17847.53
2016-05-16,CA_1,HOBBIES,3501.0,16251.87
2011-01-24,CA_1,HOUSEHOLD,1062.0,4496.51
2011-01-31,CA_1,HOUSEHOLD,3133.0,13597.63
2011-02-07,CA_1,HOUSEHOLD,2883.0,13426.62
2011-02-14,CA_1,HOUSEHOLD,2987.0,13763.7
2011-02-21,CA_1,HOUSEHOLD,3153.0,14251.67
2011-02-28,CA_1,HOUSEHOLD,3168.0,14230.91
2011-03-07,CA_1,HOUSEHOLD,3006.0,13747.76
2011-03-14,CA_1,HOUSEHOLD,3259.0,15207.98
2011-03-21,CA_1,HOUSEHOLD,3041.0,14405.67
2011-03-28,CA_1,HOUSEHOLD,3264.0,15357.21
2011-04-04,CA_1,HOUSEHOLD,3369.0,15182.8
2011-04-11,CA_1,HOUSEHOLD,3281.0,15209.98
2011-04-18,CA_1,HOUSEHOLD,3430.0,15948.57
2011-04-25,CA_1,HOUSEHOLD,3246.0,15265.13
2011-05-02,CA_1,HOUSEHOLD,3167.0,14076.76
2011-05-09,CA_1,HOUSEHOLD,3359.0,15437.3
2011-05-16,CA_1,HOUSEHOLD,3030.0,13800.72
2011-05-23,CA_1,HOUSEHOLD,2887.0,12947.24
2011-05-30,CA_1,HOUSEHOLD,3715.0,17039.14
2011-06-06,CA_1,HOUSEHOLD,3350.0,15566.59
2011-06-13,CA_1,HOUSEHOLD,3288.0,15172.28
2011-06-20,CA_1,HOUSEHOLD,3561.0,16285.01
2011-06-27,CA_1,HOUSEHOLD,3421.0,15717.23
2011-07-04,CA_1,HOUSEHOLD,3771.0,17144.72
2011-07-11,CA_1,HOUSEHOLD,3518.0,16363.59
2011-07-18,CA_1,HOUSEHOLD,3561.0,15736.29
2011-07-25,CA_1,HOUSEHOLD,3340.0,15158.41
2011-08-01,CA_1,HOUSEHOLD,3767.0,16679.15
2011-08-08,CA_1,HOUSEHOLD,3895.0,16731.43
2011-08-15,CA_1,HOUSEHOLD,3945.0,16932.69
2011-08-22,CA_1,HOUSEHOLD,3489.0,15560.8
2011-08-29,CA_1,HOUSEHOLD,3451.0,14548.87
2011-09-05,CA_1,HOUSEHOLD,3838.0,16886.49
2011-09-12,CA_1,HOUSEHOLD,3499.0,15437.48
2011-09-19,CA_1,HOUSEHOLD,3714.0,16260.57
2011-09-26,CA_1,HOUSEHOLD,3857.0,16697.48
2011-10-03,CA_1,HOUSEHOLD,3596.0,15043.59
2011-10-10,CA_1,HOUSEHOLD,3644.0,15403.46
2011-10-17,CA_1,HOUSEHOLD,3619.0,15423.83
2011-10-24,CA_1,HOUSEHOLD,3533.0,15185.03
2011-10-31,CA_1,HOUSEHOLD,3706.0,16105.75
2011-11-07,CA_1,HOUSEHOLD,3695.0,15607.48
2011-11-14,CA_1,HOUSEHOLD,3506.0,14870.57
2011-11-21,CA_1,HOUSEHOLD,3177.0,13764.76
2011-11-28,CA_1,HOUSEHOLD,3358.0,14766.06
2011-12-05,CA_1,HOUSEHOLD,3308.0,14666.5
2011-12-12,CA_1,HOUSEHOLD,3210.0,14499.12
2011-12-19,CA_1,HOUSEHOLD,2669.0,12198.29
2011-12-26,CA_1,HOUSEHOLD,3428.0,14486.43
2012-01-02,CA_1,HOUSEHOLD,4009.0,16655.54
2012-01-09,CA_1,HOUSEHOLD,3315.0,14265.05
2012-01-16,CA_1,HOUSEHOLD,3326.0,14551.78
2012-01-23,CA_1,HOUSEHOLD,3232.0,14571.76
2012-01-30,CA_1,HOUSEHOLD,3667.0,16475.99
2012-02-06,CA_1,HOUSEHOLD,3767.0,17572.85
2012-02-13,CA_1,HOUSEHOLD,3585.0,16641.69
2012-02-20,CA_1,HOUSEHOLD,3717.0,17233.29
2012-02-27,CA_1,HOUSEHOLD,3859.0,17461.08
2012-03-05,CA_1,HOUSEHOLD,4121.0,18105.87
2012-03-12,CA_1,HOUSEHOLD,4010.0,17551.53
2012-03-19,CA_1,HOUSEHOLD,3896.0,17280.4
2012-03-26,CA_1,HOUSEHOLD,3802.0,17190.73
2012-04-02,CA_1,HOUSEHOLD,3768.0,16631.1
2012-04-09,CA_1,HOUSEHOLD,3908.0,17503.85
2012-04-16,CA_1,HOUSEHOLD,3584.0,15784.47
2012-04-23,CA_1,HOUSEHOLD,3639.0,17007.01
2012-04-30,CA_1,HOUSEHOLD,3810.0,16625.34
2012-05-07,CA_1,HOUSEHOLD,3580.0,16680.18
2012-05-14,CA_1,HOUSEHOLD,3715.0,16328.57
2012-05-21,CA_1,HOUSEHOLD,3784.0,16502.58
2012-05-28,CA_1,HOUSEHOLD,4415.0,19316.55
2012-06-04,CA_1,HOUSEHOLD,4133.0,18252.27
2012-06-11,CA_1,HOUSEHOLD,4825.0,19526.92
2012-06-18,CA_1,HOUSEHOLD,4936.0,19615.78
2012-06-25,CA_1,HOUSEHOLD,5103.0,20269.58
2012-07-02,CA_1,HOUSEHOLD,5248.0,20921.47
2012-07-09,CA_1,HOUSEHOLD,5067.0,19841.1
2012-07-16,CA_1,HOUSEHOLD,4788.0,19431.33
2012-07-23,CA_1,HOUSEHOLD,4570.0,19406.22
2012-07-30,CA_1,HOUSEHOLD,5138.0,20814.49
2012-08-06,CA_1,HOUSEHOLD,4933.0,20249.99
2012-08-13,CA_1,HOUSEHOLD,5062.0,21089.42
2012-08-20,CA_1,HOUSEHOLD,5109.0,20864.89
2012-08-27,CA_1,HOUSEHOLD,4672.0,19017.15
2012-09-03,CA_1,HOUSEHOLD,5173.0,20471.03
2012-09-10,CA_1,HOUSEHOLD,4828.0,19164.36
2012-09-17,CA_1,HOUSEHOLD,5084.0,20690.83
2012-09-24,CA_1,HOUSEHOLD,4471.0,18422.28
2012-10-01,CA_1,HOUSEHOLD,4790.0,19028.72
2012-10-08,CA_1,HOUSEHOLD,4607.0,19019.5
2012-10-15,CA_1,HOUSEHOLD,4665.0,19023.64
2012-10-22,CA_1,HOUSEHOLD,4143.0,16805.2
2012-10-29,CA_1,HOUSEHOLD,4773.0,19749.18
2012-11-05,CA_1,HOUSEHOLD,4403.0,18859.89
2012-11-12,CA_1,HOUSEHOLD,4358.0,17912.43
2012-11-19,CA_1,HOUSEHOLD,3660.0,15762.39
2012-11-26,CA_1,HOUSEHOLD,4031.0,17231.35
2012-12-03,CA_1,HOUSEHOLD,4204.0,17694.97
2012-12-10,CA_1,HOUSEHOLD,4184.0,17768.26
2012-12-17,CA_1,HOUSEHOLD,3854.0,17150.76
2012-12-24,CA_1,HOUSEHOLD,4116.0,16079.81
2012-12-31,CA_1,HOUSEHOLD,5500.0,19058.25
2013-01-07,CA_1,HOUSEHOLD,4262.0,16904.77
2013-01-14,CA_1,HOUSEHOLD,4415.0,17413.72
2013-01-21,CA_1,HOUSEHOLD,4559.0,19048.51
2013-01-28,CA_1,HOUSEHOLD,4141.0,17374.19
2013-02-04,CA_1,HOUSEHOLD,4891.0,20392.58
2013-02-11,CA_1,HOUSEHOLD,5036.0,19874.14
2013-02-18,CA_1,HOUSEHOLD,5317.0,20771.7
2013-02-25,CA_1,HOUSEHOLD,5195.0,21329.69
2013-03-04,CA_1,HOUSEHOLD,4747.0,18853.56
2013-03-11,CA_1,HOUSEHOLD,5230.0,20214.88
2013-03-18,CA_1,HOUSEHOLD,5232.0,20675.83
2013-03-25,CA_1,HOUSEHOLD,5381.0,20912.46
2013-04-01,CA_1,HOUSEHOLD,6063.0,22526.3
2013-04-08,CA_1,HOUSEHOLD,5920.0,22101.43
2013-04-15,CA_1,HOUSEHOLD,5350.0,22004.98
2013-04-22,CA_1,HOUSEHOLD,5266.0,21811.03
2013-04-29,CA_1,HOUSEHOLD,5870.0,23794.5
2013-05-06,CA_1,HOUSEHOLD,5587.0,22307.19
2013-05-13,CA_1,HOUSEHOLD,6072.0,23149.14
2013-05-20,CA_1,HOUSEHOLD,5630.0,22436.85
2013-05-27,CA_1,HOUSEHOLD,6291.0,24926.51
2013-06-03,CA_1,HOUSEHOLD,6191.0,23821.22
2013-06-10,CA_1,HOUSEHOLD,5605.0,22433.83
2013-06-17,CA_1,HOUSEHOLD,5958.0,24024.26
2013-06-24,CA_1,HOUSEHOLD,5897.0,23318.64
2013-07-01,CA_1,HOUSEHOLD,6116.0,24463.2
2013-07-08,CA_1,HOUSEHOLD,6151.0,24593.34
2013-07-15,CA_1,HOUSEHOLD,6214.0,23630.85
2013-07-22,CA_1,HOUSEHOLD,5879.0,22578.07
2013-07-29,CA_1,HOUSEHOLD,5990.0,23840.41
2013-08-05,CA_1,HOUSEHOLD,5848.0,24382.06
2013-08-12,CA_1,HOUSEHOLD,5339.0,22477.22
2013-08-19,CA_1,HOUSEHOLD,6090.0,23480.76
2013-08-26,CA_1,HOUSEHOLD,5820.0,22917.93
2013-09-02,CA_1,HOUSEHOLD,6103.0,23919.18
2013-09-09,CA_1,HOUSEHOLD,5649.0,23421.85
2013-09-16,CA_1,HOUSEHOLD,5844.0,23825.48
2013-09-23,CA_1,HOUSEHOLD,5411.0,22219.31
2013-09-30,CA_1,HOUSEHOLD,6035.0,24213.32
2013-10-07,CA_1,HOUSEHOLD,5614.0,23193.39
2013-10-14,CA_1,HOUSEHOLD,5445.0,23042.75
2013-10-21,CA_1,HOUSEHOLD,5275.0,22354.39
2013-10-28,CA_1,HOUSEHOLD,5658.0,23454.85
2013-11-04,CA_1,HOUSEHOLD,5281.0,21845.39
2013-11-11,CA_1,HOUSEHOLD,5350.0,22319.35
2013-11-18,CA_1,HOUSEHOLD,5112.0,21392.67
2013-11-25,CA_1,HOUSEHOLD,4678.0,19546.67
2013-12-02,CA_1,HOUSEHOLD,5272.0,22778.77
2013-12-09,CA_1,HOUSEHOLD,4910.0,21001.64
2013-12-16,CA_1,HOUSEHOLD,4923.0,21539.74
2013-12-23,CA_1,HOUSEHOLD,4274.0,18475.04
2013-12-30,CA_1,HOUSEHOLD,4922.0,20746.86
2014-01-06,CA_1,HOUSEHOLD,4842.0,20168.0
2014-01-13,CA_1,HOUSEHOLD,4814.0,20043.1
2014-01-20,CA_1,HOUSEHOLD,4950.0,20625.96
2014-01-27,CA_1,HOUSEHOLD,5068.0,21202.81
2014-02-03,CA_1,HOUSEHOLD,5638.0,22562.83
2014-02-10,CA_1,HOUSEHOLD,5352.0,22089.84
2014-02-17,CA_1,HOUSEHOLD,5118.0,21749.26
2014-02-24,CA_1,HOUSEHOLD,5642.0,24006.96
2014-03-03,CA_1,HOUSEHOLD,5486.0,22451.21
2014-03-10,CA_1,HOUSEHOLD,5151.0,22913.67
2014-03-17,CA_1,HOUSEHOLD,5410.0,22579.98
2014-03-24,CA_1,HOUSEHOLD,5423.0,22992.73
2014-03-31,CA_1,HOUSEHOLD,5887.0,25262.68
2014-04-07,CA_1,HOUSEHOLD,5613.0,23659.76
2014-04-14,CA_1,HOUSEHOLD,5659.0,22424.05
2014-04-21,CA_1,HOUSEHOLD,5852.0,24215.25
2014-04-28,CA_1,HOUSEHOLD,5965.0,25105.74
2014-05-05,CA_1,HOUSEHOLD,5276.0,22317.82
2014-05-12,CA_1,HOUSEHOLD,5665.0,24463.15
2014-05-19,CA_1,HOUSEHOLD,5113.0,21095.69
2014-05-26,CA_1,HOUSEHOLD,6086.0,26046.41
2014-06-02,CA_1,HOUSEHOLD,5996.0,25353.67
2014-06-09,CA_1,HOUSEHOLD,5841.0,24267.56
2014-06-16,CA_1,HOUSEHOLD,6378.0,26753.31
2014-06-23,CA_1,HOUSEHOLD,5819.0,23882.44
2014-06-30,CA_1,HOUSEHOLD,6469.0,27191.15
2014-07-07,CA_1,HOUSEHOLD,6457.0,27254.12
2014-07-14,CA_1,HOUSEHOLD,6310.0,25143.98
2014-07-21,CA_1,HOUSEHOLD,5875.0,23940.9
2014-07-28,CA_1,HOUSEHOLD,6603.0,26954.94
2014-08-04,CA_1,HOUSEHOLD,6563.0,26172.95
2014-08-11,CA_1,HOUSEHOLD,6459.0,25843.68
2014-08-18,CA_1,HOUSEHOLD,6569.0,27168.59
2014-08-25,CA_1,HOUSEHOLD,6129.0,24818.38
2014-09-01,CA_1,HOUSEHOLD,6727.0,28468.91
2014-09-08,CA_1,HOUSEHOLD,5826.0,24557.06
2014-09-15,CA_1,HOUSEHOLD,6258.0,26514.24
2014-09-22,CA_1,HOUSEHOLD,5793.0,24543.22
2014-09-29,CA_1,HOUSEHOLD,6756.0,28026.39
2014-10-06,CA_1,HOUSEHOLD,6217.0,26058.83
2014-10-13,CA_1,HOUSEHOLD,6184.0,25741.09
2014-10-20,CA_1,HOUSEHOLD,6022.0,25294.32
2014-10-27,CA_1,HOUSEHOLD,5935.0,25526.51
2014-11-03,CA_1,HOUSEHOLD,6146.0,24992.26
2014-11-10,CA_1,HOUSEHOLD,5627.0,23233.41
2014-11-17,CA_1,HOUSEHOLD,5695.0,24741.36
2014-11-24,CA_1,HOUSEHOLD,5388.0,23628.66
2014-12-01,CA_1,HOUSEHOLD,6130.0,27211.19
2014-12-08,CA_1,HOUSEHOLD,5510.0,23677.74
2014-12-15,CA_1,HOUSEHOLD,5410.0,23551.04
2014-12-22,CA_1,HOUSEHOLD,4945.0,20612.77
2014-12-29,CA_1,HOUSEHOLD,5898.0,24919.08
2015-01-05,CA_1,HOUSEHOLD,5420.0,23187.42
2015-01-12,CA_1,HOUSEHOLD,5557.0,22360.59
2015-01-19,CA_1,HOUSEHOLD,6129.0,24541.37
2015-01-26,CA_1,HOUSEHOLD,5766.0,22429.3
2015-02-02,CA_1,HOUSEHOLD,6512.0,25355.72
2015-02-09,CA_1,HOUSEHOLD,6135.0,24294.17
2015-02-16,CA_1,HOUSEHOLD,6346.0,26178.13
2015-02-23,CA_1,HOUSEHOLD,6252.0,26509.51
2015-03-02,CA_1,HOUSEHOLD,6582.0,27317.85
2015-03-09,CA_1,HOUSEHOLD,6516.0,26113.81
2015-03-16,CA_1,HOUSEHOLD,6540.0,27255.84
2015-03-23,CA_1,HOUSEHOLD,5993.0,25184.37
2015-03-30,CA_1,HOUSEHOLD,7001.0,28561.44
2015-04-06,CA_1,HOUSEHOLD,6555.0,27591.62
2015-04-13,CA_1,HOUSEHOLD,6748.0,27082.22
2015-04-20,CA_1,HOUSEHOLD,6919.0,28040.14
2015-04-27,CA_1,HOUSEHOLD,6661.0,27564.25
2015-05-04,CA_1,HOUSEHOLD,6472.0,27186.05
2015-05-11,CA_1,HOUSEHOLD,6675.0,28081.38
2015-05-18,CA_1,HOUSEHOLD,6602.0,26674.72
2015-05-25,CA_1,HOUSEHOLD,6885.0,27915.45
2015-06-01,CA_1,HOUSEHOLD,7233.0,28826.21
2015-06-08,CA_1,HOUSEHOLD,6889.0,27202.85
2015-06-15,CA_1,HOUSEHOLD,6952.0,28647.29
2015-06-22,CA_1,HOUSEHOLD,7112.0,28197.41
2015-06-29,CA_1,HOUSEHOLD,7270.0,28902.23
2015-07-06,CA_1,HOUSEHOLD,7481.0,30462.91
2015-07-13,CA_1,HOUSEHOLD,7485.0,29494.81
2015-07-20,CA_1,HOUSEHOLD,7093.0,28260.54
2015-07-27,CA_1,HOUSEHOLD,7839.0,30898.87
2015-08-03,CA_1,HOUSEHOLD,7816.0,31833.28
2015-08-10,CA_1,HOUSEHOLD,7449.0,30296.4
2015-08-17,CA_1,HOUSEHOLD,7607.0,30981.09
2015-08-24,CA_1,HOUSEHOLD,7034.0,28250.96
2015-08-31,CA_1,HOUSEHOLD,7375.0,29421.85
2015-09-07,CA_1,HOUSEHOLD,7366.0,29722.97
2015-09-14,CA_1,HOUSEHOLD,7173.0,28741.36
2015-09-21,CA_1,HOUSEHOLD,7226.0,29341.49
2015-09-28,CA_1,HOUSEHOLD,7365.0,29959.74
2015-10-05,CA_1,HOUSEHOLD,7315.0,28918.09
2015-10-12,CA_1,HOUSEHOLD,7360.0,29598.57
2015-10-19,CA_1,HOUSEHOLD,6935.0,27670.79
2015-10-26,CA_1,HOUSEHOLD,6982.0,28039.75
2015-11-02,CA_1,HOUSEHOLD,7174.0,28512.46
2015-11-09,CA_1,HOUSEHOLD,6628.0,27828.61
2015-11-16,CA_1,HOUSEHOLD,6867.0,28067.53
2015-11-23,CA_1,HOUSEHOLD,5991.0,24706.68
2015-11-30,CA_1,HOUSEHOLD,7097.0,29596.88
2015-12-07,CA_1,HOUSEHOLD,6480.0,27202.18
2015-12-14,CA_1,HOUSEHOLD,6713.0,27730.21
2015-12-21,CA_1,HOUSEHOLD,5403.0,22865.2
2015-12-28,CA_1,HOUSEHOLD,6950.0,28793.1
2016-01-04,CA_1,HOUSEHOLD,6882.0,27217.62
2016-01-11,CA_1,HOUSEHOLD,6540.0,25873.85
2016-01-18,CA_1,HOUSEHOLD,6853.0,26881.91
2016-01-25,CA_1,HOUSEHOLD,6733.0,27026.72
2016-02-01,CA_1,HOUSEHOLD,6825.0,26775.49
2016-02-08,CA_1,HOUSEHOLD,6624.0,26753.64
2016-02-15,CA_1,HOUSEHOLD,7239.0,28816.56
2016-02-22,CA_1,HOUSEHOLD,6880.0,28183.13
2016-02-29,CA_1,HOUSEHOLD,7302.0,29264.51
2016-03-07,CA_1,HOUSEHOLD,6769.0,27211.26
2016-03-14,CA_1,HOUSEHOLD,7050.0,28129.61
2016-03-21,CA_1,HOUSEHOLD,6508.0,26633.38
2016-03-28,CA_1,HOUSEHOLD,7299.0,29808.49
2016-04-04,CA_1,HOUSEHOLD,7358.0,30186.94
2016-04-11,CA_1,HOUSEHOLD,6717.0,27274.44
2016-04-18,CA_1,HOUSEHOLD,6860.0,29366.22
2016-04-25,CA_1,HOUSEHOLD,7014.0,30010.91
2016-05-02,CA_1,HOUSEHOLD,6846.0,28955.15
2016-05-09,CA_1,HOUSEHOLD,7066.0,30603.85
2016-05-16,CA_1,HOUSEHOLD,6868.0,29615.24
2011-01-24,CA_2,FOODS,4114.0,8885.7
2011-01-31,CA_2,FOODS,11598.0,23862.79
2011-02-07,CA_2,FOODS,11335.0,26824.29
2011-02-14,CA_2,FOODS,9307.0,22098.38
2011-02-21,CA_2,FOODS,9918.0,23351.1
2011-02-28,CA_2,FOODS,10516.0,24673.72
2011-03-07,CA_2,FOODS,9822.0,23422.33
2011-03-14,CA_2,FOODS,9959.0,23385.2
2011-03-21,CA_2,FOODS,9884.0,23198.54
2011-03-28,CA_2,FOODS,10915.0,23748.06
2011-04-04,CA_2,FOODS,10748.0,24212.17
2011-04-11,CA_2,FOODS,9723.0,22030.75
2011-04-18,CA_2,FOODS,9853.0,22718.29
2011-04-25,CA_2,FOODS,8824.0,20654.09
2011-05-02,CA_2,FOODS,8923.0,21290.32
2011-05-09,CA_2,FOODS,9232.0,21781.14
2011-05-16,CA_2,FOODS,8195.0,19835.08
2011-05-23,CA_2,FOODS,8841.0,21202.33
2011-05-30,CA_2,FOODS,9116.0,21553.04
2011-06-06,CA_2,FOODS,9825.0,23195.94
2011-06-13,CA_2,FOODS,9777.0,23629.62
2011-06-20,CA_2,FOODS,10304.0,24360.41
2011-06-27,CA_2,FOODS,10573.0,24340.6
2011-07-04,CA_2,FOODS,11010.0,26016.87
2011-07-11,CA_2,FOODS,9925.0,24207.11
2011-07-18,CA_2,FOODS,10413.0,24857.44
2011-07-25,CA_2,FOODS,10103.0,24100.41
2011-08-01,CA_2,FOODS,9749.0,23097.8
2011-08-08,CA_2,FOODS,10650.0,25083.63
2011-08-15,CA_2,FOODS,10442.0,25724.51
2011-08-22,CA_2,FOODS,10501.0,25593.89
2011-08-29,CA_2,FOODS,10048.0,24536.92
2011-09-05,CA_2,FOODS,10275.0,24761.19
2011-09-12,CA_2,FOODS,10174.0,23795.81
2011-09-19,CA_2,FOODS,11608.0,26190.13
2011-09-26,CA_2,FOODS,11684.0,25946.01
2011-10-03,CA_2,FOODS,11321.0,25739.66
2011-10-10,CA_2,FOODS,11646.0,26682.58
2011-10-17,CA_2,FOODS,10906.0,24592.29
2011-10-24,CA_2,FOODS,10854.0,25060.84
2011-10-31,CA_2,FOODS,10874.0,24376.21
2011-11-07,CA_2,FOODS,11567.0,25468.75
2011-11-14,CA_2,FOODS,10853.0,24262.9
2011-11-21,CA_2,FOODS,10389.0,23107.35
2011-11-28,CA_2,FOODS,11474.0,25935.68
2011-12-05,CA_2,FOODS,11697.0,26462.11
2011-12-12,CA_2,FOODS,12727.0,28669.41
2011-12-19,CA_2,FOODS,10562.0,24921.55
2011-12-26,CA_2,FOODS,10756.0,24197.36
2012-01-02,CA_2,FOODS,11506.0,26299.07
2012-01-09,CA_2,FOODS,11179.0,25936.74
2012-01-16,CA_2,FOODS,11741.0,27641.11
2012-01-23,CA_2,FOODS,11653.0,26938.35
2012-01-30,CA_2,FOODS,12018.0,28640.15
2012-02-06,CA_2,FOODS,12679.0,29423.05
2012-02-13,CA_2,FOODS,11535.0,27813.82
2012-02-20,CA_2,FOODS,11900.0,27618.74
2012-02-27,CA_2,FOODS,12315.0,28574.19
2012-03-05,CA_2,FOODS,12811.0,29912.64
2012-03-12,CA_2,FOODS,11856.0,28275.61
2012-03-19,CA_2,FOODS,12043.0,27757.36
2012-03-26,CA_2,FOODS,12247.0,28655.5
2012-04-02,CA_2,FOODS,13737.0,31786.06
2012-04-09,CA_2,FOODS,12314.0,28190.11
2012-04-16,CA_2,FOODS,12093.0,28282.87
2012-04-23,CA_2,FOODS,12187.0,28423.39
2012-04-30,CA_2,FOODS,13343.0,30615.3
2012-05-07,CA_2,FOODS,13511.0,30445.87
2012-05-14,CA_2,FOODS,13115.0,30317.65
2012-05-21,CA_2,FOODS,11784.0,28110.67
2012-05-28,CA_2,FOODS,13729.0,32230.65
2012-06-04,CA_2,FOODS,12952.0,31028.06
2012-06-11,CA_2,FOODS,14013.0,32582.65
2012-06-18,CA_2,FOODS,13589.0,31627.8
2012-06-25,CA_2,FOODS,12434.0,29229.83
2012-07-02,CA_2,FOODS,13210.0,30176.74
2012-07-09,CA_2,FOODS,13413.0,31480.19
2012-07-16,CA_2,FOODS,13237.0,31167.94
2012-07-23,CA_2,FOODS,12715.0,29671.52
2012-07-30,CA_2,FOODS,12885.0,29572.39
2012-08-06,CA_2,FOODS,13780.0,32779.12
2012-08-13,CA_2,FOODS,14223.0,34010.03
2012-08-20,CA_2,FOODS,14098.0,33348.49
2012-08-27,CA_2,FOODS,13017.0,30624.46
2012-09-03,CA_2,FOODS,13204.0,31361.94
2012-09-10,CA_2,FOODS,12890.0,29893.43
2012-09-17,CA_2,FOODS,12213.0,29087.75
2012-09-24,CA_2,FOODS,12539.0,30260.3
2012-10-01,CA_2,FOODS,12475.0,29089.8
2012-10-08,CA_2,FOODS,12315.0,29540.15
2012-10-15,CA_2,FOODS,11204.0,26555.86
2012-10-22,CA_2,FOODS,11127.0,26762.23
2012-10-29,CA_2,FOODS,12033.0,28323.91
2012-11-05,CA_2,FOODS,11368.0,27557.81
2012-11-12,CA_2,FOODS,11066.0,27116.94
2012-11-19,CA_2,FOODS,9845.0,24025.77
2012-11-26,CA_2,FOODS,10500.0,25373.38
2012-12-03,CA_2,FOODS,11963.0,29325.44
2012-12-10,CA_2,FOODS,11822.0,29159.34
2012-12-17,CA_2,FOODS,12403.0,29609.4
2012-12-24,CA_2,FOODS,9700.0,22762.38
2012-12-31,CA_2,FOODS,11808.0,28368.2
2013-01-07,CA_2,FOODS,12115.0,29558.53
2013-01-14,CA_2,FOODS,11676.0,28935.23
2013-01-21,CA_2,FOODS,11245.0,27450.86
2013-01-28,CA_2,FOODS,11966.0,28517.38
2013-02-04,CA_2,FOODS,11570.0,27885.35
2013-02-11,CA_2,FOODS,11789.0,27645.05
2013-02-18,CA_2,FOODS,12763.0,29368.0
2013-02-25,CA_2,FOODS,12766.0,29699.33
2013-03-04,CA_2,FOODS,12555.0,28984.49
2013-03-11,CA_2,FOODS,11956.0,27340.16
2013-03-18,CA_2,FOODS,11485.0,26497.05
2013-03-25,CA_2,FOODS,12445.0,28145.91
2013-04-01,CA_2,FOODS,12299.0,27509.87
2013-04-08,CA_2,FOODS,12062.0,27531.84
2013-04-15,CA_2,FOODS,12195.0,27374.75
2013-04-22,CA_2,FOODS,11653.0,26570.0
2013-04-29,CA_2,FOODS,13156.0,29198.16
2013-05-06,CA_2,FOODS,11928.0,27146.58
2013-05-13,CA_2,FOODS,12150.0,27939.9
2013-05-20,CA_2,FOODS,12703.0,28442.93
2013-05-27,CA_2,FOODS,13300.0,29949.35
2013-06-03,CA_2,FOODS,14067.0,31925.52
2013-06-10,CA_2,FOODS,13148.0,30049.68
2013-06-17,CA_2,FOODS,13208.0,29525.44
2013-06-24,CA_2,FOODS,14971.0,32413.28
2013-07-01,CA_2,FOODS,14890.0,32337.1
2013-07-08,CA_2,FOODS,13727.0,31042.07
2013-07-15,CA_2,FOODS,13671.0,31002.51
2013-07-22,CA_2,FOODS,13995.0,31577.88
2013-07-29,CA_2,FOODS,13811.0,31356.4
2013-08-05,CA_2,FOODS,13947.0,30895.99
2013-08-12,CA_2,FOODS,14234.0,31777.68
2013-08-19,CA_2,FOODS,14892.0,32405.66
2013-08-26,CA_2,FOODS,14990.0,32351.07
2013-09-02,CA_2,FOODS,16134.0,35024.4
2013-09-09,CA_2,FOODS,14593.0,33040.21
2013-09-16,CA_2,FOODS,13465.0,30124.08
2013-09-23,CA_2,FOODS,13455.0,31288.75
2013-09-30,CA_2,FOODS,13844.0,31778.93
2013-10-07,CA_2,FOODS,13248.0,31641.47
2013-10-14,CA_2,FOODS,13395.0,33046.71
2013-10-21,CA_2,FOODS,12314.0,30153.49
2013-10-28,CA_2,FOODS,13200.0,32248.64
2013-11-04,CA_2,FOODS,11704.0,28016.99
2013-11-11,CA_2,FOODS,12230.0,29156.08
2013-11-18,CA_2,FOODS,11312.0,27631.48
2013-11-25,CA_2,FOODS,9906.0,24918.16
2013-12-02,CA_2,FOODS,12297.0,30076.72
2013-12-09,CA_2,FOODS,11779.0,29426.76
2013-12-16,CA_2,FOODS,11865.0,29140.33
2013-12-23,CA_2,FOODS,9786.0,23050.44
2013-12-30,CA_2,FOODS,11514.0,26542.11
2014-01-06,CA_2,FOODS,11808.0,28119.6
2014-01-13,CA_2,FOODS,11971.0,28177.25
2014-01-20,CA_2,FOODS,12026.0,28998.71
2014-01-27,CA_2,FOODS,11667.0,28287.89
2014-02-03,CA_2,FOODS,12318.0,30168.75
2014-02-10,CA_2,FOODS,12025.0,30019.68
2014-02-17,CA_2,FOODS,12278.0,30416.83
2014-02-24,CA_2,FOODS,12090.0,30137.96
2014-03-03,CA_2,FOODS,12534.0,30630.83
2014-03-10,CA_2,FOODS,12325.0,30839.38
2014-03-17,CA_2,FOODS,12532.0,30595.51
2014-03-24,CA_2,FOODS,12536.0,30301.3
2014-03-31,CA_2,FOODS,12926.0,31094.02
2014-04-07,CA_2,FOODS,13167.0,32825.03
2014-04-14,CA_2,FOODS,13341.0,32678.37
2014-04-21,CA_2,FOODS,12717.0,31727.64
2014-04-28,CA_2,FOODS,12473.0,31365.69
2014-05-05,CA_2,FOODS,11833.0,29496.98
2014-05-12,CA_2,FOODS,11755.0,29050.53
2014-05-19,CA_2,FOODS,11865.0,29625.87
2014-05-26,CA_2,FOODS,11829.0,29397.33
2014-06-02,CA_2,FOODS,12690.0,31218.31
2014-06-09,CA_2,FOODS,11670.0,29038.36
2014-06-16,CA_2,FOODS,12838.0,29700.56
2014-06-23,CA_2,FOODS,12419.0,29161.48
2014-06-30,CA_2,FOODS,12993.0,30596.14
2014-07-07,CA_2,FOODS,12721.0,30441.99
2014-07-14,CA_2,FOODS,12482.0,29637.18
2014-07-21,CA_2,FOODS,11991.0,28876.1
2014-07-28,CA_2,FOODS,11879.0,29509.37
2014-08-04,CA_2,FOODS,12146.0,29612.9
2014-08-11,CA_2,FOODS,12643.0,30397.89
2014-08-18,CA_2,FOODS,12419.0,31177.79
2014-08-25,CA_2,FOODS,11678.0,29376.88
2014-09-01,CA_2,FOODS,12098.0,31019.38
2014-09-08,CA_2,FOODS,12087.0,30328.84
2014-09-15,CA_2,FOODS,13182.0,32542.51
2014-09-22,CA_2,FOODS,11298.0,28342.57
2014-09-29,CA_2,FOODS,11575.0,29611.68
2014-10-06,CA_2,FOODS,9715.0,25447.95
2014-10-13,CA_2,FOODS,9513.0,25379.05
2014-10-20,CA_2,FOODS,9479.0,25481.48
2014-10-27,CA_2,FOODS,10270.0,27893.64
2014-11-03,CA_2,FOODS,9813.0,26944.89
2014-11-10,CA_2,FOODS,10357.0,27953.58
2014-11-17,CA_2,FOODS,10211.0,26958.74
2014-11-24,CA_2,FOODS,9819.0,24717.63
2014-12-01,CA_2,FOODS,10951.0,28805.23
2014-12-08,CA_2,FOODS,11050.0,29092.45
2014-12-15,CA_2,FOODS,10940.0,28328.92
2014-12-22,CA_2,FOODS,8808.0,23404.23
2014-12-29,CA_2,FOODS,10313.0,26662.19
2015-01-05,CA_2,FOODS,10729.0,28705.66
2015-01-12,CA_2,FOODS,11174.0,28448.53
2015-01-19,CA_2,FOODS,9441.0,23601.96
2015-01-26,CA_2,FOODS,9457.0,24474.22
2015-02-02,CA_2,FOODS,9652.0,24997.95
2015-02-09,CA_2,FOODS,9119.0,24231.4
2015-02-16,CA_2,FOODS,8418.0,22203.38
2015-02-23,CA_2,FOODS,8782.0,22615.62
2015-03-02,CA_2,FOODS,8827.0,23044.53
2015-03-09,CA_2,FOODS,9153.0,23524.61
2015-03-16,CA_2,FOODS,8981.0,23245.9
2015-03-23,CA_2,FOODS,8830.0,22716.04
2015-03-30,CA_2,FOODS,9663.0,25052.8
2015-04-06,CA_2,FOODS,8778.0,23574.15
2015-04-13,CA_2,FOODS,8541.0,23532.82
2015-04-20,CA_2,FOODS,8836.0,23260.31
2015-04-27,CA_2,FOODS,9801.0,25374.07
2015-05-04,CA_2,FOODS,8420.0,22549.16
2015-05-11,CA_2,FOODS,8964.0,23388.84
2015-05-18,CA_2,FOODS,8909.0,24382.88
2015-05-25,CA_2,FOODS,11303.0,30353.8
2015-06-01,CA_2,FOODS,14182.0,36244.59
2015-06-08,CA_2,FOODS,15100.0,38676.98
2015-06-15,CA_2,FOODS,15101.0,38223.47
2015-06-22,CA_2,FOODS,15572.0,38744.47
2015-06-29,CA_2,FOODS,16707.0,40880.87
2015-07-06,CA_2,FOODS,17059.0,43645.02
2015-07-13,CA_2,FOODS,17377.0,43012.62
2015-07-20,CA_2,FOODS,16665.0,42526.03
2015-07-27,CA_2,FOODS,16916.0,43407.77
2015-08-03,CA_2,FOODS,17896.0,45570.17
2015-08-10,CA_2,FOODS,18902.0,47092.09
2015-08-17,CA_2,FOODS,18063.0,46524.14
2015-08-24,CA_2,FOODS,17703.0,45847.06
2015-08-31,CA_2,FOODS,17982.0,45918.88
2015-09-07,CA_2,FOODS,19797.0,49891.04
2015-09-14,CA_2,FOODS,18490.0,48221.25
2015-09-21,CA_2,FOODS,18832.0,49246.34
2015-09-28,CA_2,FOODS,19504.0,50713.79
2015-10-05,CA_2,FOODS,19127.0,51258.8
2015-10-12,CA_2,FOODS,18574.0,49280.41
2015-10-19,CA_2,FOODS,18172.0,49364.05
2015-10-26,CA_2,FOODS,18780.0,50588.85
2015-11-02,CA_2,FOODS,17202.0,47203.97
2015-11-09,CA_2,FOODS,17766.0,49144.33
2015-11-16,CA_2,FOODS,17019.0,47486.96
2015-11-23,CA_2,FOODS,15970.0,43584.29
2015-11-30,CA_2,FOODS,17863.0,49490.75
2015-12-07,CA_2,FOODS,16346.0,46399.16
2015-12-14,CA_2,FOODS,17912.0,49559.82
2015-12-21,CA_2,FOODS,15351.0,42388.68
2015-12-28,CA_2,FOODS,18204.0,49427.82
2016-01-04,CA_2,FOODS,18990.0,52266.68
2016-01-11,CA_2,FOODS,18478.0,50397.28
2016-01-18,CA_2,FOODS,18944.0,52586.99
2016-01-25,CA_2,FOODS,18598.0,51452.86
2016-02-01,CA_2,FOODS,18580.0,51926.88
2016-02-08,CA_2,FOODS,19558.0,52677.66
2016-02-15,CA_2,FOODS,20206.0,54874.35
2016-02-22,CA_2,FOODS,18901.0,51148.14
2016-02-29,CA_2,FOODS,19531.0,53953.92
2016-03-07,CA_2,FOODS,20521.0,54991.53
2016-03-14,CA_2,FOODS,15088.0,41283.2
2016-03-21,CA_2,FOODS,20942.0,56153.07
2016-03-28,CA_2,FOODS,20539.0,56658.83
2016-04-04,CA_2,FOODS,20991.0,58930.63
2016-04-11,CA_2,FOODS,19755.0,54170.04
2016-04-18,CA_2,FOODS,20445.0,56410.68
2016-04-25,CA_2,FOODS,20560.0,56244.44
2016-05-02,CA_2,FOODS,22023.0,61215.59
2016-05-09,CA_2,FOODS,21919.0,60799.13
2016-05-16,CA_2,FOODS,22716.0,63118.64
2011-01-24,CA_2,HOBBIES,935.0,1934.39
2011-01-31,CA_2,HOBBIES,2586.0,6289.9
2011-02-07,CA_2,HOBBIES,2808.0,6417.19
2011-02-14,CA_2,HOBBIES,2126.0,5441.49
2011-02-21,CA_2,HOBBIES,2499.0,5985.98
2011-02-28,CA_2,HOBBIES,1794.0,5804.96
2011-03-07,CA_2,HOBBIES,2725.0,6303.36
2011-03-14,CA_2,HOBBIES,3075.0,6404.03
2011-03-21,CA_2,HOBBIES,2659.0,6399.06
2011-03-28,CA_2,HOBBIES,3113.0,6531.11
2011-04-04,CA_2,HOBBIES,2605.0,6406.8
2011-04-11,CA_2,HOBBIES,2704.0,6505.76
2011-04-18,CA_2,HOBBIES,1879.0,6000.45
2011-04-25,CA_2,HOBBIES,2838.0,7227.44
2011-05-02,CA_2,HOBBIES,2329.0,6053.13
2011-05-09,CA_2,HOBBIES,2641.0,6983.35
2011-05-16,CA_2,HOBBIES,2463.0,6755.31
2011-05-23,CA_2,HOBBIES,2361.0,6413.08
2011-05-30,CA_2,HOBBIES,2200.0,6548.35
2011-06-06,CA_2,HOBBIES,2284.0,6602.18
2011-06-13,CA_2,HOBBIES,2362.0,6490.16
2011-06-20,CA_2,HOBBIES,2314.0,6778.01
2011-06-27,CA_2,HOBBIES,2370.0,6514.29
2011-07-04,CA_2,HOBBIES,2647.0,6952.82
2011-07-11,CA_2,HOBBIES,2528.0,6762.89
2011-07-18,CA_2,HOBBIES,2680.0,6286.66
2011-07-25,CA_2,HOBBIES,2381.0,6027.75
2011-08-01,CA_2,HOBBIES,2439.0,6377.71
2011-08-08,CA_2,HOBBIES,2417.0,6273.83
2011-08-15,CA_2,HOBBIES,2456.0,5801.2
2011-08-22,CA_2,HOBBIES,2362.0,5658.88
2011-08-29,CA_2,HOBBIES,1817.0,5431.08
2011-09-05,CA_2,HOBBIES,2214.0,6337.76
2011-09-12,CA_2,HOBBIES,2389.0,6524.93
2011-09-19,CA_2,HOBBIES,2409.0,6156.76
2011-09-26,CA_2,HOBBIES,2472.0,6327.84
2011-10-03,CA_2,HOBBIES,2133.0,5538.32
2011-10-10,CA_2,HOBBIES,2244.0,5854.78
2011-10-17,CA_2,HOBBIES,2269.0,6630.16
2011-10-24,CA_2,HOBBIES,2424.0,6543.52
2011-10-31,CA_2,HOBBIES,2661.0,5984.64
2011-11-07,CA_2,HOBBIES,2404.0,6339.14
2011-11-14,CA_2,HOBBIES,2277.0,5696.25
2011-11-21,CA_2,HOBBIES,1857.0,5300.1
2011-11-28,CA_2,HOBBIES,2367.0,6477.07
2011-12-05,CA_2,HOBBIES,2413.0,6374.56
2011-12-12,CA_2,HOBBIES,2267.0,6500.84
2011-12-19,CA_2,HOBBIES,1992.0,5577.52
2011-12-26,CA_2,HOBBIES,2321.0,6268.95
2012-01-02,CA_2,HOBBIES,2121.0,6440.45
2012-01-09,CA_2,HOBBIES,2172.0,6034.77
2012-01-16,CA_2,HOBBIES,1944.0,5998.95
2012-01-23,CA_2,HOBBIES,2215.0,6380.37
2012-01-30,CA_2,HOBBIES,2160.0,6744.22
2012-02-06,CA_2,HOBBIES,2217.0,6226.6
2012-02-13,CA_2,HOBBIES,1943.0,6327.78
2012-02-20,CA_2,HOBBIES,2232.0,6542.48
2012-02-27,CA_2,HOBBIES,2060.0,5994.68
2012-03-05,CA_2,HOBBIES,2123.0,5976.85
2012-03-12,CA_2,HOBBIES,2198.0,5992.82
2012-03-19,CA_2,HOBBIES,2057.0,5972.48
2012-03-26,CA_2,HOBBIES,2127.0,6540.55
2012-04-02,CA_2,HOBBIES,2076.0,6080.48
2012-04-09,CA_2,HOBBIES,2269.0,6653.05
2012-04-16,CA_2,HOBBIES,2007.0,6005.28
2012-04-23,CA_2,HOBBIES,1947.0,6227.41
2012-04-30,CA_2,HOBBIES,2167.0,6604.59
2012-05-07,CA_2,HOBBIES,1555.0,6004.57
2012-05-14,CA_2,HOBBIES,1740.0,6314.5
2012-05-21,CA_2,HOBBIES,1743.0,6358.33
2012-05-28,CA_2,HOBBIES,2223.0,6785.17
2012-06-04,CA_2,HOBBIES,2087.0,6228.33
2012-06-11,CA_2,HOBBIES,2170.0,6668.49
2012-06-18,CA_2,HOBBIES,2018.0,6834.91
2012-06-25,CA_2,HOBBIES,2183.0,7490.11
2012-07-02,CA_2,HOBBIES,1745.0,6926.36
2012-07-09,CA_2,HOBBIES,2103.0,7387.19
2012-07-16,CA_2,HOBBIES,2204.0,6798.45
2012-07-23,CA_2,HOBBIES,1907.0,6194.05
2012-07-30,CA_2,HOBBIES,1854.0,7027.86
2012-08-06,CA_2,HOBBIES,1753.0,6772.96
2012-08-13,CA_2,HOBBIES,1766.0,7066.52
2012-08-20,CA_2,HOBBIES,1642.0,6446.69
2012-08-27,CA_2,HOBBIES,1919.0,6800.37
2012-09-03,CA_2,HOBBIES,1829.0,6876.62
2012-09-10,CA_2,HOBBIES,1671.0,6197.67
2012-09-17,CA_2,HOBBIES,1823.0,6776.23
2012-09-24,CA_2,HOBBIES,1821.0,6865.34
2012-10-01,CA_2,HOBBIES,1766.0,6613.56
2012-10-08,CA_2,HOBBIES,1743.0,7011.23
2012-10-15,CA_2,HOBBIES,1865.0,7279.85
2012-10-22,CA_2,HOBBIES,1840.0,6993.16
2012-10-29,CA_2,HOBBIES,1905.0,7563.92
2012-11-05,CA_2,HOBBIES,1690.0,6439.52
2012-11-12,CA_2,HOBBIES,1753.0,6902.96
2012-11-19,CA_2,HOBBIES,1491.0,5802.6
2012-11-26,CA_2,HOBBIES,1546.0,6484.87
2012-12-03,CA_2,HOBBIES,1869.0,7512.23
2012-12-10,CA_2,HOBBIES,1824.0,7506.25
2012-12-17,CA_2,HOBBIES,1884.0,7798.94
2012-12-24,CA_2,HOBBIES,1468.0,6185.98
2012-12-31,CA_2,HOBBIES,1646.0,6491.53
2013-01-07,CA_2,HOBBIES,1771.0,6798.8
2013-01-14,CA_2,HOBBIES,1910.0,7422.69
2013-01-21,CA_2,HOBBIES,2463.0,8157.16
2013-01-28,CA_2,HOBBIES,2403.0,7918.27
2013-02-04,CA_2,HOBBIES,2069.0,7940.45
2013-02-11,CA_2,HOBBIES,2641.0,8380.99
2013-02-18,CA_2,HOBBIES,2380.0,8569.07
2013-02-25,CA_2,HOBBIES,2498.0,8503.04
2013-03-04,CA_2,HOBBIES,1897.0,7443.7
2013-03-11,CA_2,HOBBIES,2369.0,8067.38
2013-03-18,CA_2,HOBBIES,2637.0,8779.16
2013-03-25,CA_2,HOBBIES,1915.0,7758.63
2013-04-01,CA_2,HOBBIES,2456.0,8117.61
2013-04-08,CA_2,HOBBIES,2582.0,8242.7
2013-04-15,CA_2,HOBBIES,2457.0,8247.59
2013-04-22,CA_2,HOBBIES,2276.0,7813.15
2013-04-29,CA_2,HOBBIES,1756.0,6906.28
2013-05-06,CA_2,HOBBIES,2382.0,7198.35
2013-05-13,CA_2,HOBBIES,2586.0,8657.35
2013-05-20,CA_2,HOBBIES,2635.0,8422.99
2013-05-27,CA_2,HOBBIES,2567.0,8448.59
2013-06-03,CA_2,HOBBIES,2713.0,8674.68
2013-06-10,CA_2,HOBBIES,2544.0,7889.31
2013-06-17,CA_2,HOBBIES,2660.0,8214.56
2013-06-24,CA_2,HOBBIES,2474.0,8494.91
2013-07-01,CA_2,HOBBIES,2595.0,8591.66
2013-07-08,CA_2,HOBBIES,2179.0,8419.54
2013-07-15,CA_2,HOBBIES,2735.0,9092.1
2013-07-22,CA_2,HOBBIES,2326.0,8144.16
2013-07-29,CA_2,HOBBIES,2601.0,9178.15
2013-08-05,CA_2,HOBBIES,2429.0,8079.66
2013-08-12,CA_2,HOBBIES,2510.0,8732.27
2013-08-19,CA_2,HOBBIES,2613.0,8778.0
2013-08-26,CA_2,HOBBIES,2372.0,8162.46
2013-09-02,CA_2,HOBBIES,1895.0,7918.55
2013-09-09,CA_2,HOBBIES,2540.0,8579.35
2013-09-16,CA_2,HOBBIES,2618.0,8391.96
2013-09-23,CA_2,HOBBIES,2618.0,8371.64
2013-09-30,CA_2,HOBBIES,2925.0,9169.82
2013-10-07,CA_2,HOBBIES,2757.0,8726.82
2013-10-14,CA_2,HOBBIES,2858.0,7895.13
2013-10-21,CA_2,HOBBIES,2819.0,8587.09
2013-10-28,CA_2,HOBBIES,2706.0,8914.53
2013-11-04,CA_2,HOBBIES,2626.0,8189.25
2013-11-11,CA_2,HOBBIES,2824.0,9144.55
2013-11-18,CA_2,HOBBIES,2711.0,8033.72
2013-11-25,CA_2,HOBBIES,2204.0,7277.62
2013-12-02,CA_2,HOBBIES,3024.0,9845.2
2013-12-09,CA_2,HOBBIES,2760.0,8825.5
2013-12-16,CA_2,HOBBIES,2957.0,9123.02
2013-12-23,CA_2,HOBBIES,2091.0,7258.28
2013-12-30,CA_2,HOBBIES,2436.0,7869.2
2014-01-06,CA_2,HOBBIES,2522.0,8165.14
2014-01-13,CA_2,HOBBIES,3119.0,9261.53
2014-01-20,CA_2,HOBBIES,2449.0,8202.03
2014-01-27,CA_2,HOBBIES,2634.0,8680.09
2014-02-03,CA_2,HOBBIES,2634.0,8838.59
2014-02-10,CA_2,HOBBIES,2422.0,7813.11
2014-02-17,CA_2,HOBBIES,2272.0,7578.77
2014-02-24,CA_2,HOBBIES,2499.0,8146.26
2014-03-03,CA_2,HOBBIES,2289.0,7778.44
2014-03-10,CA_2,HOBBIES,2388.0,7674.24
2014-03-17,CA_2,HOBBIES,2250.0,7520.4
2014-03-24,CA_2,HOBBIES,2439.0,7564.41
2014-03-31,CA_2,HOBBIES,2189.0,7250.9
2014-04-07,CA_2,HOBBIES,2263.0,6956.84
2014-04-14,CA_2,HOBBIES,2099.0,7295.0
2014-04-21,CA_2,HOBBIES,2309.0,7302.62
2014-04-28,CA_2,HOBBIES,2319.0,7289.12
2014-05-05,CA_2,HOBBIES,2089.0,7195.85
2014-05-12,CA_2,HOBBIES,2372.0,6957.89
2014-05-19,CA_2,HOBBIES,2474.0,7730.92
2014-05-26,CA_2,HOBBIES,1895.0,5933.15
2014-06-02,CA_2,HOBBIES,1951.0,6570.16
2014-06-09,CA_2,HOBBIES,2157.0,7485.47
2014-06-16,CA_2,HOBBIES,2258.0,7603.83
2014-06-23,CA_2,HOBBIES,2151.0,7583.28
2014-06-30,CA_2,HOBBIES,2082.0,7587.54
2014-07-07,CA_2,HOBBIES,2104.0,7248.45
2014-07-14,CA_2,HOBBIES,1990.0,7168.83
2014-07-21,CA_2,HOBBIES,2014.0,7038.67
2014-07-28,CA_2,HOBBIES,1813.0,6808.65
2014-08-04,CA_2,HOBBIES,2137.0,7530.92
2014-08-11,CA_2,HOBBIES,1930.0,7464.99
2014-08-18,CA_2,HOBBIES,1980.0,7431.59
2014-08-25,CA_2,HOBBIES,1962.0,7480.49
2014-09-01,CA_2,HOBBIES,1973.0,7675.17
2014-09-08,CA_2,HOBBIES,1773.0,7259.2
2014-09-15,CA_2,HOBBIES,1721.0,6749.32
2014-09-22,CA_2,HOBBIES,1709.0,7197.81
2014-09-29,CA_2,HOBBIES,2043.0,7436.19
2014-10-06,CA_2,HOBBIES,1849.0,7043.9
2014-10-13,CA_2,HOBBIES,2043.0,7749.44
2014-10-20,CA_2,HOBBIES,2064.0,7531.84
2014-10-27,CA_2,HOBBIES,2213.0,8066.49
2014-11-03,CA_2,HOBBIES,2016.0,8264.66
2014-11-10,CA_2,HOBBIES,1913.0,7859.33
2014-11-17,CA_2,HOBBIES,2093.0,7921.62
2014-11-24,CA_2,HOBBIES,1827.0,6792.6
2014-12-01,CA_2,HOBBIES,2324.0,8684.98
2014-12-08,CA_2,HOBBIES,2208.0,8262.84
2014-12-15,CA_2,HOBBIES,2216.0,8578.05
2014-12-22,CA_2,HOBBIES,1674.0,7028.43
2014-12-29,CA_2,HOBBIES,2126.0,8698.18
2015-01-05,CA_2,HOBBIES,1961.0,7900.44
2015-01-12,CA_2,HOBBIES,1886.0,7835.16
2015-01-19,CA_2,HOBBIES,1833.0,7243.23
2015-01-26,CA_2,HOBBIES,2301.0,8175.52
2015-02-02,CA_2,HOBBIES,1961.0,7936.01
2015-02-09,CA_2,HOBBIES,2227.0,8457.26
2015-02-16,CA_2,HOBBIES,2097.0,7815.47
2015-02-23,CA_2,HOBBIES,2170.0,8406.63
2015-03-02,CA_2,HOBBIES,2242.0,8584.84
2015-03-09,CA_2,HOBBIES,2126.0,8466.51
2015-03-16,CA_2,HOBBIES,2003.0,8250.78
2015-03-23,CA_2,HOBBIES,2180.0,8711.65
2015-03-30,CA_2,HOBBIES,2221.0,9441.85
2015-04-06,CA_2,HOBBIES,2212.0,8176.75
2015-04-13,CA_2,HOBBIES,1906.0,8078.29
2015-04-20,CA_2,HOBBIES,2292.0,8579.06
2015-04-27,CA_2,HOBBIES,2175.0,8391.97
2015-05-04,CA_2,HOBBIES,2183.0,7877.26
2015-05-11,CA_2,HOBBIES,2149.0,8138.05
2015-05-18,CA_2,HOBBIES,2213.0,8385.44
2015-05-25,CA_2,HOBBIES,2291.0,9193.56
2015-06-01,CA_2,HOBBIES,2555.0,9736.11
2015-06-08,CA_2,HOBBIES,2215.0,8938.21
2015-06-15,CA_2,HOBBIES,2658.0,9497.1
2015-06-22,CA_2,HOBBIES,2699.0,10275.85
2015-06-29,CA_2,HOBBIES,2573.0,10180.69
2015-07-06,CA_2,HOBBIES,2818.0,10158.73
2015-07-13,CA_2,HOBBIES,2831.0,10826.14
2015-07-20,CA_2,HOBBIES,2695.0,9883.46
2015-07-27,CA_2,HOBBIES,2901.0,10347.51
2015-08-03,CA_2,HOBBIES,2928.0,11353.0
2015-08-10,CA_2,HOBBIES,2863.0,10290.35
2015-08-17,CA_2,HOBBIES,2693.0,10417.5
2015-08-24,CA_2,HOBBIES,2677.0,10444.31
2015-08-31,CA_2,HOBBIES,2945.0,10391.84
2015-09-07,CA_2,HOBBIES,2865.0,10817.99
2015-09-14,CA_2,HOBBIES,2871.0,10708.49
2015-09-21,CA_2,HOBBIES,2863.0,10585.95
2015-09-28,CA_2,HOBBIES,3006.0,10966.08
2015-10-05,CA_2,HOBBIES,2949.0,11164.22
2015-10-12,CA_2,HOBBIES,3206.0,11183.87
2015-10-19,CA_2,HOBBIES,3127.0,11090.14
2015-10-26,CA_2,HOBBIES,3094.0,11139.13
2015-11-02,CA_2,HOBBIES,2966.0,10852.29
2015-11-09,CA_2,HOBBIES,2815.0,11633.44
2015-11-16,CA_2,HOBBIES,2932.0,11477.18
2015-11-23,CA_2,HOBBIES,2593.0,10230.0
2015-11-30,CA_2,HOBBIES,3289.0,12581.82
2015-12-07,CA_2,HOBBIES,3151.0,11612.97
2015-12-14,CA_2,HOBBIES,3124.0,12391.58
2015-12-21,CA_2,HOBBIES,2898.0,11119.57
2015-12-28,CA_2,HOBBIES,3063.0,11577.24
2016-01-04,CA_2,HOBBIES,2907.0,11420.84
2016-01-11,CA_2,HOBBIES,2515.0,10296.56
2016-01-18,CA_2,HOBBIES,2841.0,10999.59
2016-01-25,CA_2,HOBBIES,2828.0,10949.34
2016-02-01,CA_2,HOBBIES,2606.0,9927.29
2016-02-08,CA_2,HOBBIES,2659.0,11378.63
2016-02-15,CA_2,HOBBIES,2834.0,11416.29
2016-02-22,CA_2,HOBBIES,2934.0,11006.93
2016-02-29,CA_2,HOBBIES,2996.0,11614.52
2016-03-07,CA_2,HOBBIES,2776.0,11535.97
2016-03-14,CA_2,HOBBIES,2368.0,9043.91
2016-03-21,CA_2,HOBBIES,2799.0,11054.7
2016-03-28,CA_2,HOBBIES,3007.0,12001.2
2016-04-04,CA_2,HOBBIES,2991.0,11682.21
2016-04-11,CA_2,HOBBIES,2812.0,11169.63
2016-04-18,CA_2,HOBBIES,2837.0,11155.44
2016-04-25,CA_2,HOBBIES,3068.0,11609.66
2016-05-02,CA_2,HOBBIES,3110.0,11673.74
2016-05-09,CA_2,HOBBIES,3121.0,11432.93
2016-05-16,CA_2,HOBBIES,3258.0,12484.97
2011-01-24,CA_2,HOUSEHOLD,1491.0,6698.96
2011-01-31,CA_2,HOUSEHOLD,3806.0,17455.07
2011-02-07,CA_2,HOUSEHOLD,4137.0,19258.19
2011-02-14,CA_2,HOUSEHOLD,3901.0,19105.57
2011-02-21,CA_2,HOUSEHOLD,3892.0,18906.96
2011-02-28,CA_2,HOUSEHOLD,3965.0,18631.71
2011-03-07,CA_2,HOUSEHOLD,4041.0,19282.91
2011-03-14,CA_2,HOUSEHOLD,4507.0,19632.21
2011-03-21,CA_2,HOUSEHOLD,4376.0,19768.86
2011-03-28,CA_2,HOUSEHOLD,4335.0,20108.94
2011-04-04,CA_2,HOUSEHOLD,4414.0,20253.57
2011-04-11,CA_2,HOUSEHOLD,4125.0,19008.59
2011-04-18,CA_2,HOUSEHOLD,4106.0,19229.52
2011-04-25,CA_2,HOUSEHOLD,4114.0,19450.61
2011-05-02,CA_2,HOUSEHOLD,4030.0,18071.95
2011-05-09,CA_2,HOUSEHOLD,4439.0,20916.58
2011-05-16,CA_2,HOUSEHOLD,4157.0,19069.62
2011-05-23,CA_2,HOUSEHOLD,3707.0,16641.75
2011-05-30,CA_2,HOUSEHOLD,4429.0,19776.23
2011-06-06,CA_2,HOUSEHOLD,4312.0,19853.66
2011-06-13,CA_2,HOUSEHOLD,4211.0,19160.47
2011-06-20,CA_2,HOUSEHOLD,4224.0,19790.98
2011-06-27,CA_2,HOUSEHOLD,4035.0,18324.87
2011-07-04,CA_2,HOUSEHOLD,4799.0,21448.96
2011-07-11,CA_2,HOUSEHOLD,4542.0,20830.19
2011-07-18,CA_2,HOUSEHOLD,4582.0,20501.5
2011-07-25,CA_2,HOUSEHOLD,4519.0,20778.47
2011-08-01,CA_2,HOUSEHOLD,4752.0,21167.93
2011-08-08,CA_2,HOUSEHOLD,4464.0,20443.98
2011-08-15,CA_2,HOUSEHOLD,4590.0,21160.77
2011-08-22,CA_2,HOUSEHOLD,4299.0,20193.38
2011-08-29,CA_2,HOUSEHOLD,4318.0,18956.8
2011-09-05,CA_2,HOUSEHOLD,4901.0,22447.8
2011-09-12,CA_2,HOUSEHOLD,4565.0,21502.67
2011-09-19,CA_2,HOUSEHOLD,4620.0,21099.1
2011-09-26,CA_2,HOUSEHOLD,4719.0,19502.61
2011-10-03,CA_2,HOUSEHOLD,4595.0,19281.55
2011-10-10,CA_2,HOUSEHOLD,4845.0,21136.14
2011-10-17,CA_2,HOUSEHOLD,4538.0,20184.43
2011-10-24,CA_2,HOUSEHOLD,4488.0,20744.64
2011-10-31,CA_2,HOUSEHOLD,4370.0,19531.6
2011-11-07,CA_2,HOUSEHOLD,4463.0,19958.26
2011-11-14,CA_2,HOUSEHOLD,4453.0,20080.04
2011-11-21,CA_2,HOUSEHOLD,4021.0,17789.51
2011-11-28,CA_2,HOUSEHOLD,4179.0,18763.79
2011-12-05,CA_2,HOUSEHOLD,4102.0,18727.95
2011-12-12,CA_2,HOUSEHOLD,3882.0,18059.22
2011-12-19,CA_2,HOUSEHOLD,3228.0,15281.67
2011-12-26,CA_2,HOUSEHOLD,4649.0,19359.34
2012-01-02,CA_2,HOUSEHOLD,4396.0,20116.87
2012-01-09,CA_2,HOUSEHOLD,4101.0,18920.52
2012-01-16,CA_2,HOUSEHOLD,4127.0,19299.97
2012-01-23,CA_2,HOUSEHOLD,4223.0,19760.86
2012-01-30,CA_2,HOUSEHOLD,4311.0,20163.06
2012-02-06,CA_2,HOUSEHOLD,4528.0,21453.08
2012-02-13,CA_2,HOUSEHOLD,4368.0,20609.46
2012-02-20,CA_2,HOUSEHOLD,4930.0,21789.82
2012-02-27,CA_2,HOUSEHOLD,4998.0,22106.83
2012-03-05,CA_2,HOUSEHOLD,5442.0,23259.55
2012-03-12,CA_2,HOUSEHOLD,5035.0,22282.17
2012-03-19,CA_2,HOUSEHOLD,4903.0,22207.99
2012-03-26,CA_2,HOUSEHOLD,4913.0,21782.87
2012-04-02,CA_2,HOUSEHOLD,4911.0,21877.57
2012-04-09,CA_2,HOUSEHOLD,5056.0,22680.75
2012-04-16,CA_2,HOUSEHOLD,4809.0,22155.03
2012-04-23,CA_2,HOUSEHOLD,4965.0,21081.99
2012-04-30,CA_2,HOUSEHOLD,5215.0,22548.76
2012-05-07,CA_2,HOUSEHOLD,4555.0,20618.66
2012-05-14,CA_2,HOUSEHOLD,5163.0,22116.69
2012-05-21,CA_2,HOUSEHOLD,4687.0,20757.33
2012-05-28,CA_2,HOUSEHOLD,5773.0,24561.88
2012-06-04,CA_2,HOUSEHOLD,5206.0,22953.87
2012-06-11,CA_2,HOUSEHOLD,6665.0,24439.49
2012-06-18,CA_2,HOUSEHOLD,6604.0,24919.29
2012-06-25,CA_2,HOUSEHOLD,6291.0,23310.32
2012-07-02,CA_2,HOUSEHOLD,6259.0,24511.43
2012-07-09,CA_2,HOUSEHOLD,6112.0,24253.92
2012-07-16,CA_2,HOUSEHOLD,5848.0,23225.1
2012-07-23,CA_2,HOUSEHOLD,5737.0,22909.86
2012-07-30,CA_2,HOUSEHOLD,6053.0,24519.2
2012-08-06,CA_2,HOUSEHOLD,6273.0,24944.64
2012-08-13,CA_2,HOUSEHOLD,6641.0,25791.53
2012-08-20,CA_2,HOUSEHOLD,6278.0,24328.97
2012-08-27,CA_2,HOUSEHOLD,5797.0,24641.22
2012-09-03,CA_2,HOUSEHOLD,6858.0,26229.59
2012-09-10,CA_2,HOUSEHOLD,7050.0,26170.18
2012-09-17,CA_2,HOUSEHOLD,6522.0,25133.38
2012-09-24,CA_2,HOUSEHOLD,5952.0,24068.94
2012-10-01,CA_2,HOUSEHOLD,5773.0,23562.51
2012-10-08,CA_2,HOUSEHOLD,6469.0,25737.44
2012-10-15,CA_2,HOUSEHOLD,6240.0,24762.57
2012-10-22,CA_2,HOUSEHOLD,5916.0,25281.18
2012-10-29,CA_2,HOUSEHOLD,6006.0,24261.5
2012-11-05,CA_2,HOUSEHOLD,5334.0,22900.52
2012-11-12,CA_2,HOUSEHOLD,5366.0,22862.99
2012-11-19,CA_2,HOUSEHOLD,4945.0,21569.55
2012-11-26,CA_2,HOUSEHOLD,5437.0,24085.48
2012-12-03,CA_2,HOUSEHOLD,5408.0,23545.58
2012-12-10,CA_2,HOUSEHOLD,5208.0,22723.82
2012-12-17,CA_2,HOUSEHOLD,4985.0,21628.56
2012-12-24,CA_2,HOUSEHOLD,5348.0,20623.7
2012-12-31,CA_2,HOUSEHOLD,5244.0,21242.65
2013-01-07,CA_2,HOUSEHOLD,4876.0,20977.93
2013-01-14,CA_2,HOUSEHOLD,5272.0,22453.77
2013-01-21,CA_2,HOUSEHOLD,5553.0,23429.22
2013-01-28,CA_2,HOUSEHOLD,5019.0,21004.4
2013-02-04,CA_2,HOUSEHOLD,5476.0,22876.05
2013-02-11,CA_2,HOUSEHOLD,5733.0,22324.74
2013-02-18,CA_2,HOUSEHOLD,6136.0,24043.29
2013-02-25,CA_2,HOUSEHOLD,6305.0,25045.39
2013-03-04,CA_2,HOUSEHOLD,6214.0,23427.96
2013-03-11,CA_2,HOUSEHOLD,6557.0,24947.53
2013-03-18,CA_2,HOUSEHOLD,6298.0,25316.78
2013-03-25,CA_2,HOUSEHOLD,6662.0,25585.67
2013-04-01,CA_2,HOUSEHOLD,7399.0,25776.84
2013-04-08,CA_2,HOUSEHOLD,6134.0,25004.33
2013-04-15,CA_2,HOUSEHOLD,6165.0,25209.49
2013-04-22,CA_2,HOUSEHOLD,6376.0,25498.46
2013-04-29,CA_2,HOUSEHOLD,6630.0,26483.19
2013-05-06,CA_2,HOUSEHOLD,6163.0,25565.78
2013-05-13,CA_2,HOUSEHOLD,6096.0,26174.52
2013-05-20,CA_2,HOUSEHOLD,6418.0,25378.78
2013-05-27,CA_2,HOUSEHOLD,6987.0,29020.41
2013-06-03,CA_2,HOUSEHOLD,6961.0,27206.98
2013-06-10,CA_2,HOUSEHOLD,6689.0,26047.95
2013-06-17,CA_2,HOUSEHOLD,6749.0,27099.07
2013-06-24,CA_2,HOUSEHOLD,6373.0,26249.77
2013-07-01,CA_2,HOUSEHOLD,6506.0,26981.84
2013-07-08,CA_2,HOUSEHOLD,6694.0,27186.18
2013-07-15,CA_2,HOUSEHOLD,6800.0,26704.18
2013-07-22,CA_2,HOUSEHOLD,6440.0,26257.6
2013-07-29,CA_2,HOUSEHOLD,6629.0,26954.92
2013-08-05,CA_2,HOUSEHOLD,6159.0,25705.24
2013-08-12,CA_2,HOUSEHOLD,6673.0,27662.45
2013-08-19,CA_2,HOUSEHOLD,7010.0,27914.49
2013-08-26,CA_2,HOUSEHOLD,6245.0,25750.42
2013-09-02,CA_2,HOUSEHOLD,7119.0,27993.78
2013-09-09,CA_2,HOUSEHOLD,6802.0,27757.97
2013-09-16,CA_2,HOUSEHOLD,6908.0,27887.43
2013-09-23,CA_2,HOUSEHOLD,6465.0,25633.97
2013-09-30,CA_2,HOUSEHOLD,6842.0,27485.07
2013-10-07,CA_2,HOUSEHOLD,6473.0,26909.27
2013-10-14,CA_2,HOUSEHOLD,6307.0,26048.66
2013-10-21,CA_2,HOUSEHOLD,6024.0,25965.08
2013-10-28,CA_2,HOUSEHOLD,6230.0,26497.34
2013-11-04,CA_2,HOUSEHOLD,5795.0,24169.34
2013-11-11,CA_2,HOUSEHOLD,5994.0,25657.43
2013-11-18,CA_2,HOUSEHOLD,6137.0,25398.36
2013-11-25,CA_2,HOUSEHOLD,5746.0,24741.55
2013-12-02,CA_2,HOUSEHOLD,6051.0,25197.79
2013-12-09,CA_2,HOUSEHOLD,5874.0,24970.49
2013-12-16,CA_2,HOUSEHOLD,5333.0,23696.28
2013-12-23,CA_2,HOUSEHOLD,5157.0,22311.57
2013-12-30,CA_2,HOUSEHOLD,5741.0,23721.39
2014-01-06,CA_2,HOUSEHOLD,5813.0,23911.46
2014-01-13,CA_2,HOUSEHOLD,5995.0,24277.44
2014-01-20,CA_2,HOUSEHOLD,6316.0,26629.74
2014-01-27,CA_2,HOUSEHOLD,5910.0,24225.37
2014-02-03,CA_2,HOUSEHOLD,6358.0,26799.39
2014-02-10,CA_2,HOUSEHOLD,6916.0,27145.8
2014-02-17,CA_2,HOUSEHOLD,6874.0,27011.4
2014-02-24,CA_2,HOUSEHOLD,6785.0,27724.34
2014-03-03,CA_2,HOUSEHOLD,6378.0,25685.99
2014-03-10,CA_2,HOUSEHOLD,6411.0,27324.08
2014-03-17,CA_2,HOUSEHOLD,6864.0,27963.07
2014-03-24,CA_2,HOUSEHOLD,6488.0,26665.32
2014-03-31,CA_2,HOUSEHOLD,5902.0,24215.26
2014-04-07,CA_2,HOUSEHOLD,5634.0,24590.19
2014-04-14,CA_2,HOUSEHOLD,5722.0,24978.94
2014-04-21,CA_2,HOUSEHOLD,5611.0,23805.36
2014-04-28,CA_2,HOUSEHOLD,5893.0,24205.38
2014-05-05,CA_2,HOUSEHOLD,5219.0,22009.97
2014-05-12,CA_2,HOUSEHOLD,5507.0,23747.85
2014-05-19,CA_2,HOUSEHOLD,5186.0,22123.17
2014-05-26,CA_2,HOUSEHOLD,5091.0,21938.26
2014-06-02,CA_2,HOUSEHOLD,4833.0,20280.05
2014-06-09,CA_2,HOUSEHOLD,4881.0,21130.93
2014-06-16,CA_2,HOUSEHOLD,5595.0,23225.33
2014-06-23,CA_2,HOUSEHOLD,5088.0,21705.93
2014-06-30,CA_2,HOUSEHOLD,5386.0,23008.39
2014-07-07,CA_2,HOUSEHOLD,5304.0,22807.54
2014-07-14,CA_2,HOUSEHOLD,5747.0,23398.32
2014-07-21,CA_2,HOUSEHOLD,5258.0,21917.49
2014-07-28,CA_2,HOUSEHOLD,4972.0,20789.5
2014-08-04,CA_2,HOUSEHOLD,5041.0,20779.21
2014-08-11,CA_2,HOUSEHOLD,4975.0,20974.5
2014-08-18,CA_2,HOUSEHOLD,5090.0,22022.9
2014-08-25,CA_2,HOUSEHOLD,4851.0,20651.26
2014-09-01,CA_2,HOUSEHOLD,5261.0,22232.69
2014-09-08,CA_2,HOUSEHOLD,5223.0,22650.07
2014-09-15,CA_2,HOUSEHOLD,5066.0,22375.25
2014-09-22,CA_2,HOUSEHOLD,4852.0,21081.6
2014-09-29,CA_2,HOUSEHOLD,5400.0,23480.19
2014-10-06,CA_2,HOUSEHOLD,5311.0,22800.95
2014-10-13,CA_2,HOUSEHOLD,5373.0,24220.14
2014-10-20,CA_2,HOUSEHOLD,5021.0,22592.64
2014-10-27,CA_2,HOUSEHOLD,5179.0,23165.8
2014-11-03,CA_2,HOUSEHOLD,5165.0,22349.54
2014-11-10,CA_2,HOUSEHOLD,4918.0,20981.93
2014-11-17,CA_2,HOUSEHOLD,4929.0,22054.34
2014-11-24,CA_2,HOUSEHOLD,4633.0,20243.47
2014-12-01,CA_2,HOUSEHOLD,5413.0,24241.91
2014-12-08,CA_2,HOUSEHOLD,4716.0,21196.82
2014-12-15,CA_2,HOUSEHOLD,4727.0,20674.8
2014-12-22,CA_2,HOUSEHOLD,4424.0,19190.62
2014-12-29,CA_2,HOUSEHOLD,5236.0,23176.61
2015-01-05,CA_2,HOUSEHOLD,5170.0,22171.12
2015-01-12,CA_2,HOUSEHOLD,5101.0,21492.4
2015-01-19,CA_2,HOUSEHOLD,4795.0,20821.12
2015-01-26,CA_2,HOUSEHOLD,4950.0,21435.51
2015-02-02,CA_2,HOUSEHOLD,5317.0,21537.19
2015-02-09,CA_2,HOUSEHOLD,4870.0,20420.46
2015-02-16,CA_2,HOUSEHOLD,5423.0,22748.94
2015-02-23,CA_2,HOUSEHOLD,5621.0,23662.35
2015-03-02,CA_2,HOUSEHOLD,5660.0,23360.43
2015-03-09,CA_2,HOUSEHOLD,6223.0,25227.13
2015-03-16,CA_2,HOUSEHOLD,5965.0,25035.2
2015-03-23,CA_2,HOUSEHOLD,5816.0,24309.42
2015-03-30,CA_2,HOUSEHOLD,6021.0,24947.27
2015-04-06,CA_2,HOUSEHOLD,5764.0,24498.71
2015-04-13,CA_2,HOUSEHOLD,5346.0,23905.73
2015-04-20,CA_2,HOUSEHOLD,5792.0,24823.62
2015-04-27,CA_2,HOUSEHOLD,5481.0,23613.71
2015-05-04,CA_2,HOUSEHOLD,5623.0,23963.56
2015-05-11,CA_2,HOUSEHOLD,5869.0,25293.16
2015-05-18,CA_2,HOUSEHOLD,5601.0,24148.38
2015-05-25,CA_2,HOUSEHOLD,6583.0,28299.16
2015-06-01,CA_2,HOUSEHOLD,6218.0,26824.34
2015-06-08,CA_2,HOUSEHOLD,6636.0,29020.56
2015-06-15,CA_2,HOUSEHOLD,6348.0,27739.18
2015-06-22,CA_2,HOUSEHOLD,6760.0,29054.41
2015-06-29,CA_2,HOUSEHOLD,6837.0,29123.83
2015-07-06,CA_2,HOUSEHOLD,6939.0,30167.0
2015-07-13,CA_2,HOUSEHOLD,7172.0,30590.13
2015-07-20,CA_2,HOUSEHOLD,7236.0,30920.66
2015-07-27,CA_2,HOUSEHOLD,7229.0,32047.16
2015-08-03,CA_2,HOUSEHOLD,7380.0,31845.31
2015-08-10,CA_2,HOUSEHOLD,7584.0,33405.38
2015-08-17,CA_2,HOUSEHOLD,7918.0,33180.17
2015-08-24,CA_2,HOUSEHOLD,7968.0,32249.27
2015-08-31,CA_2,HOUSEHOLD,7641.0,32234.48
2015-09-07,CA_2,HOUSEHOLD,7828.0,33475.68
2015-09-14,CA_2,HOUSEHOLD,7085.0,31681.42
2015-09-21,CA_2,HOUSEHOLD,7517.0,32402.68
2015-09-28,CA_2,HOUSEHOLD,7563.0,32506.96
2015-10-05,CA_2,HOUSEHOLD,7793.0,33642.81
2015-10-12,CA_2,HOUSEHOLD,7508.0,33048.21
2015-10-19,CA_2,HOUSEHOLD,7285.0,31344.61
2015-10-26,CA_2,HOUSEHOLD,7359.0,32008.98
2015-11-02,CA_2,HOUSEHOLD,7597.0,32910.9
2015-11-09,CA_2,HOUSEHOLD,7287.0,33236.89
2015-11-16,CA_2,HOUSEHOLD,7166.0,32255.67
2015-11-23,CA_2,HOUSEHOLD,6490.0,29583.72
2015-11-30,CA_2,HOUSEHOLD,7962.0,36809.9
2015-12-07,CA_2,HOUSEHOLD,6977.0,31020.32
2015-12-14,CA_2,HOUSEHOLD,6944.0,30942.03
2015-12-21,CA_2,HOUSEHOLD,6340.0,28488.73
2015-12-28,CA_2,HOUSEHOLD,7857.0,34684.3
2016-01-04,CA_2,HOUSEHOLD,7200.0,31309.84
2016-01-11,CA_2,HOUSEHOLD,6949.0,31368.09
2016-01-18,CA_2,HOUSEHOLD,7503.0,33793.27
2016-01-25,CA_2,HOUSEHOLD,7382.0,32659.05
2016-02-01,CA_2,HOUSEHOLD,6952.0,30182.45
2016-02-08,CA_2,HOUSEHOLD,7282.0,32279.73
2016-02-15,CA_2,HOUSEHOLD,7761.0,34834.99
2016-02-22,CA_2,HOUSEHOLD,7428.0,33181.79
2016-02-29,CA_2,HOUSEHOLD,7680.0,34319.89
2016-03-07,CA_2,HOUSEHOLD,7396.0,32829.19
2016-03-14,CA_2,HOUSEHOLD,5632.0,24881.67
2016-03-21,CA_2,HOUSEHOLD,7572.0,33466.31
2016-03-28,CA_2,HOUSEHOLD,8341.0,37015.24
2016-04-04,CA_2,HOUSEHOLD,8057.0,35667.81
2016-04-11,CA_2,HOUSEHOLD,7660.0,34545.53
2016-04-18,CA_2,HOUSEHOLD,7596.0,33816.54
2016-04-25,CA_2,HOUSEHOLD,8028.0,36392.68
2016-05-02,CA_2,HOUSEHOLD,7999.0,35884.94
2016-05-09,CA_2,HOUSEHOLD,8580.0,38817.25
2016-05-16,CA_2,HOUSEHOLD,8538.0,39090.75
2011-01-24,CA_3,FOODS,6981.0,14586.43
2011-01-31,CA_3,FOODS,23713.0,49418.22
2011-02-07,CA_3,FOODS,25486.0,56234.42
2011-02-14,CA_3,FOODS,18846.0,42910.08
2011-02-21,CA_3,FOODS,18788.0,43542.4
2011-02-28,CA_3,FOODS,21941.0,51693.82
2011-03-07,CA_3,FOODS,21520.0,49727.73
2011-03-14,CA_3,FOODS,20191.0,45436.47
2011-03-21,CA_3,FOODS,19135.0,43442.31
2011-03-28,CA_3,FOODS,20807.0,45981.51
2011-04-04,CA_3,FOODS,22783.0,51824.43
2011-04-11,CA_3,FOODS,19609.0,44468.51
2011-04-18,CA_3,FOODS,18732.0,44026.03
2011-04-25,CA_3,FOODS,16185.0,37914.75
2011-05-02,CA_3,FOODS,19515.0,45739.77
2011-05-09,CA_3,FOODS,19889.0,46565.93
2011-05-16,CA_3,FOODS,17152.0,40157.97
2011-05-23,CA_3,FOODS,17441.0,39457.89
2011-05-30,CA_3,FOODS,21497.0,49672.42
2011-06-06,CA_3,FOODS,22311.0,52422.5
2011-06-13,CA_3,FOODS,20057.0,47620.43
2011-06-20,CA_3,FOODS,20939.0,48387.83
2011-06-27,CA_3,FOODS,21041.0,47638.62
2011-07-04,CA_3,FOODS,24458.0,60301.81
2011-07-11,CA_3,FOODS,20427.0,50543.88
2011-07-18,CA_3,FOODS,20590.0,50218.72
2011-07-25,CA_3,FOODS,18669.0,45216.54
2011-08-01,CA_3,FOODS,22553.0,53771.52
2011-08-08,CA_3,FOODS,24795.0,60376.8
2011-08-15,CA_3,FOODS,22357.0,52700.45
2011-08-22,CA_3,FOODS,20589.0,50240.88
2011-08-29,CA_3,FOODS,21762.0,50435.21
2011-09-05,CA_3,FOODS,25876.0,63646.16
2011-09-12,CA_3,FOODS,22299.0,53934.16
2011-09-19,CA_3,FOODS,22810.0,55173.87
2011-09-26,CA_3,FOODS,24718.0,55513.51
2011-10-03,CA_3,FOODS,28500.0,67513.05
2011-10-10,CA_3,FOODS,27470.0,63949.43
2011-10-17,CA_3,FOODS,24596.0,56944.07
2011-10-24,CA_3,FOODS,22656.0,52754.74
2011-10-31,CA_3,FOODS,26045.0,58350.91
2011-11-07,CA_3,FOODS,26998.0,62400.75
2011-11-14,CA_3,FOODS,24376.0,57124.23
2011-11-21,CA_3,FOODS,22011.0,49988.4
2011-11-28,CA_3,FOODS,24234.0,54816.46
2011-12-05,CA_3,FOODS,28282.0,66687.56
2011-12-12,CA_3,FOODS,26249.0,62065.64
2011-12-19,CA_3,FOODS,21807.0,50353.27
2011-12-26,CA_3,FOODS,24929.0,57308.2
2012-01-02,CA_3,FOODS,29356.0,69294.1
2012-01-09,CA_3,FOODS,27179.0,63472.99
2012-01-16,CA_3,FOODS,26696.0,61258.81
2012-01-23,CA_3,FOODS,24566.0,55858.21
2012-01-30,CA_3,FOODS,30678.0,72431.6
2012-02-06,CA_3,FOODS,32476.0,79620.43
2012-02-13,CA_3,FOODS,27348.0,66518.82
2012-02-20,CA_3,FOODS,28322.0,66738.01
2012-02-27,CA_3,FOODS,30169.0,71011.1
2012-03-05,CA_3,FOODS,33565.0,82440.25
2012-03-12,CA_3,FOODS,30197.0,72025.52
2012-03-19,CA_3,FOODS,28267.0,66447.53
2012-03-26,CA_3,FOODS,27633.0,64544.56
2012-04-02,CA_3,FOODS,34132.0,79138.17
2012-04-09,CA_3,FOODS,28843.0,68587.78
2012-04-16,CA_3,FOODS,27440.0,63601.24
2012-04-23,CA_3,FOODS,25181.0,59514.81
2012-04-30,CA_3,FOODS,29440.0,68909.05
2012-05-07,CA_3,FOODS,32535.0,75014.67
2012-05-14,CA_3,FOODS,29600.0,68164.2
2012-05-21,CA_3,FOODS,27757.0,63216.18
2012-05-28,CA_3,FOODS,30979.0,69797.65
2012-06-04,CA_3,FOODS,34634.0,79658.25
2012-06-11,CA_3,FOODS,32825.0,72600.3
2012-06-18,CA_3,FOODS,30406.0,67584.39
2012-06-25,CA_3,FOODS,28371.0,63472.71
2012-07-02,CA_3,FOODS,34918.0,78775.9
2012-07-09,CA_3,FOODS,31521.0,72197.07
2012-07-16,CA_3,FOODS,29983.0,66970.8
2012-07-23,CA_3,FOODS,28382.0,63202.0
2012-07-30,CA_3,FOODS,32675.0,72300.77
2012-08-06,CA_3,FOODS,34596.0,78516.41
2012-08-13,CA_3,FOODS,34131.0,77424.4
2012-08-20,CA_3,FOODS,29134.0,66470.07
2012-08-27,CA_3,FOODS,28293.0,63808.15
2012-09-03,CA_3,FOODS,32822.0,76916.17
2012-09-10,CA_3,FOODS,30840.0,71101.18
2012-09-17,CA_3,FOODS,26782.0,62623.85
2012-09-24,CA_3,FOODS,27603.0,64319.76
2012-10-01,CA_3,FOODS,33070.0,77008.93
2012-10-08,CA_3,FOODS,29054.0,64211.66
2012-10-15,CA_3,FOODS,25540.0,55344.4
2012-10-22,CA_3,FOODS,22650.0,50494.46
2012-10-29,CA_3,FOODS,26995.0,59663.96
2012-11-05,CA_3,FOODS,28618.0,65667.74
2012-11-12,CA_3,FOODS,24820.0,57358.72
2012-11-19,CA_3,FOODS,22475.0,50499.84
2012-11-26,CA_3,FOODS,22470.0,52766.35
2012-12-03,CA_3,FOODS,27358.0,63945.19
2012-12-10,CA_3,FOODS,25765.0,61419.43
2012-12-17,CA_3,FOODS,25613.0,60524.5
2012-12-24,CA_3,FOODS,21208.0,47787.9
2012-12-31,CA_3,FOODS,29197.0,66497.94
2013-01-07,CA_3,FOODS,30573.0,72644.85
2013-01-14,CA_3,FOODS,26114.0,61515.8
2013-01-21,CA_3,FOODS,24478.0,59103.08
2013-01-28,CA_3,FOODS,25260.0,58574.06
2013-02-04,CA_3,FOODS,25861.0,60767.95
2013-02-11,CA_3,FOODS,26642.0,64199.04
2013-02-18,CA_3,FOODS,25483.0,61342.92
2013-02-25,CA_3,FOODS,26998.0,62832.73
2013-03-04,CA_3,FOODS,28760.0,65300.82
2013-03-11,CA_3,FOODS,26985.0,64225.47
2013-03-18,CA_3,FOODS,24517.0,57794.25
2013-03-25,CA_3,FOODS,23056.0,51899.08
2013-04-01,CA_3,FOODS,29189.0,66278.8
2013-04-08,CA_3,FOODS,27858.0,63990.16
2013-04-15,CA_3,FOODS,26554.0,61574.16
2013-04-22,CA_3,FOODS,25387.0,58511.66
2013-04-29,CA_3,FOODS,28099.0,63300.85
2013-05-06,CA_3,FOODS,28778.0,68805.11
2013-05-13,CA_3,FOODS,27803.0,64256.44
2013-05-20,CA_3,FOODS,24540.0,56726.14
2013-05-27,CA_3,FOODS,27277.0,62037.42
2013-06-03,CA_3,FOODS,32638.0,73830.78
2013-06-10,CA_3,FOODS,30768.0,68822.6
2013-06-17,CA_3,FOODS,28393.0,63808.03
2013-06-24,CA_3,FOODS,31065.0,66716.51
2013-07-01,CA_3,FOODS,36172.0,79439.07
2013-07-08,CA_3,FOODS,31638.0,72071.35
2013-07-15,CA_3,FOODS,28771.0,65395.27
2013-07-22,CA_3,FOODS,29241.0,63540.64
2013-07-29,CA_3,FOODS,32062.0,69595.32
2013-08-05,CA_3,FOODS,33159.0,72492.21
2013-08-12,CA_3,FOODS,31405.0,67875.24
2013-08-19,CA_3,FOODS,31084.0,65961.67
2013-08-26,CA_3,FOODS,31332.0,66887.1
2013-09-02,CA_3,FOODS,35963.0,76907.48
2013-09-09,CA_3,FOODS,34698.0,72931.74
2013-09-16,CA_3,FOODS,30109.0,67100.87
2013-09-23,CA_3,FOODS,28070.0,64435.41
2013-09-30,CA_3,FOODS,30985.0,70898.1
2013-10-07,CA_3,FOODS,32453.0,77422.05
2013-10-14,CA_3,FOODS,28895.0,70341.69
2013-10-21,CA_3,FOODS,26848.0,64938.88
2013-10-28,CA_3,FOODS,30071.0,69506.98
2013-11-04,CA_3,FOODS,32016.0,77102.9
2013-11-11,CA_3,FOODS,28175.0,68210.42
2013-11-18,CA_3,FOODS,24720.0,61605.97
2013-11-25,CA_3,FOODS,22240.0,54108.16
2013-12-02,CA_3,FOODS,30493.0,69465.81
2013-12-09,CA_3,FOODS,27787.0,66562.8
2013-12-16,CA_3,FOODS,25769.0,61523.19
2013-12-23,CA_3,FOODS,22509.0,51854.14
2013-12-30,CA_3,FOODS,29695.0,69518.82
2014-01-06,CA_3,FOODS,31042.0,74156.35
2014-01-13,CA_3,FOODS,29008.0,66696.55
2014-01-20,CA_3,FOODS,27925.0,65379.85
2014-01-27,CA_3,FOODS,25855.0,59952.91
2014-02-03,CA_3,FOODS,31942.0,76470.78
2014-02-10,CA_3,FOODS,28763.0,71562.89
2014-02-17,CA_3,FOODS,26791.0,66197.88
2014-02-24,CA_3,FOODS,26499.0,67186.16
2014-03-03,CA_3,FOODS,29354.0,72927.62
2014-03-10,CA_3,FOODS,31350.0,78121.62
2014-03-17,CA_3,FOODS,27693.0,68923.3
2014-03-24,CA_3,FOODS,27720.0,68668.91
2014-03-31,CA_3,FOODS,31794.0,75962.05
2014-04-07,CA_3,FOODS,34288.0,82291.94
2014-04-14,CA_3,FOODS,31560.0,78493.62
2014-04-21,CA_3,FOODS,29563.0,73039.89
2014-04-28,CA_3,FOODS,32268.0,77748.3
2014-05-05,CA_3,FOODS,32559.0,81343.71
2014-05-12,CA_3,FOODS,30938.0,76156.56
2014-05-19,CA_3,FOODS,27516.0,67674.08
2014-05-26,CA_3,FOODS,28128.0,70216.23
2014-06-02,CA_3,FOODS,33228.0,81176.12
2014-06-09,CA_3,FOODS,33553.0,80891.38
2014-06-16,CA_3,FOODS,31691.0,73492.65
2014-06-23,CA_3,FOODS,29381.0,68464.42
2014-06-30,CA_3,FOODS,35994.0,83244.64
2014-07-07,CA_3,FOODS,34487.0,83960.44
2014-07-14,CA_3,FOODS,30339.0,70884.66
2014-07-21,CA_3,FOODS,30270.0,70353.01
2014-07-28,CA_3,FOODS,31790.0,74710.56
2014-08-04,CA_3,FOODS,33902.0,81284.82
2014-08-11,CA_3,FOODS,31144.0,75013.55
2014-08-18,CA_3,FOODS,31951.0,77119.41
2014-08-25,CA_3,FOODS,28320.0,68789.29
2014-09-01,CA_3,FOODS,32403.0,79016.77
2014-09-08,CA_3,FOODS,33364.0,81363.63
2014-09-15,CA_3,FOODS,30964.0,73717.71
2014-09-22,CA_3,FOODS,29492.0,72206.5
2014-09-29,CA_3,FOODS,31881.0,81036.89
2014-10-06,CA_3,FOODS,30902.0,81619.11
2014-10-13,CA_3,FOODS,27532.0,73053.56
2014-10-20,CA_3,FOODS,26287.0,70710.6
2014-10-27,CA_3,FOODS,27891.0,73134.63
2014-11-03,CA_3,FOODS,30321.0,80350.47
2014-11-10,CA_3,FOODS,27980.0,74210.89
2014-11-17,CA_3,FOODS,26360.0,69325.33
2014-11-24,CA_3,FOODS,25061.0,63950.63
2014-12-01,CA_3,FOODS,27970.0,74118.77
2014-12-08,CA_3,FOODS,25884.0,69311.22
2014-12-15,CA_3,FOODS,23632.0,64273.86
2014-12-22,CA_3,FOODS,20781.0,55562.85
2014-12-29,CA_3,FOODS,25344.0,66886.56
2015-01-05,CA_3,FOODS,28911.0,76783.45
2015-01-12,CA_3,FOODS,25744.0,67015.95
2015-01-19,CA_3,FOODS,27490.0,71493.4
2015-01-26,CA_3,FOODS,26563.0,70031.99
2015-02-02,CA_3,FOODS,29895.0,78718.25
2015-02-09,CA_3,FOODS,28810.0,78758.5
2015-02-16,CA_3,FOODS,24963.0,65282.64
2015-02-23,CA_3,FOODS,25059.0,66130.64
2015-03-02,CA_3,FOODS,30208.0,78447.93
2015-03-09,CA_3,FOODS,29068.0,75967.15
2015-03-16,CA_3,FOODS,27114.0,70232.33
2015-03-23,CA_3,FOODS,26100.0,66979.58
2015-03-30,CA_3,FOODS,28870.0,76138.38
2015-04-06,CA_3,FOODS,28256.0,77508.06
2015-04-13,CA_3,FOODS,25529.0,68204.47
2015-04-20,CA_3,FOODS,26138.0,69191.93
2015-04-27,CA_3,FOODS,27705.0,71511.16
2015-05-04,CA_3,FOODS,28509.0,74533.31
2015-05-11,CA_3,FOODS,26281.0,71637.62
2015-05-18,CA_3,FOODS,24232.0,66444.78
2015-05-25,CA_3,FOODS,24403.0,65080.14
2015-06-01,CA_3,FOODS,31240.0,76812.07
2015-06-08,CA_3,FOODS,32090.0,78066.29
2015-06-15,CA_3,FOODS,27728.0,68721.96
2015-06-22,CA_3,FOODS,27612.0,67604.09
2015-06-29,CA_3,FOODS,30217.0,75070.11
2015-07-06,CA_3,FOODS,30180.0,78741.91
2015-07-13,CA_3,FOODS,29396.0,74989.36
2015-07-20,CA_3,FOODS,27203.0,68591.65
2015-07-27,CA_3,FOODS,27859.0,69476.39
2015-08-03,CA_3,FOODS,31048.0,80080.66
2015-08-10,CA_3,FOODS,30272.0,77854.3
2015-08-17,CA_3,FOODS,27763.0,71092.35
2015-08-24,CA_3,FOODS,26195.0,66224.04
2015-08-31,CA_3,FOODS,28062.0,70761.59
2015-09-07,CA_3,FOODS,32137.0,80571.62
2015-09-14,CA_3,FOODS,28457.0,70918.11
2015-09-21,CA_3,FOODS,28571.0,72634.6
2015-09-28,CA_3,FOODS,28597.0,72481.72
2015-10-05,CA_3,FOODS,29921.0,77273.17
2015-10-12,CA_3,FOODS,28721.0,75513.27
2015-10-19,CA_3,FOODS,26353.0,70663.24
2015-10-26,CA_3,FOODS,25779.0,69586.92
2015-11-02,CA_3,FOODS,26564.0,73549.87
2015-11-09,CA_3,FOODS,25060.0,69849.33
2015-11-16,CA_3,FOODS,23997.0,65514.63
2015-11-23,CA_3,FOODS,21868.0,57919.89
2015-11-30,CA_3,FOODS,24520.0,68274.09
2015-12-07,CA_3,FOODS,25025.0,68461.12
2015-12-14,CA_3,FOODS,24559.0,68240.49
2015-12-21,CA_3,FOODS,19561.0,53820.13
2015-12-28,CA_3,FOODS,24546.0,67598.34
2016-01-04,CA_3,FOODS,29035.0,79750.64
2016-01-11,CA_3,FOODS,27060.0,72784.38
2016-01-18,CA_3,FOODS,28447.0,74109.65
2016-01-25,CA_3,FOODS,26635.0,71401.94
2016-02-01,CA_3,FOODS,28293.0,77240.22
2016-02-08,CA_3,FOODS,29630.0,78881.53
2016-02-15,CA_3,FOODS,29316.0,78190.98
2016-02-22,CA_3,FOODS,28182.0,73659.6
2016-02-29,CA_3,FOODS,29249.0,76927.9
2016-03-07,CA_3,FOODS,29402.0,78092.69
2016-03-14,CA_3,FOODS,27480.0,74164.26
2016-03-21,CA_3,FOODS,29253.0,77968.56
2016-03-28,CA_3,FOODS,27173.0,73857.4
2016-04-04,CA_3,FOODS,30123.0,83059.68
2016-04-11,CA_3,FOODS,27546.0,75655.48
2016-04-18,CA_3,FOODS,26203.0,73028.46
2016-04-25,CA_3,FOODS,26333.0,72705.26
2016-05-02,CA_3,FOODS,28256.0,78316.64
2016-05-09,CA_3,FOODS,28343.0,79228.48
2016-05-16,CA_3,FOODS,26938.0,72725.13
2011-01-24,CA_3,HOBBIES,980.0,2386.09
2011-01-31,CA_3,HOBBIES,3009.0,7667.39
2011-02-07,CA_3,HOBBIES,3083.0,7880.69
2011-02-14,CA_3,HOBBIES,2411.0,7018.37
2011-02-21,CA_3,HOBBIES,3162.0,7745.82
2011-02-28,CA_3,HOBBIES,2153.0,7688.83
2011-03-07,CA_3,HOBBIES,3062.0,7100.55
2011-03-14,CA_3,HOBBIES,2768.0,7925.2
2011-03-21,CA_3,HOBBIES,3094.0,8040.15
2011-03-28,CA_3,HOBBIES,3104.0,8222.4
2011-04-04,CA_3,HOBBIES,2946.0,7719.25
2011-04-11,CA_3,HOBBIES,2992.0,8241.65
2011-04-18,CA_3,HOBBIES,2785.0,7889.89
2011-04-25,CA_3,HOBBIES,3006.0,7920.58
2011-05-02,CA_3,HOBBIES,3349.0,8459.39
2011-05-09,CA_3,HOBBIES,3036.0,8396.7
2011-05-16,CA_3,HOBBIES,3026.0,7706.75
2011-05-23,CA_3,HOBBIES,2944.0,7885.47
2011-05-30,CA_3,HOBBIES,3141.0,8681.91
2011-06-06,CA_3,HOBBIES,3271.0,8484.07
2011-06-13,CA_3,HOBBIES,3373.0,8361.6
2011-06-20,CA_3,HOBBIES,3519.0,8618.51
2011-06-27,CA_3,HOBBIES,3473.0,9013.15
2011-07-04,CA_3,HOBBIES,3066.0,8568.92
2011-07-11,CA_3,HOBBIES,3340.0,8836.76
2011-07-18,CA_3,HOBBIES,3153.0,8270.75
2011-07-25,CA_3,HOBBIES,3211.0,8573.98
2011-08-01,CA_3,HOBBIES,3165.0,9426.45
2011-08-08,CA_3,HOBBIES,3297.0,8458.54
2011-08-15,CA_3,HOBBIES,3335.0,8245.64
2011-08-22,CA_3,HOBBIES,3326.0,7655.33
2011-08-29,CA_3,HOBBIES,2539.0,7578.18
2011-09-05,CA_3,HOBBIES,3113.0,8034.13
2011-09-12,CA_3,HOBBIES,2207.0,7067.79
2011-09-19,CA_3,HOBBIES,2096.0,7212.39
2011-09-26,CA_3,HOBBIES,3052.0,8459.46
2011-10-03,CA_3,HOBBIES,2719.0,7862.97
2011-10-10,CA_3,HOBBIES,2791.0,8222.63
2011-10-17,CA_3,HOBBIES,2710.0,8166.37
2011-10-24,CA_3,HOBBIES,2935.0,8286.27
2011-10-31,CA_3,HOBBIES,2814.0,8333.81
2011-11-07,CA_3,HOBBIES,2799.0,7677.23
2011-11-14,CA_3,HOBBIES,2677.0,7839.86
2011-11-21,CA_3,HOBBIES,2443.0,7038.1
2011-11-28,CA_3,HOBBIES,3634.0,9624.28
2011-12-05,CA_3,HOBBIES,2884.0,8453.93
2011-12-12,CA_3,HOBBIES,2928.0,8381.01
2011-12-19,CA_3,HOBBIES,2319.0,7197.18
2011-12-26,CA_3,HOBBIES,2819.0,8449.57
2012-01-02,CA_3,HOBBIES,2998.0,8304.53
2012-01-09,CA_3,HOBBIES,2851.0,8492.63
2012-01-16,CA_3,HOBBIES,2699.0,8473.69
2012-01-23,CA_3,HOBBIES,2970.0,8212.83
2012-01-30,CA_3,HOBBIES,3253.0,8962.42
2012-02-06,CA_3,HOBBIES,3215.0,9025.23
2012-02-13,CA_3,HOBBIES,3034.0,9023.5
2012-02-20,CA_3,HOBBIES,3429.0,9166.61
2012-02-27,CA_3,HOBBIES,3553.0,9578.88
2012-03-05,CA_3,HOBBIES,3235.0,8224.3
2012-03-12,CA_3,HOBBIES,2802.0,8589.68
2012-03-19,CA_3,HOBBIES,2815.0,8966.36
2012-03-26,CA_3,HOBBIES,3055.0,9295.84
2012-04-02,CA_3,HOBBIES,3070.0,8822.19
2012-04-09,CA_3,HOBBIES,2759.0,7906.65
2012-04-16,CA_3,HOBBIES,2598.0,7812.91
2012-04-23,CA_3,HOBBIES,2953.0,7958.57
2012-04-30,CA_3,HOBBIES,2962.0,8253.88
2012-05-07,CA_3,HOBBIES,2258.0,7684.88
2012-05-14,CA_3,HOBBIES,2335.0,8598.59
2012-05-21,CA_3,HOBBIES,2338.0,8303.05
2012-05-28,CA_3,HOBBIES,3049.0,9329.75
2012-06-04,CA_3,HOBBIES,3266.0,9007.27
2012-06-11,CA_3,HOBBIES,2935.0,8892.35
2012-06-18,CA_3,HOBBIES,3143.0,9518.7
2012-06-25,CA_3,HOBBIES,2816.0,9101.92
2012-07-02,CA_3,HOBBIES,2762.0,10102.45
2012-07-09,CA_3,HOBBIES,3233.0,9739.73
2012-07-16,CA_3,HOBBIES,3496.0,10805.14
2012-07-23,CA_3,HOBBIES,2306.0,8777.07
2012-07-30,CA_3,HOBBIES,2474.0,9972.32
2012-08-06,CA_3,HOBBIES,2203.0,8423.91
2012-08-13,CA_3,HOBBIES,2485.0,9904.04
2012-08-20,CA_3,HOBBIES,2309.0,9786.43
2012-08-27,CA_3,HOBBIES,2456.0,9814.79
2012-09-03,CA_3,HOBBIES,2591.0,10196.33
2012-09-10,CA_3,HOBBIES,2268.0,8697.44
2012-09-17,CA_3,HOBBIES,2433.0,9761.59
2012-09-24,CA_3,HOBBIES,2530.0,10102.28
2012-10-01,CA_3,HOBBIES,2411.0,9504.52
2012-10-08,CA_3,HOBBIES,2615.0,9931.98
2012-10-15,CA_3,HOBBIES,2576.0,10337.15
2012-10-22,CA_3,HOBBIES,2659.0,10235.7
2012-10-29,CA_3,HOBBIES,2598.0,11277.97
2012-11-05,CA_3,HOBBIES,2590.0,10237.34
2012-11-12,CA_3,HOBBIES,2311.0,10046.7
2012-11-19,CA_3,HOBBIES,2107.0,8877.66
2012-11-26,CA_3,HOBBIES,2454.0,9634.89
2012-12-03,CA_3,HOBBIES,2496.0,10125.06
2012-12-10,CA_3,HOBBIES,2793.0,11641.78
2012-12-17,CA_3,HOBBIES,2382.0,10693.23
2012-12-24,CA_3,HOBBIES,2093.0,9137.02
2012-12-31,CA_3,HOBBIES,2596.0,11115.41
2013-01-07,CA_3,HOBBIES,2587.0,10877.25
2013-01-14,CA_3,HOBBIES,2532.0,11532.99
2013-01-21,CA_3,HOBBIES,3390.0,12247.04
2013-01-28,CA_3,HOBBIES,3604.0,12926.84
2013-02-04,CA_3,HOBBIES,2923.0,11611.22
2013-02-11,CA_3,HOBBIES,3739.0,12311.66
2013-02-18,CA_3,HOBBIES,3729.0,12637.7
2013-02-25,CA_3,HOBBIES,3590.0,13387.49
2013-03-04,CA_3,HOBBIES,2664.0,11889.52
2013-03-11,CA_3,HOBBIES,3564.0,12849.13
2013-03-18,CA_3,HOBBIES,3369.0,12902.61
2013-03-25,CA_3,HOBBIES,2572.0,10785.45
2013-04-01,CA_3,HOBBIES,4191.0,14101.27
2013-04-08,CA_3,HOBBIES,4168.0,13457.92
2013-04-15,CA_3,HOBBIES,4042.0,13637.31
2013-04-22,CA_3,HOBBIES,3548.0,12531.71
2013-04-29,CA_3,HOBBIES,2908.0,10994.29
2013-05-06,CA_3,HOBBIES,4095.0,12993.52
2013-05-13,CA_3,HOBBIES,4279.0,13754.56
2013-05-20,CA_3,HOBBIES,4202.0,13352.98
2013-05-27,CA_3,HOBBIES,4380.0,14597.28
2013-06-03,CA_3,HOBBIES,4590.0,14341.25
2013-06-10,CA_3,HOBBIES,4015.0,12920.92
2013-06-17,CA_3,HOBBIES,4451.0,13913.88
2013-06-24,CA_3,HOBBIES,3996.0,13490.48
2013-07-01,CA_3,HOBBIES,4368.0,14169.06
2013-07-08,CA_3,HOBBIES,3588.0,13080.88
2013-07-15,CA_3,HOBBIES,3800.0,14792.57
2013-07-22,CA_3,HOBBIES,3632.0,13129.49
2013-07-29,CA_3,HOBBIES,4017.0,15329.54
2013-08-05,CA_3,HOBBIES,3486.0,13212.6
2013-08-12,CA_3,HOBBIES,3800.0,14881.74
2013-08-19,CA_3,HOBBIES,3977.0,13340.48
2013-08-26,CA_3,HOBBIES,3789.0,13946.82
2013-09-02,CA_3,HOBBIES,3071.0,12894.67
2013-09-09,CA_3,HOBBIES,3663.0,13073.32
2013-09-16,CA_3,HOBBIES,3967.0,13578.81
2013-09-23,CA_3,HOBBIES,3965.0,13203.88
2013-09-30,CA_3,HOBBIES,4239.0,13763.31
2013-10-07,CA_3,HOBBIES,3927.0,13432.92
2013-10-14,CA_3,HOBBIES,3793.0,12379.43
2013-10-21,CA_3,HOBBIES,4071.0,13207.23
2013-10-28,CA_3,HOBBIES,4087.0,13173.89
2013-11-04,CA_3,HOBBIES,3652.0,12768.55
2013-11-11,CA_3,HOBBIES,4177.0,12966.28
2013-11-18,CA_3,HOBBIES,3945.0,12348.86
2013-11-25,CA_3,HOBBIES,3334.0,11269.85
2013-12-02,CA_3,HOBBIES,4107.0,12690.78
2013-12-09,CA_3,HOBBIES,3745.0,11980.74
2013-12-16,CA_3,HOBBIES,4116.0,13283.66
2013-12-23,CA_3,HOBBIES,3094.0,10114.74
2013-12-30,CA_3,HOBBIES,3860.0,14174.34
2014-01-06,CA_3,HOBBIES,3921.0,13276.19
2014-01-13,CA_3,HOBBIES,3805.0,12503.6
2014-01-20,CA_3,HOBBIES,3657.0,12620.18
2014-01-27,CA_3,HOBBIES,3503.0,11638.3
2014-02-03,CA_3,HOBBIES,3922.0,13740.78
2014-02-10,CA_3,HOBBIES,3377.0,11414.19
2014-02-17,CA_3,HOBBIES,3864.0,12400.19
2014-02-24,CA_3,HOBBIES,3627.0,11483.83
2014-03-03,CA_3,HOBBIES,3713.0,12708.13
2014-03-10,CA_3,HOBBIES,3593.0,11872.49
2014-03-17,CA_3,HOBBIES,3394.0,12097.91
2014-03-24,CA_3,HOBBIES,3424.0,12857.38
2014-03-31,CA_3,HOBBIES,3687.0,14439.07
2014-04-07,CA_3,HOBBIES,3478.0,12066.12
2014-04-14,CA_3,HOBBIES,3949.0,13336.02
2014-04-21,CA_3,HOBBIES,3524.0,12752.91
2014-04-28,CA_3,HOBBIES,3666.0,11265.86
2014-05-05,CA_3,HOBBIES,3724.0,12555.01
2014-05-12,CA_3,HOBBIES,3892.0,12651.91
2014-05-19,CA_3,HOBBIES,3585.0,12207.68
2014-05-26,CA_3,HOBBIES,3959.0,14004.19
2014-06-02,CA_3,HOBBIES,4013.0,14014.41
2014-06-09,CA_3,HOBBIES,3679.0,13002.12
2014-06-16,CA_3,HOBBIES,3884.0,13776.81
2014-06-23,CA_3,HOBBIES,3788.0,13270.32
2014-06-30,CA_3,HOBBIES,4179.0,14141.76
2014-07-07,CA_3,HOBBIES,3879.0,14110.32
2014-07-14,CA_3,HOBBIES,3839.0,14060.42
2014-07-21,CA_3,HOBBIES,3388.0,12669.66
2014-07-28,CA_3,HOBBIES,3791.0,14078.98
2014-08-04,CA_3,HOBBIES,3668.0,13519.2
2014-08-11,CA_3,HOBBIES,3725.0,13506.99
2014-08-18,CA_3,HOBBIES,3720.0,13538.79
2014-08-25,CA_3,HOBBIES,3500.0,13115.84
2014-09-01,CA_3,HOBBIES,3718.0,14350.75
2014-09-08,CA_3,HOBBIES,3705.0,13921.46
2014-09-15,CA_3,HOBBIES,3761.0,13259.99
2014-09-22,CA_3,HOBBIES,3729.0,14220.98
2014-09-29,CA_3,HOBBIES,3730.0,14610.19
2014-10-06,CA_3,HOBBIES,3823.0,14128.72
2014-10-13,CA_3,HOBBIES,3670.0,12977.28
2014-10-20,CA_3,HOBBIES,4062.0,13984.52
2014-10-27,CA_3,HOBBIES,3812.0,14613.45
2014-11-03,CA_3,HOBBIES,3970.0,15066.65
2014-11-10,CA_3,HOBBIES,3882.0,14333.63
2014-11-17,CA_3,HOBBIES,3980.0,14191.4
2014-11-24,CA_3,HOBBIES,3350.0,12255.42
2014-12-01,CA_3,HOBBIES,4346.0,15128.1
2014-12-08,CA_3,HOBBIES,3531.0,14365.7
2014-12-15,CA_3,HOBBIES,3613.0,13821.24
2014-12-22,CA_3,HOBBIES,3307.0,12303.76
2014-12-29,CA_3,HOBBIES,3607.0,13945.97
2015-01-05,CA_3,HOBBIES,3619.0,14753.43
2015-01-12,CA_3,HOBBIES,3723.0,15218.17
2015-01-19,CA_3,HOBBIES,4172.0,13953.77
2015-01-26,CA_3,HOBBIES,3868.0,14377.29
2015-02-02,CA_3,HOBBIES,4200.0,16868.75
2015-02-09,CA_3,HOBBIES,3672.0,15029.9
2015-02-16,CA_3,HOBBIES,3783.0,15538.49
2015-02-23,CA_3,HOBBIES,4014.0,16334.7
2015-03-02,CA_3,HOBBIES,4466.0,18104.69
2015-03-09,CA_3,HOBBIES,3967.0,16030.32
2015-03-16,CA_3,HOBBIES,4042.0,16868.88
2015-03-23,CA_3,HOBBIES,4056.0,16856.72
2015-03-30,CA_3,HOBBIES,4470.0,17959.7
2015-04-06,CA_3,HOBBIES,4449.0,16874.52
2015-04-13,CA_3,HOBBIES,3957.0,16016.34
2015-04-20,CA_3,HOBBIES,4308.0,16975.39
2015-04-27,CA_3,HOBBIES,4085.0,16108.78
2015-05-04,CA_3,HOBBIES,4399.0,16375.08
2015-05-11,CA_3,HOBBIES,4294.0,16993.22
2015-05-18,CA_3,HOBBIES,4250.0,17306.33
2015-05-25,CA_3,HOBBIES,4515.0,17257.59
2015-06-01,CA_3,HOBBIES,4420.0,17391.55
2015-06-08,CA_3,HOBBIES,4227.0,16228.2
2015-06-15,CA_3,HOBBIES,4206.0,16525.29
2015-06-22,CA_3,HOBBIES,3926.0,16011.09
2015-06-29,CA_3,HOBBIES,4690.0,17348.16
2015-07-06,CA_3,HOBBIES,4012.0,16670.73
2015-07-13,CA_3,HOBBIES,4343.0,16143.73
2015-07-20,CA_3,HOBBIES,4113.0,16796.49
2015-07-27,CA_3,HOBBIES,4249.0,17085.03
2015-08-03,CA_3,HOBBIES,4459.0,17736.26
2015-08-10,CA_3,HOBBIES,4163.0,16135.43
2015-08-17,CA_3,HOBBIES,4392.0,17741.69
2015-08-24,CA_3,HOBBIES,4409.0,16278.14
2015-08-31,CA_3,HOBBIES,4597.0,17660.41
2015-09-07,CA_3,HOBBIES,4268.0,17021.8
2015-09-14,CA_3,HOBBIES,4364.0,16322.53
2015-09-21,CA_3,HOBBIES,4157.0,15594.1
2015-09-28,CA_3,HOBBIES,4692.0,17894.69
2015-10-05,CA_3,HOBBIES,4170.0,16270.36
2015-10-12,CA_3,HOBBIES,4380.0,16990.14
2015-10-19,CA_3,HOBBIES,4515.0,16609.62
2015-10-26,CA_3,HOBBIES,4678.0,17720.76
2015-11-02,CA_3,HOBBIES,4404.0,17642.68
2015-11-09,CA_3,HOBBIES,4368.0,17527.58
2015-11-16,CA_3,HOBBIES,4263.0,17032.73
2015-11-23,CA_3,HOBBIES,3712.0,14069.59
2015-11-30,CA_3,HOBBIES,4676.0,17969.34
2015-12-07,CA_3,HOBBIES,4081.0,16645.47
2015-12-14,CA_3,HOBBIES,4549.0,17194.02
2015-12-21,CA_3,HOBBIES,3771.0,14563.54
2015-12-28,CA_3,HOBBIES,4084.0,16032.68
2016-01-04,CA_3,HOBBIES,4312.0,16242.45
2016-01-11,CA_3,HOBBIES,3908.0,16119.36
2016-01-18,CA_3,HOBBIES,3855.0,15356.49
2016-01-25,CA_3,HOBBIES,4377.0,17710.16
2016-02-01,CA_3,HOBBIES,4132.0,17009.05
2016-02-08,CA_3,HOBBIES,4024.0,16435.53
2016-02-15,CA_3,HOBBIES,4359.0,18085.64
2016-02-22,CA_3,HOBBIES,4043.0,17249.99
2016-02-29,CA_3,HOBBIES,4018.0,17460.96
2016-03-07,CA_3,HOBBIES,4103.0,17016.27
2016-03-14,CA_3,HOBBIES,4266.0,18049.95
2016-03-21,CA_3,HOBBIES,3876.0,16744.51
2016-03-28,CA_3,HOBBIES,4100.0,17255.95
2016-04-04,CA_3,HOBBIES,3786.0,17057.85
2016-04-11,CA_3,HOBBIES,3991.0,15991.92
2016-04-18,CA_3,HOBBIES,4162.0,18004.34
2016-04-25,CA_3,HOBBIES,4246.0,18339.81
2016-05-02,CA_3,HOBBIES,4254.0,17289.52
2016-05-09,CA_3,HOBBIES,3991.0,17779.79
2016-05-16,CA_3,HOBBIES,4175.0,17396.18
2011-01-24,CA_3,HOUSEHOLD,1605.0,6868.77
2011-01-31,CA_3,HOUSEHOLD,5221.0,22057.84
2011-02-07,CA_3,HOUSEHOLD,5087.0,22989.91
2011-02-14,CA_3,HOUSEHOLD,5352.0,23857.61
2011-02-21,CA_3,HOUSEHOLD,5815.0,24812.01
2011-02-28,CA_3,HOUSEHOLD,5627.0,23830.09
2011-03-07,CA_3,HOUSEHOLD,5701.0,24318.59
2011-03-14,CA_3,HOUSEHOLD,6294.0,26089.01
2011-03-21,CA_3,HOUSEHOLD,5584.0,24327.96
2011-03-28,CA_3,HOUSEHOLD,5511.0,24364.88
2011-04-04,CA_3,HOUSEHOLD,5845.0,26461.5
2011-04-11,CA_3,HOUSEHOLD,5734.0,26101.02
2011-04-18,CA_3,HOUSEHOLD,5498.0,24903.55
2011-04-25,CA_3,HOUSEHOLD,5338.0,24367.15
2011-05-02,CA_3,HOUSEHOLD,5607.0,25077.94
2011-05-09,CA_3,HOUSEHOLD,5844.0,25917.37
2011-05-16,CA_3,HOUSEHOLD,5543.0,25206.32
2011-05-23,CA_3,HOUSEHOLD,5124.0,22342.8
2011-05-30,CA_3,HOUSEHOLD,6651.0,27680.95
2011-06-06,CA_3,HOUSEHOLD,6127.0,26667.77
2011-06-13,CA_3,HOUSEHOLD,6115.0,26180.39
2011-06-20,CA_3,HOUSEHOLD,6028.0,25899.49
2011-06-27,CA_3,HOUSEHOLD,6140.0,25644.85
2011-07-04,CA_3,HOUSEHOLD,6746.0,28575.24
2011-07-11,CA_3,HOUSEHOLD,6457.0,27374.91
2011-07-18,CA_3,HOUSEHOLD,6512.0,26860.21
2011-07-25,CA_3,HOUSEHOLD,6604.0,27909.28
2011-08-01,CA_3,HOUSEHOLD,7586.0,30327.36
2011-08-08,CA_3,HOUSEHOLD,7074.0,27914.28
2011-08-15,CA_3,HOUSEHOLD,7919.0,31115.25
2011-08-22,CA_3,HOUSEHOLD,7147.0,28927.59
2011-08-29,CA_3,HOUSEHOLD,7136.0,27691.44
2011-09-05,CA_3,HOUSEHOLD,8011.0,33107.99
2011-09-12,CA_3,HOUSEHOLD,7016.0,29597.63
2011-09-19,CA_3,HOUSEHOLD,7210.0,29659.06
2011-09-26,CA_3,HOUSEHOLD,7185.0,28603.74
2011-10-03,CA_3,HOUSEHOLD,7297.0,29278.54
2011-10-10,CA_3,HOUSEHOLD,7386.0,30114.8
2011-10-17,CA_3,HOUSEHOLD,7233.0,29551.67
2011-10-24,CA_3,HOUSEHOLD,6960.0,29154.37
2011-10-31,CA_3,HOUSEHOLD,7416.0,31457.38
2011-11-07,CA_3,HOUSEHOLD,6996.0,28839.41
2011-11-14,CA_3,HOUSEHOLD,6913.0,28021.83
2011-11-21,CA_3,HOUSEHOLD,6077.0,25683.87
2011-11-28,CA_3,HOUSEHOLD,6555.0,26345.13
2011-12-05,CA_3,HOUSEHOLD,6518.0,27723.11
2011-12-12,CA_3,HOUSEHOLD,6291.0,26112.17
2011-12-19,CA_3,HOUSEHOLD,4831.0,20552.6
2011-12-26,CA_3,HOUSEHOLD,6664.0,26914.33
2012-01-02,CA_3,HOUSEHOLD,7319.0,29426.11
2012-01-09,CA_3,HOUSEHOLD,6884.0,27824.75
2012-01-16,CA_3,HOUSEHOLD,6626.0,27723.73
2012-01-23,CA_3,HOUSEHOLD,6263.0,27237.49
2012-01-30,CA_3,HOUSEHOLD,7586.0,32358.79
2012-02-06,CA_3,HOUSEHOLD,7853.0,32936.42
2012-02-13,CA_3,HOUSEHOLD,7267.0,30788.96
2012-02-20,CA_3,HOUSEHOLD,7861.0,33261.1
2012-02-27,CA_3,HOUSEHOLD,7840.0,32587.52
2012-03-05,CA_3,HOUSEHOLD,7976.0,32716.5
2012-03-12,CA_3,HOUSEHOLD,7710.0,30580.12
2012-03-19,CA_3,HOUSEHOLD,7455.0,29646.7
2012-03-26,CA_3,HOUSEHOLD,7121.0,28259.71
2012-04-02,CA_3,HOUSEHOLD,7309.0,30347.86
2012-04-09,CA_3,HOUSEHOLD,7222.0,29532.37
2012-04-16,CA_3,HOUSEHOLD,6910.0,28944.75
2012-04-23,CA_3,HOUSEHOLD,6523.0,26241.38
2012-04-30,CA_3,HOUSEHOLD,6682.0,27391.34
2012-05-07,CA_3,HOUSEHOLD,6187.0,25697.72
2012-05-14,CA_3,HOUSEHOLD,6756.0,27718.94
2012-05-21,CA_3,HOUSEHOLD,6654.0,27275.59
2012-05-28,CA_3,HOUSEHOLD,8188.0,32181.62
2012-06-04,CA_3,HOUSEHOLD,7407.0,30142.24
2012-06-11,CA_3,HOUSEHOLD,9392.0,31138.44
2012-06-18,CA_3,HOUSEHOLD,9464.0,32538.93
2012-06-25,CA_3,HOUSEHOLD,8771.0,30631.05
2012-07-02,CA_3,HOUSEHOLD,8726.0,32237.64
2012-07-09,CA_3,HOUSEHOLD,9023.0,32098.73
2012-07-16,CA_3,HOUSEHOLD,8888.0,31216.35
2012-07-23,CA_3,HOUSEHOLD,8819.0,31477.36
2012-07-30,CA_3,HOUSEHOLD,9521.0,33419.1
2012-08-06,CA_3,HOUSEHOLD,10587.0,35558.3
2012-08-13,CA_3,HOUSEHOLD,10014.0,35260.46
2012-08-20,CA_3,HOUSEHOLD,9728.0,35993.41
2012-08-27,CA_3,HOUSEHOLD,10057.0,36354.16
2012-09-03,CA_3,HOUSEHOLD,11288.0,39572.26
2012-09-10,CA_3,HOUSEHOLD,10505.0,36678.81
2012-09-17,CA_3,HOUSEHOLD,10489.0,37414.32
2012-09-24,CA_3,HOUSEHOLD,9964.0,37501.19
2012-10-01,CA_3,HOUSEHOLD,10909.0,37834.98
2012-10-08,CA_3,HOUSEHOLD,10375.0,37322.84
2012-10-15,CA_3,HOUSEHOLD,10160.0,36351.72
2012-10-22,CA_3,HOUSEHOLD,9593.0,34795.43
2012-10-29,CA_3,HOUSEHOLD,9797.0,35117.37
2012-11-05,CA_3,HOUSEHOLD,9401.0,34964.67
2012-11-12,CA_3,HOUSEHOLD,8999.0,32789.38
2012-11-19,CA_3,HOUSEHOLD,8401.0,30832.82
2012-11-26,CA_3,HOUSEHOLD,9124.0,33462.91
2012-12-03,CA_3,HOUSEHOLD,8800.0,34192.92
2012-12-10,CA_3,HOUSEHOLD,8275.0,32243.06
2012-12-17,CA_3,HOUSEHOLD,8733.0,32220.6
2012-12-24,CA_3,HOUSEHOLD,9008.0,30532.63
2012-12-31,CA_3,HOUSEHOLD,8657.0,31281.18
2013-01-07,CA_3,HOUSEHOLD,7791.0,29975.79
2013-01-14,CA_3,HOUSEHOLD,8389.0,31568.26
2013-01-21,CA_3,HOUSEHOLD,8668.0,32524.54
2013-01-28,CA_3,HOUSEHOLD,8589.0,31344.89
2013-02-04,CA_3,HOUSEHOLD,8148.0,32540.84
2013-02-11,CA_3,HOUSEHOLD,10051.0,35677.48
2013-02-18,CA_3,HOUSEHOLD,10334.0,37212.35
2013-02-25,CA_3,HOUSEHOLD,11190.0,39569.04
2013-03-04,CA_3,HOUSEHOLD,9880.0,34498.81
2013-03-11,CA_3,HOUSEHOLD,10467.0,37928.6
2013-03-18,CA_3,HOUSEHOLD,10532.0,39372.98
2013-03-25,CA_3,HOUSEHOLD,10210.0,35225.12
2013-04-01,CA_3,HOUSEHOLD,11733.0,40182.0
2013-04-08,CA_3,HOUSEHOLD,11589.0,40258.06
2013-04-15,CA_3,HOUSEHOLD,11319.0,39500.91
2013-04-22,CA_3,HOUSEHOLD,10862.0,38457.63
2013-04-29,CA_3,HOUSEHOLD,11053.0,39339.46
2013-05-06,CA_3,HOUSEHOLD,10993.0,39522.2
2013-05-13,CA_3,HOUSEHOLD,11530.0,41910.83
2013-05-20,CA_3,HOUSEHOLD,10706.0,37796.26
2013-05-27,CA_3,HOUSEHOLD,11302.0,41264.42
2013-06-03,CA_3,HOUSEHOLD,11556.0,40367.05
2013-06-10,CA_3,HOUSEHOLD,11086.0,39323.53
2013-06-17,CA_3,HOUSEHOLD,11667.0,41154.77
2013-06-24,CA_3,HOUSEHOLD,10804.0,39172.58
2013-07-01,CA_3,HOUSEHOLD,11814.0,43342.42
2013-07-08,CA_3,HOUSEHOLD,12043.0,42580.43
2013-07-15,CA_3,HOUSEHOLD,11804.0,40913.43
2013-07-22,CA_3,HOUSEHOLD,11492.0,41694.93
2013-07-29,CA_3,HOUSEHOLD,10970.0,41044.03
2013-08-05,CA_3,HOUSEHOLD,12141.0,44297.89
2013-08-12,CA_3,HOUSEHOLD,11559.0,44254.67
2013-08-19,CA_3,HOUSEHOLD,11965.0,44638.48
2013-08-26,CA_3,HOUSEHOLD,11639.0,43258.15
2013-09-02,CA_3,HOUSEHOLD,12567.0,46986.88
2013-09-09,CA_3,HOUSEHOLD,11966.0,44624.8
2013-09-16,CA_3,HOUSEHOLD,12974.0,46931.71
2013-09-23,CA_3,HOUSEHOLD,11736.0,40925.82
2013-09-30,CA_3,HOUSEHOLD,12559.0,44794.58
2013-10-07,CA_3,HOUSEHOLD,11536.0,43902.77
2013-10-14,CA_3,HOUSEHOLD,11514.0,42607.91
2013-10-21,CA_3,HOUSEHOLD,11263.0,42024.85
2013-10-28,CA_3,HOUSEHOLD,11330.0,42375.19
2013-11-04,CA_3,HOUSEHOLD,10970.0,40100.15
2013-11-11,CA_3,HOUSEHOLD,10792.0,40543.76
2013-11-18,CA_3,HOUSEHOLD,10152.0,39249.06
2013-11-25,CA_3,HOUSEHOLD,9434.0,36798.41
2013-12-02,CA_3,HOUSEHOLD,10304.0,39603.86
2013-12-09,CA_3,HOUSEHOLD,9499.0,37269.27
2013-12-16,CA_3,HOUSEHOLD,9260.0,37100.27
2013-12-23,CA_3,HOUSEHOLD,8510.0,34536.54
2013-12-30,CA_3,HOUSEHOLD,9671.0,38602.43
2014-01-06,CA_3,HOUSEHOLD,9768.0,38521.44
2014-01-13,CA_3,HOUSEHOLD,9599.0,37576.27
2014-01-20,CA_3,HOUSEHOLD,10222.0,41031.56
2014-01-27,CA_3,HOUSEHOLD,9294.0,35684.53
2014-02-03,CA_3,HOUSEHOLD,10853.0,41913.05
2014-02-10,CA_3,HOUSEHOLD,10371.0,38996.85
2014-02-17,CA_3,HOUSEHOLD,11319.0,42827.19
2014-02-24,CA_3,HOUSEHOLD,10331.0,40525.09
2014-03-03,CA_3,HOUSEHOLD,10051.0,38548.5
2014-03-10,CA_3,HOUSEHOLD,10879.0,41463.89
2014-03-17,CA_3,HOUSEHOLD,10027.0,40531.71
2014-03-24,CA_3,HOUSEHOLD,9754.0,40196.99
2014-03-31,CA_3,HOUSEHOLD,11200.0,44645.07
2014-04-07,CA_3,HOUSEHOLD,11079.0,40792.66
2014-04-14,CA_3,HOUSEHOLD,10444.0,40306.02
2014-04-21,CA_3,HOUSEHOLD,10852.0,41971.21
2014-04-28,CA_3,HOUSEHOLD,11014.0,42516.01
2014-05-05,CA_3,HOUSEHOLD,10229.0,39261.77
2014-05-12,CA_3,HOUSEHOLD,10739.0,42207.91
2014-05-19,CA_3,HOUSEHOLD,9955.0,39008.37
2014-05-26,CA_3,HOUSEHOLD,10921.0,43294.98
2014-06-02,CA_3,HOUSEHOLD,11322.0,44268.53
2014-06-09,CA_3,HOUSEHOLD,10420.0,41834.0
2014-06-16,CA_3,HOUSEHOLD,11335.0,45075.33
2014-06-23,CA_3,HOUSEHOLD,10910.0,43596.72
2014-06-30,CA_3,HOUSEHOLD,11772.0,46136.74
2014-07-07,CA_3,HOUSEHOLD,11679.0,46853.93
2014-07-14,CA_3,HOUSEHOLD,11550.0,44787.95
2014-07-21,CA_3,HOUSEHOLD,12102.0,45350.38
2014-07-28,CA_3,HOUSEHOLD,12499.0,47568.41
2014-08-04,CA_3,HOUSEHOLD,12402.0,46919.23
2014-08-11,CA_3,HOUSEHOLD,12285.0,46705.91
2014-08-18,CA_3,HOUSEHOLD,13403.0,49378.56
2014-08-25,CA_3,HOUSEHOLD,11828.0,44752.65
2014-09-01,CA_3,HOUSEHOLD,12863.0,49023.48
2014-09-08,CA_3,HOUSEHOLD,11815.0,45356.03
2014-09-15,CA_3,HOUSEHOLD,12205.0,47781.74
2014-09-22,CA_3,HOUSEHOLD,12253.0,46269.84
2014-09-29,CA_3,HOUSEHOLD,12881.0,49271.48
2014-10-06,CA_3,HOUSEHOLD,12107.0,46716.12
2014-10-13,CA_3,HOUSEHOLD,11848.0,47055.97
2014-10-20,CA_3,HOUSEHOLD,11175.0,44039.92
2014-10-27,CA_3,HOUSEHOLD,10573.0,42766.51
2014-11-03,CA_3,HOUSEHOLD,11985.0,46808.87
2014-11-10,CA_3,HOUSEHOLD,10498.0,39594.14
2014-11-17,CA_3,HOUSEHOLD,10971.0,43786.36
2014-11-24,CA_3,HOUSEHOLD,9858.0,39189.28
2014-12-01,CA_3,HOUSEHOLD,11060.0,44182.4
2014-12-08,CA_3,HOUSEHOLD,9440.0,38044.94
2014-12-15,CA_3,HOUSEHOLD,8808.0,36417.78
2014-12-22,CA_3,HOUSEHOLD,8480.0,33510.98
2014-12-29,CA_3,HOUSEHOLD,10079.0,40155.34
2015-01-05,CA_3,HOUSEHOLD,9265.0,38300.86
2015-01-12,CA_3,HOUSEHOLD,10238.0,38020.85
2015-01-19,CA_3,HOUSEHOLD,11232.0,41024.85
2015-01-26,CA_3,HOUSEHOLD,10782.0,39964.08
2015-02-02,CA_3,HOUSEHOLD,12303.0,45869.15
2015-02-09,CA_3,HOUSEHOLD,11639.0,42535.7
2015-02-16,CA_3,HOUSEHOLD,11730.0,44235.1
2015-02-23,CA_3,HOUSEHOLD,12269.0,47314.13
2015-03-02,CA_3,HOUSEHOLD,11353.0,45186.54
2015-03-09,CA_3,HOUSEHOLD,12757.0,46529.57
2015-03-16,CA_3,HOUSEHOLD,11910.0,46952.78
2015-03-23,CA_3,HOUSEHOLD,11874.0,47503.27
2015-03-30,CA_3,HOUSEHOLD,12782.0,49875.17
2015-04-06,CA_3,HOUSEHOLD,12986.0,50207.25
2015-04-13,CA_3,HOUSEHOLD,11672.0,45231.25
2015-04-20,CA_3,HOUSEHOLD,12304.0,47115.28
2015-04-27,CA_3,HOUSEHOLD,11482.0,45267.96
2015-05-04,CA_3,HOUSEHOLD,11725.0,47436.88
2015-05-11,CA_3,HOUSEHOLD,12828.0,51886.06
2015-05-18,CA_3,HOUSEHOLD,11823.0,46834.87
2015-05-25,CA_3,HOUSEHOLD,13311.0,50516.02
2015-06-01,CA_3,HOUSEHOLD,13113.0,50701.32
2015-06-08,CA_3,HOUSEHOLD,12482.0,49471.88
2015-06-15,CA_3,HOUSEHOLD,11455.0,46767.08
2015-06-22,CA_3,HOUSEHOLD,12141.0,49181.01
2015-06-29,CA_3,HOUSEHOLD,13401.0,51642.13
2015-07-06,CA_3,HOUSEHOLD,12607.0,50041.91
2015-07-13,CA_3,HOUSEHOLD,13280.0,51584.17
2015-07-20,CA_3,HOUSEHOLD,13127.0,50674.9
2015-07-27,CA_3,HOUSEHOLD,13745.0,52828.03
2015-08-03,CA_3,HOUSEHOLD,14397.0,56167.04
2015-08-10,CA_3,HOUSEHOLD,14487.0,56444.01
2015-08-17,CA_3,HOUSEHOLD,15095.0,56932.11
2015-08-24,CA_3,HOUSEHOLD,13539.0,50404.5
2015-08-31,CA_3,HOUSEHOLD,12845.0,48412.07
2015-09-07,CA_3,HOUSEHOLD,14217.0,52852.41
2015-09-14,CA_3,HOUSEHOLD,12869.0,49580.28
2015-09-21,CA_3,HOUSEHOLD,12703.0,50485.32
2015-09-28,CA_3,HOUSEHOLD,13029.0,51339.19
2015-10-05,CA_3,HOUSEHOLD,12377.0,48054.17
2015-10-12,CA_3,HOUSEHOLD,12406.0,49573.62
2015-10-19,CA_3,HOUSEHOLD,11364.0,46280.99
2015-10-26,CA_3,HOUSEHOLD,11924.0,46997.6
2015-11-02,CA_3,HOUSEHOLD,12356.0,50008.52
2015-11-09,CA_3,HOUSEHOLD,11009.0,45291.82
2015-11-16,CA_3,HOUSEHOLD,10525.0,43284.68
2015-11-23,CA_3,HOUSEHOLD,9795.0,40614.09
2015-11-30,CA_3,HOUSEHOLD,11742.0,48117.47
2015-12-07,CA_3,HOUSEHOLD,10420.0,42512.17
2015-12-14,CA_3,HOUSEHOLD,10207.0,41995.97
2015-12-21,CA_3,HOUSEHOLD,8284.0,34204.33
2015-12-28,CA_3,HOUSEHOLD,10444.0,42936.14
2016-01-04,CA_3,HOUSEHOLD,10595.0,41954.14
2016-01-11,CA_3,HOUSEHOLD,10071.0,39460.73
2016-01-18,CA_3,HOUSEHOLD,10810.0,42866.71
2016-01-25,CA_3,HOUSEHOLD,12121.0,46713.9
2016-02-01,CA_3,HOUSEHOLD,11463.0,46081.5
2016-02-08,CA_3,HOUSEHOLD,11827.0,47830.3
2016-02-15,CA_3,HOUSEHOLD,12475.0,50829.13
2016-02-22,CA_3,HOUSEHOLD,11787.0,47845.87
2016-02-29,CA_3,HOUSEHOLD,13068.0,53267.15
2016-03-07,CA_3,HOUSEHOLD,12307.0,49973.53
2016-03-14,CA_3,HOUSEHOLD,12089.0,50534.36
2016-03-21,CA_3,HOUSEHOLD,11874.0,48874.15
2016-03-28,CA_3,HOUSEHOLD,12559.0,52170.51
2016-04-04,CA_3,HOUSEHOLD,12829.0,53467.88
2016-04-11,CA_3,HOUSEHOLD,12098.0,50969.93
2016-04-18,CA_3,HOUSEHOLD,12402.0,52803.09
2016-04-25,CA_3,HOUSEHOLD,11739.0,52355.32
2016-05-02,CA_3,HOUSEHOLD,12519.0,54344.49
2016-05-09,CA_3,HOUSEHOLD,12551.0,55707.59
2016-05-16,CA_3,HOUSEHOLD,12015.0,54229.76
2011-01-24,CA_4,FOODS,2492.0,5898.91
2011-01-31,CA_4,FOODS,8005.0,18592.03
2011-02-07,CA_4,FOODS,7460.0,18410.31
2011-02-14,CA_4,FOODS,6823.0,17322.8
2011-02-21,CA_4,FOODS,6986.0,17313.93
2011-02-28,CA_4,FOODS,7626.0,19018.08
2011-03-07,CA_4,FOODS,7469.0,18906.24
2011-03-14,CA_4,FOODS,6937.0,17639.31
2011-03-21,CA_4,FOODS,6459.0,15608.9
2011-03-28,CA_4,FOODS,7386.0,17726.17
2011-04-04,CA_4,FOODS,7766.0,19398.38
2011-04-11,CA_4,FOODS,7259.0,18276.61
2011-04-18,CA_4,FOODS,7008.0,18292.44
2011-04-25,CA_4,FOODS,6467.0,16736.24
2011-05-02,CA_4,FOODS,7126.0,18703.12
2011-05-09,CA_4,FOODS,7543.0,19624.96
2011-05-16,CA_4,FOODS,6520.0,17154.54
2011-05-23,CA_4,FOODS,6662.0,17460.75
2011-05-30,CA_4,FOODS,7341.0,18568.23
2011-06-06,CA_4,FOODS,7622.0,19411.91
2011-06-13,CA_4,FOODS,7178.0,18649.39
2011-06-20,CA_4,FOODS,6820.0,17406.81
2011-06-27,CA_4,FOODS,7234.0,18681.72
2011-07-04,CA_4,FOODS,7906.0,20580.31
2011-07-11,CA_4,FOODS,7129.0,18969.23
2011-07-18,CA_4,FOODS,7123.0,18668.2
2011-07-25,CA_4,FOODS,7236.0,18765.88
2011-08-01,CA_4,FOODS,7037.0,19143.9
2011-08-08,CA_4,FOODS,7691.0,20768.3
2011-08-15,CA_4,FOODS,7744.0,20923.95
2011-08-22,CA_4,FOODS,7619.0,20147.01
2011-08-29,CA_4,FOODS,7395.0,18724.54
2011-09-05,CA_4,FOODS,8369.0,21391.61
2011-09-12,CA_4,FOODS,8434.0,21230.92
2011-09-19,CA_4,FOODS,9055.0,22245.27
2011-09-26,CA_4,FOODS,9786.0,23112.55
2011-10-03,CA_4,FOODS,9635.0,23295.78
2011-10-10,CA_4,FOODS,10001.0,23753.94
2011-10-17,CA_4,FOODS,9493.0,22460.19
2011-10-24,CA_4,FOODS,9256.0,21645.14
2011-10-31,CA_4,FOODS,9326.0,21736.16
2011-11-07,CA_4,FOODS,9327.0,22379.88
2011-11-14,CA_4,FOODS,9030.0,21947.78
2011-11-21,CA_4,FOODS,8438.0,19663.94
2011-11-28,CA_4,FOODS,9807.0,23386.68
2011-12-05,CA_4,FOODS,9702.0,23792.19
2011-12-12,CA_4,FOODS,9319.0,23122.24
2011-12-19,CA_4,FOODS,8418.0,20415.42
2011-12-26,CA_4,FOODS,8214.0,20307.83
2012-01-02,CA_4,FOODS,10002.0,25144.36
2012-01-09,CA_4,FOODS,9949.0,25030.96
2012-01-16,CA_4,FOODS,9966.0,24854.72
2012-01-23,CA_4,FOODS,9784.0,23447.09
2012-01-30,CA_4,FOODS,11032.0,27779.54
2012-02-06,CA_4,FOODS,10896.0,27145.88
2012-02-13,CA_4,FOODS,9197.0,23654.18
2012-02-20,CA_4,FOODS,9171.0,23428.3
2012-02-27,CA_4,FOODS,9816.0,24458.29
2012-03-05,CA_4,FOODS,10732.0,27484.74
2012-03-12,CA_4,FOODS,9472.0,24534.42
2012-03-19,CA_4,FOODS,9808.0,25105.85
2012-03-26,CA_4,FOODS,10565.0,26384.21
2012-04-02,CA_4,FOODS,11526.0,27543.75
2012-04-09,CA_4,FOODS,9886.0,24602.68
2012-04-16,CA_4,FOODS,9942.0,24095.88
2012-04-23,CA_4,FOODS,9592.0,23927.66
2012-04-30,CA_4,FOODS,10720.0,26037.1
2012-05-07,CA_4,FOODS,10679.0,25754.35
2012-05-14,CA_4,FOODS,11130.0,26907.63
2012-05-21,CA_4,FOODS,9935.0,23919.35
2012-05-28,CA_4,FOODS,11723.0,28530.52
2012-06-04,CA_4,FOODS,11312.0,28143.35
2012-06-11,CA_4,FOODS,11100.0,27337.78
2012-06-18,CA_4,FOODS,10160.0,26283.11
2012-06-25,CA_4,FOODS,10189.0,25397.17
2012-07-02,CA_4,FOODS,10100.0,25250.54
2012-07-09,CA_4,FOODS,10628.0,26634.24
2012-07-16,CA_4,FOODS,9882.0,24558.22
2012-07-23,CA_4,FOODS,9708.0,23572.42
2012-07-30,CA_4,FOODS,10526.0,25204.71
2012-08-06,CA_4,FOODS,11320.0,26402.51
2012-08-13,CA_4,FOODS,11292.0,26800.26
2012-08-20,CA_4,FOODS,10479.0,25288.13
2012-08-27,CA_4,FOODS,10493.0,25284.36
2012-09-03,CA_4,FOODS,11183.0,27589.32
2012-09-10,CA_4,FOODS,10964.0,26655.12
2012-09-17,CA_4,FOODS,10664.0,26505.03
2012-09-24,CA_4,FOODS,10706.0,26809.61
2012-10-01,CA_4,FOODS,11106.0,27103.54
2012-10-08,CA_4,FOODS,10230.0,25232.65
2012-10-15,CA_4,FOODS,9352.0,23600.75
2012-10-22,CA_4,FOODS,8967.0,21896.32
2012-10-29,CA_4,FOODS,9485.0,22906.38
2012-11-05,CA_4,FOODS,9783.0,24278.63
2012-11-12,CA_4,FOODS,9411.0,23274.04
2012-11-19,CA_4,FOODS,8971.0,21027.6
2012-11-26,CA_4,FOODS,9275.0,23149.71
2012-12-03,CA_4,FOODS,10050.0,24961.38
2012-12-10,CA_4,FOODS,10105.0,24780.43
2012-12-17,CA_4,FOODS,10069.0,24314.18
2012-12-24,CA_4,FOODS,7852.0,19033.38
2012-12-31,CA_4,FOODS,9940.0,24239.6
2013-01-07,CA_4,FOODS,10101.0,25719.48
2013-01-14,CA_4,FOODS,9851.0,24917.06
2013-01-21,CA_4,FOODS,9445.0,23945.12
2013-01-28,CA_4,FOODS,10625.0,27119.88
2013-02-04,CA_4,FOODS,9602.0,24224.81
2013-02-11,CA_4,FOODS,10065.0,25486.01
2013-02-18,CA_4,FOODS,9746.0,24599.64
2013-02-25,CA_4,FOODS,10337.0,25803.34
2013-03-04,CA_4,FOODS,9997.0,25461.62
2013-03-11,CA_4,FOODS,10290.0,25997.91
2013-03-18,CA_4,FOODS,9692.0,25138.52
2013-03-25,CA_4,FOODS,10915.0,26559.46
2013-04-01,CA_4,FOODS,10667.0,26991.39
2013-04-08,CA_4,FOODS,10618.0,26562.63
2013-04-15,CA_4,FOODS,10430.0,26355.9
2013-04-22,CA_4,FOODS,9803.0,25127.18
2013-04-29,CA_4,FOODS,11249.0,28197.75
2013-05-06,CA_4,FOODS,10485.0,26343.26
2013-05-13,CA_4,FOODS,10956.0,26823.01
2013-05-20,CA_4,FOODS,10545.0,26008.65
2013-05-27,CA_4,FOODS,11585.0,28454.35
2013-06-03,CA_4,FOODS,11478.0,28035.05
2013-06-10,CA_4,FOODS,11571.0,27630.77
2013-06-17,CA_4,FOODS,11012.0,26248.17
2013-06-24,CA_4,FOODS,12638.0,29590.87
2013-07-01,CA_4,FOODS,12866.0,30051.49
2013-07-08,CA_4,FOODS,11955.0,28945.12
2013-07-15,CA_4,FOODS,11535.0,27359.49
2013-07-22,CA_4,FOODS,11793.0,27498.36
2013-07-29,CA_4,FOODS,11432.0,27331.45
2013-08-05,CA_4,FOODS,11846.0,27960.46
2013-08-12,CA_4,FOODS,12023.0,28817.85
2013-08-19,CA_4,FOODS,12123.0,27493.62
2013-08-26,CA_4,FOODS,12263.0,27680.54
2013-09-02,CA_4,FOODS,13374.0,31687.15
2013-09-09,CA_4,FOODS,12445.0,29868.31
2013-09-16,CA_4,FOODS,12178.0,29083.27
2013-09-23,CA_4,FOODS,11666.0,27663.58
2013-09-30,CA_4,FOODS,11827.0,29287.55
2013-10-07,CA_4,FOODS,11673.0,29624.51
2013-10-14,CA_4,FOODS,11359.0,28563.64
2013-10-21,CA_4,FOODS,11003.0,26958.79
2013-10-28,CA_4,FOODS,11566.0,27917.25
2013-11-04,CA_4,FOODS,11009.0,28079.1
2013-11-11,CA_4,FOODS,10427.0,26225.79
2013-11-18,CA_4,FOODS,9956.0,24689.33
2013-11-25,CA_4,FOODS,9267.0,23184.39
2013-12-02,CA_4,FOODS,11001.0,26745.9
2013-12-09,CA_4,FOODS,9865.0,24477.61
2013-12-16,CA_4,FOODS,10006.0,25034.54
2013-12-23,CA_4,FOODS,8696.0,20701.44
2013-12-30,CA_4,FOODS,10287.0,24890.69
2014-01-06,CA_4,FOODS,11184.0,27268.58
2014-01-13,CA_4,FOODS,11010.0,26770.74
2014-01-20,CA_4,FOODS,10649.0,26174.6
2014-01-27,CA_4,FOODS,11282.0,28352.91
2014-02-03,CA_4,FOODS,11242.0,27867.81
2014-02-10,CA_4,FOODS,10296.0,26285.48
2014-02-17,CA_4,FOODS,10073.0,25596.64
2014-02-24,CA_4,FOODS,10888.0,28095.96
2014-03-03,CA_4,FOODS,10766.0,27263.28
2014-03-10,CA_4,FOODS,11019.0,27935.0
2014-03-17,CA_4,FOODS,10921.0,27580.46
2014-03-24,CA_4,FOODS,10737.0,26920.07
2014-03-31,CA_4,FOODS,11542.0,28602.66
2014-04-07,CA_4,FOODS,12364.0,30929.27
2014-04-14,CA_4,FOODS,11535.0,29556.74
2014-04-21,CA_4,FOODS,10249.0,27070.23
2014-04-28,CA_4,FOODS,10724.0,28580.76
2014-05-05,CA_4,FOODS,10652.0,28131.59
2014-05-12,CA_4,FOODS,11467.0,29543.52
2014-05-19,CA_4,FOODS,10478.0,27656.79
2014-05-26,CA_4,FOODS,11266.0,29167.64
2014-06-02,CA_4,FOODS,11922.0,30586.08
2014-06-09,CA_4,FOODS,12160.0,30024.15
2014-06-16,CA_4,FOODS,11633.0,28250.35
2014-06-23,CA_4,FOODS,11008.0,26399.14
2014-06-30,CA_4,FOODS,11960.0,29103.94
2014-07-07,CA_4,FOODS,12082.0,30199.02
2014-07-14,CA_4,FOODS,10968.0,27781.08
2014-07-21,CA_4,FOODS,11122.0,27235.2
2014-07-28,CA_4,FOODS,11415.0,28360.22
2014-08-04,CA_4,FOODS,11655.0,29090.27
2014-08-11,CA_4,FOODS,11525.0,29259.65
2014-08-18,CA_4,FOODS,11408.0,29105.41
2014-08-25,CA_4,FOODS,10836.0,27326.7
2014-09-01,CA_4,FOODS,12215.0,31961.26
2014-09-08,CA_4,FOODS,11617.0,30981.32
2014-09-15,CA_4,FOODS,11293.0,29995.04
2014-09-22,CA_4,FOODS,11096.0,29372.81
2014-09-29,CA_4,FOODS,12368.0,34379.58
2014-10-06,CA_4,FOODS,11874.0,33182.86
2014-10-13,CA_4,FOODS,11535.0,32382.8
2014-10-20,CA_4,FOODS,10910.0,30493.06
2014-10-27,CA_4,FOODS,11155.0,32127.07
2014-11-03,CA_4,FOODS,11276.0,31503.84
2014-11-10,CA_4,FOODS,11029.0,31277.89
2014-11-17,CA_4,FOODS,10444.0,28843.98
2014-11-24,CA_4,FOODS,9665.0,26667.74
2014-12-01,CA_4,FOODS,10699.0,30455.79
2014-12-08,CA_4,FOODS,10265.0,29506.57
2014-12-15,CA_4,FOODS,9739.0,27544.37
2014-12-22,CA_4,FOODS,8316.0,23583.71
2014-12-29,CA_4,FOODS,10188.0,28915.13
2015-01-05,CA_4,FOODS,10999.0,30875.46
2015-01-12,CA_4,FOODS,10522.0,28699.33
2015-01-19,CA_4,FOODS,10476.0,29020.59
2015-01-26,CA_4,FOODS,11044.0,30228.96
2015-02-02,CA_4,FOODS,11442.0,31644.51
2015-02-09,CA_4,FOODS,10810.0,29316.88
2015-02-16,CA_4,FOODS,10090.0,28420.73
2015-02-23,CA_4,FOODS,10248.0,28666.77
2015-03-02,CA_4,FOODS,10709.0,29446.2
2015-03-09,CA_4,FOODS,10911.0,29774.17
2015-03-16,CA_4,FOODS,10497.0,29180.09
2015-03-23,CA_4,FOODS,11029.0,29757.05
2015-03-30,CA_4,FOODS,11393.0,30622.86
2015-04-06,CA_4,FOODS,10419.0,28962.86
2015-04-13,CA_4,FOODS,11066.0,29899.47
2015-04-20,CA_4,FOODS,10816.0,29736.6
2015-04-27,CA_4,FOODS,11526.0,31451.24
2015-05-04,CA_4,FOODS,11404.0,31285.02
2015-05-11,CA_4,FOODS,10665.0,30019.01
2015-05-18,CA_4,FOODS,10453.0,28774.73
2015-05-25,CA_4,FOODS,10412.0,28330.73
2015-06-01,CA_4,FOODS,10973.0,29778.72
2015-06-08,CA_4,FOODS,10939.0,29380.04
2015-06-15,CA_4,FOODS,11113.0,28717.66
2015-06-22,CA_4,FOODS,10852.0,27812.88
2015-06-29,CA_4,FOODS,11289.0,28767.14
2015-07-06,CA_4,FOODS,11475.0,30554.89
2015-07-13,CA_4,FOODS,11328.0,29261.27
2015-07-20,CA_4,FOODS,11045.0,29003.02
2015-07-27,CA_4,FOODS,11136.0,28655.59
2015-08-03,CA_4,FOODS,11467.0,30915.36
2015-08-10,CA_4,FOODS,11440.0,30116.15
2015-08-17,CA_4,FOODS,11215.0,29673.69
2015-08-24,CA_4,FOODS,11140.0,29756.75
2015-08-31,CA_4,FOODS,11215.0,29525.08
2015-09-07,CA_4,FOODS,12197.0,32420.98
2015-09-14,CA_4,FOODS,11359.0,30759.3
2015-09-21,CA_4,FOODS,12199.0,33070.4
2015-09-28,CA_4,FOODS,11721.0,32231.16
2015-10-05,CA_4,FOODS,12157.0,33449.68
2015-10-12,CA_4,FOODS,11504.0,32110.49
2015-10-19,CA_4,FOODS,11291.0,31073.2
2015-10-26,CA_4,FOODS,11019.0,30467.27
2015-11-02,CA_4,FOODS,10841.0,30536.43
2015-11-09,CA_4,FOODS,10392.0,29291.93
2015-11-16,CA_4,FOODS,10412.0,28878.48
2015-11-23,CA_4,FOODS,9184.0,25385.23
2015-11-30,CA_4,FOODS,10035.0,28927.42
2015-12-07,CA_4,FOODS,9990.0,28517.49
2015-12-14,CA_4,FOODS,9743.0,27440.82
2015-12-21,CA_4,FOODS,8186.0,22768.94
2015-12-28,CA_4,FOODS,9552.0,27437.37
2016-01-04,CA_4,FOODS,11025.0,30950.95
2016-01-11,CA_4,FOODS,10570.0,29306.5
2016-01-18,CA_4,FOODS,11502.0,31928.59
2016-01-25,CA_4,FOODS,11174.0,30859.94
2016-02-01,CA_4,FOODS,11589.0,32181.33
2016-02-08,CA_4,FOODS,11048.0,30455.49
2016-02-15,CA_4,FOODS,11091.0,30379.14
2016-02-22,CA_4,FOODS,11205.0,31235.89
2016-02-29,CA_4,FOODS,11930.0,33052.96
2016-03-07,CA_4,FOODS,11736.0,33082.02
2016-03-14,CA_4,FOODS,11963.0,33242.64
2016-03-21,CA_4,FOODS,12531.0,33772.86
2016-03-28,CA_4,FOODS,11652.0,32714.55
2016-04-04,CA_4,FOODS,12536.0,36641.39
2016-04-11,CA_4,FOODS,11587.0,32960.21
2016-04-18,CA_4,FOODS,12576.0,36027.27
2016-04-25,CA_4,FOODS,12555.0,35765.57
2016-05-02,CA_4,FOODS,12670.0,36528.22
2016-05-09,CA_4,FOODS,13288.0,37324.84
2016-05-16,CA_4,FOODS,13127.0,36309.37
2011-01-24,CA_4,HOBBIES,394.0,1036.87
2011-01-31,CA_4,HOBBIES,1615.0,3326.8
2011-02-07,CA_4,HOBBIES,1440.0,3343.79
2011-02-14,CA_4,HOBBIES,1421.0,3747.79
2011-02-21,CA_4,HOBBIES,1624.0,3670.85
2011-02-28,CA_4,HOBBIES,1564.0,3644.29
2011-03-07,CA_4,HOBBIES,1579.0,3288.25
2011-03-14,CA_4,HOBBIES,1529.0,3706.53
2011-03-21,CA_4,HOBBIES,1557.0,3853.74
2011-03-28,CA_4,HOBBIES,1681.0,3773.89
2011-04-04,CA_4,HOBBIES,1551.0,3715.46
2011-04-11,CA_4,HOBBIES,1637.0,4271.29
2011-04-18,CA_4,HOBBIES,1252.0,3951.74
2011-04-25,CA_4,HOBBIES,1434.0,3792.0
2011-05-02,CA_4,HOBBIES,1389.0,3573.81
2011-05-09,CA_4,HOBBIES,1783.0,4467.85
2011-05-16,CA_4,HOBBIES,1400.0,3924.69
2011-05-23,CA_4,HOBBIES,1454.0,4536.82
2011-05-30,CA_4,HOBBIES,1277.0,3932.77
2011-06-06,CA_4,HOBBIES,1438.0,4005.26
2011-06-13,CA_4,HOBBIES,1394.0,3301.76
2011-06-20,CA_4,HOBBIES,1347.0,3788.91
2011-06-27,CA_4,HOBBIES,1525.0,4483.43
2011-07-04,CA_4,HOBBIES,1387.0,3825.4
2011-07-11,CA_4,HOBBIES,1465.0,3978.93
2011-07-18,CA_4,HOBBIES,1455.0,3963.56
2011-07-25,CA_4,HOBBIES,1423.0,3868.27
2011-08-01,CA_4,HOBBIES,1343.0,3755.71
2011-08-08,CA_4,HOBBIES,1309.0,3472.82
2011-08-15,CA_4,HOBBIES,1440.0,3558.26
2011-08-22,CA_4,HOBBIES,1479.0,3914.38
2011-08-29,CA_4,HOBBIES,1537.0,3981.32
2011-09-05,CA_4,HOBBIES,1625.0,4242.37
2011-09-12,CA_4,HOBBIES,1421.0,3844.31
2011-09-19,CA_4,HOBBIES,1581.0,4013.93
2011-09-26,CA_4,HOBBIES,1588.0,3986.77
2011-10-03,CA_4,HOBBIES,1722.0,4276.42
2011-10-10,CA_4,HOBBIES,1556.0,4014.13
2011-10-17,CA_4,HOBBIES,1608.0,3767.01
2011-10-24,CA_4,HOBBIES,1749.0,4161.5
2011-10-31,CA_4,HOBBIES,1683.0,4205.22
2011-11-07,CA_4,HOBBIES,1551.0,3837.47
2011-11-14,CA_4,HOBBIES,1702.0,4033.53
2011-11-21,CA_4,HOBBIES,1491.0,3359.63
2011-11-28,CA_4,HOBBIES,1680.0,3910.29
2011-12-05,CA_4,HOBBIES,1707.0,4281.42
2011-12-12,CA_4,HOBBIES,1590.0,4136.01
2011-12-19,CA_4,HOBBIES,1564.0,3933.97
2011-12-26,CA_4,HOBBIES,1589.0,3691.87
2012-01-02,CA_4,HOBBIES,1692.0,4431.1
2012-01-09,CA_4,HOBBIES,1726.0,4116.27
2012-01-16,CA_4,HOBBIES,1648.0,4483.9
2012-01-23,CA_4,HOBBIES,1788.0,4527.93
2012-01-30,CA_4,HOBBIES,1703.0,4809.34
2012-02-06,CA_4,HOBBIES,1834.0,4759.03
2012-02-13,CA_4,HOBBIES,1665.0,4765.57
2012-02-20,CA_4,HOBBIES,1598.0,4367.72
2012-02-27,CA_4,HOBBIES,1752.0,4388.65
2012-03-05,CA_4,HOBBIES,1898.0,4734.07
2012-03-12,CA_4,HOBBIES,1777.0,4864.74
2012-03-19,CA_4,HOBBIES,1629.0,4610.03
2012-03-26,CA_4,HOBBIES,1703.0,4997.51
2012-04-02,CA_4,HOBBIES,1986.0,5100.42
2012-04-09,CA_4,HOBBIES,1696.0,4640.57
2012-04-16,CA_4,HOBBIES,1681.0,4904.32
2012-04-23,CA_4,HOBBIES,1838.0,5069.09
2012-04-30,CA_4,HOBBIES,1656.0,4644.33
2012-05-07,CA_4,HOBBIES,1146.0,4405.41
2012-05-14,CA_4,HOBBIES,1358.0,4608.75
2012-05-21,CA_4,HOBBIES,1243.0,4360.23
2012-05-28,CA_4,HOBBIES,1656.0,4775.33
2012-06-04,CA_4,HOBBIES,1943.0,4960.3
2012-06-11,CA_4,HOBBIES,1763.0,4580.61
2012-06-18,CA_4,HOBBIES,1846.0,4854.45
2012-06-25,CA_4,HOBBIES,1920.0,5474.21
2012-07-02,CA_4,HOBBIES,1513.0,5225.91
2012-07-09,CA_4,HOBBIES,1909.0,5276.29
2012-07-16,CA_4,HOBBIES,2348.0,5919.45
2012-07-23,CA_4,HOBBIES,1475.0,4911.3
2012-07-30,CA_4,HOBBIES,1390.0,5134.85
2012-08-06,CA_4,HOBBIES,1472.0,4909.22
2012-08-13,CA_4,HOBBIES,1463.0,5127.5
2012-08-20,CA_4,HOBBIES,1309.0,5032.38
2012-08-27,CA_4,HOBBIES,1467.0,5259.77
2012-09-03,CA_4,HOBBIES,1420.0,4898.1
2012-09-10,CA_4,HOBBIES,1618.0,5305.01
2012-09-17,CA_4,HOBBIES,1571.0,5457.31
2012-09-24,CA_4,HOBBIES,1510.0,5475.94
2012-10-01,CA_4,HOBBIES,1543.0,5201.95
2012-10-08,CA_4,HOBBIES,1451.0,5248.28
2012-10-15,CA_4,HOBBIES,1440.0,5429.01
2012-10-22,CA_4,HOBBIES,1352.0,5221.35
2012-10-29,CA_4,HOBBIES,1384.0,5196.98
2012-11-05,CA_4,HOBBIES,1459.0,5514.27
2012-11-12,CA_4,HOBBIES,1345.0,5327.73
2012-11-19,CA_4,HOBBIES,1321.0,4611.27
2012-11-26,CA_4,HOBBIES,1478.0,5675.57
2012-12-03,CA_4,HOBBIES,1450.0,5900.47
2012-12-10,CA_4,HOBBIES,1571.0,6120.41
2012-12-17,CA_4,HOBBIES,1611.0,6273.65
2012-12-24,CA_4,HOBBIES,1148.0,4793.45
2012-12-31,CA_4,HOBBIES,1367.0,5321.82
2013-01-07,CA_4,HOBBIES,1366.0,5838.64
2013-01-14,CA_4,HOBBIES,1489.0,5552.34
2013-01-21,CA_4,HOBBIES,2094.0,6394.1
2013-01-28,CA_4,HOBBIES,2278.0,6571.29
2013-02-04,CA_4,HOBBIES,2461.0,6881.56
2013-02-11,CA_4,HOBBIES,2229.0,6537.31
2013-02-18,CA_4,HOBBIES,2166.0,6254.13
2013-02-25,CA_4,HOBBIES,2525.0,7600.88
2013-03-04,CA_4,HOBBIES,2052.0,6588.44
2013-03-11,CA_4,HOBBIES,2314.0,6850.16
2013-03-18,CA_4,HOBBIES,2383.0,6894.44
2013-03-25,CA_4,HOBBIES,1810.0,6883.13
2013-04-01,CA_4,HOBBIES,2228.0,6460.92
2013-04-08,CA_4,HOBBIES,2187.0,6548.04
2013-04-15,CA_4,HOBBIES,2330.0,7126.25
2013-04-22,CA_4,HOBBIES,2462.0,7089.31
2013-04-29,CA_4,HOBBIES,2234.0,6803.96
2013-05-06,CA_4,HOBBIES,2146.0,6085.09
2013-05-13,CA_4,HOBBIES,2354.0,7168.74
2013-05-20,CA_4,HOBBIES,2434.0,6701.99
2013-05-27,CA_4,HOBBIES,2411.0,7461.59
2013-06-03,CA_4,HOBBIES,2173.0,6942.27
2013-06-10,CA_4,HOBBIES,2252.0,6877.94
2013-06-17,CA_4,HOBBIES,2180.0,6757.81
2013-06-24,CA_4,HOBBIES,2243.0,6976.87
2013-07-01,CA_4,HOBBIES,1973.0,6270.25
2013-07-08,CA_4,HOBBIES,2064.0,6806.92
2013-07-15,CA_4,HOBBIES,2257.0,7613.55
2013-07-22,CA_4,HOBBIES,2058.0,6984.54
2013-07-29,CA_4,HOBBIES,2139.0,7309.02
2013-08-05,CA_4,HOBBIES,1705.0,6019.43
2013-08-12,CA_4,HOBBIES,2057.0,7041.1
2013-08-19,CA_4,HOBBIES,1850.0,6986.31
2013-08-26,CA_4,HOBBIES,1859.0,6441.8
2013-09-02,CA_4,HOBBIES,1574.0,6659.91
2013-09-09,CA_4,HOBBIES,2074.0,7161.16
2013-09-16,CA_4,HOBBIES,2295.0,7073.16
2013-09-23,CA_4,HOBBIES,2496.0,7083.79
2013-09-30,CA_4,HOBBIES,2271.0,7079.67
2013-10-07,CA_4,HOBBIES,2238.0,7539.3
2013-10-14,CA_4,HOBBIES,2195.0,7089.47
2013-10-21,CA_4,HOBBIES,2505.0,7468.91
2013-10-28,CA_4,HOBBIES,2491.0,7580.89
2013-11-04,CA_4,HOBBIES,2544.0,7497.59
2013-11-11,CA_4,HOBBIES,2272.0,7599.2
2013-11-18,CA_4,HOBBIES,2557.0,7841.43
2013-11-25,CA_4,HOBBIES,2235.0,6640.43
2013-12-02,CA_4,HOBBIES,2547.0,8079.12
2013-12-09,CA_4,HOBBIES,2259.0,7190.83
2013-12-16,CA_4,HOBBIES,2486.0,7833.09
2013-12-23,CA_4,HOBBIES,2083.0,6665.78
2013-12-30,CA_4,HOBBIES,2228.0,7185.44
2014-01-06,CA_4,HOBBIES,2347.0,7921.19
2014-01-13,CA_4,HOBBIES,2490.0,7538.92
2014-01-20,CA_4,HOBBIES,2386.0,7091.69
2014-01-27,CA_4,HOBBIES,2390.0,7853.87
2014-02-03,CA_4,HOBBIES,2615.0,7585.84
2014-02-10,CA_4,HOBBIES,2170.0,7219.83
2014-02-17,CA_4,HOBBIES,2062.0,6785.46
2014-02-24,CA_4,HOBBIES,2424.0,7769.75
2014-03-03,CA_4,HOBBIES,2247.0,7291.29
2014-03-10,CA_4,HOBBIES,2245.0,6946.91
2014-03-17,CA_4,HOBBIES,2083.0,7139.51
2014-03-24,CA_4,HOBBIES,2113.0,7272.33
2014-03-31,CA_4,HOBBIES,2175.0,7684.06
2014-04-07,CA_4,HOBBIES,2308.0,7729.07
2014-04-14,CA_4,HOBBIES,2118.0,7041.7
2014-04-21,CA_4,HOBBIES,2448.0,8286.11
2014-04-28,CA_4,HOBBIES,2216.0,6443.01
2014-05-05,CA_4,HOBBIES,2281.0,7156.36
2014-05-12,CA_4,HOBBIES,2084.0,7518.32
2014-05-19,CA_4,HOBBIES,2126.0,7920.02
2014-05-26,CA_4,HOBBIES,2109.0,7549.03
2014-06-02,CA_4,HOBBIES,2659.0,8415.68
2014-06-09,CA_4,HOBBIES,2365.0,7983.92
2014-06-16,CA_4,HOBBIES,2389.0,8096.37
2014-06-23,CA_4,HOBBIES,2142.0,7594.43
2014-06-30,CA_4,HOBBIES,2274.0,7792.82
2014-07-07,CA_4,HOBBIES,2232.0,7450.25
2014-07-14,CA_4,HOBBIES,2183.0,7852.06
2014-07-21,CA_4,HOBBIES,1924.0,7439.59
2014-07-28,CA_4,HOBBIES,2294.0,7393.79
2014-08-04,CA_4,HOBBIES,2343.0,8110.93
2014-08-11,CA_4,HOBBIES,2033.0,7224.01
2014-08-18,CA_4,HOBBIES,1991.0,7946.59
2014-08-25,CA_4,HOBBIES,1935.0,7661.51
2014-09-01,CA_4,HOBBIES,2160.0,8033.4
2014-09-08,CA_4,HOBBIES,2042.0,7527.28
2014-09-15,CA_4,HOBBIES,2080.0,7922.37
2014-09-22,CA_4,HOBBIES,1806.0,7453.02
2014-09-29,CA_4,HOBBIES,2194.0,8276.68
2014-10-06,CA_4,HOBBIES,2107.0,8005.63
2014-10-13,CA_4,HOBBIES,2206.0,7864.9
2014-10-20,CA_4,HOBBIES,2178.0,7802.48
2014-10-27,CA_4,HOBBIES,2192.0,8132.39
2014-11-03,CA_4,HOBBIES,2181.0,8433.34
2014-11-10,CA_4,HOBBIES,2037.0,8213.91
2014-11-17,CA_4,HOBBIES,2048.0,8117.66
2014-11-24,CA_4,HOBBIES,1913.0,7034.9
2014-12-01,CA_4,HOBBIES,2370.0,8974.65
2014-12-08,CA_4,HOBBIES,2071.0,8242.8
2014-12-15,CA_4,HOBBIES,2089.0,8682.2
2014-12-22,CA_4,HOBBIES,1841.0,7222.01
2014-12-29,CA_4,HOBBIES,2127.0,8299.02
2015-01-05,CA_4,HOBBIES,2057.0,9211.93
2015-01-12,CA_4,HOBBIES,2205.0,8148.51
2015-01-19,CA_4,HOBBIES,2233.0,8536.88
2015-01-26,CA_4,HOBBIES,2432.0,9213.45
2015-02-02,CA_4,HOBBIES,2447.0,8645.07
2015-02-09,CA_4,HOBBIES,2523.0,9653.74
2015-02-16,CA_4,HOBBIES,2465.0,8918.37
2015-02-23,CA_4,HOBBIES,2511.0,10156.3
2015-03-02,CA_4,HOBBIES,2342.0,9070.21
2015-03-09,CA_4,HOBBIES,2660.0,9431.97
2015-03-16,CA_4,HOBBIES,2259.0,8459.71
2015-03-23,CA_4,HOBBIES,2359.0,9096.48
2015-03-30,CA_4,HOBBIES,2421.0,9379.16
2015-04-06,CA_4,HOBBIES,2717.0,10212.75
2015-04-13,CA_4,HOBBIES,2141.0,8785.22
2015-04-20,CA_4,HOBBIES,2509.0,9243.12
2015-04-27,CA_4,HOBBIES,2795.0,10325.63
2015-05-04,CA_4,HOBBIES,2657.0,9332.85
2015-05-11,CA_4,HOBBIES,2444.0,9732.34
2015-05-18,CA_4,HOBBIES,2607.0,9303.05
2015-05-25,CA_4,HOBBIES,2811.0,10172.9
2015-06-01,CA_4,HOBBIES,2841.0,10512.66
2015-06-08,CA_4,HOBBIES,2463.0,9072.42
2015-06-15,CA_4,HOBBIES,2698.0,9905.45
2015-06-22,CA_4,HOBBIES,2377.0,9117.79
2015-06-29,CA_4,HOBBIES,2692.0,9288.63
2015-07-06,CA_4,HOBBIES,2743.0,9940.13
2015-07-13,CA_4,HOBBIES,2771.0,9778.86
2015-07-20,CA_4,HOBBIES,2468.0,9003.61
2015-07-27,CA_4,HOBBIES,2706.0,10140.61
2015-08-03,CA_4,HOBBIES,2665.0,9588.77
2015-08-10,CA_4,HOBBIES,2553.0,9096.45
2015-08-17,CA_4,HOBBIES,2696.0,9727.23
2015-08-24,CA_4,HOBBIES,2554.0,9445.38
2015-08-31,CA_4,HOBBIES,2570.0,9514.71
2015-09-07,CA_4,HOBBIES,2681.0,9226.31
2015-09-14,CA_4,HOBBIES,2721.0,9781.12
2015-09-21,CA_4,HOBBIES,2655.0,9200.76
2015-09-28,CA_4,HOBBIES,2834.0,10356.84
2015-10-05,CA_4,HOBBIES,2587.0,9133.79
2015-10-12,CA_4,HOBBIES,2525.0,9117.23
2015-10-19,CA_4,HOBBIES,2664.0,9482.52
2015-10-26,CA_4,HOBBIES,3282.0,10494.37
2015-11-02,CA_4,HOBBIES,3101.0,10087.31
2015-11-09,CA_4,HOBBIES,2835.0,10095.81
2015-11-16,CA_4,HOBBIES,3092.0,10528.6
2015-11-23,CA_4,HOBBIES,2676.0,8906.2
2015-11-30,CA_4,HOBBIES,3127.0,10700.4
2015-12-07,CA_4,HOBBIES,2870.0,9913.01
2015-12-14,CA_4,HOBBIES,2997.0,10496.21
2015-12-21,CA_4,HOBBIES,2251.0,8969.06
2015-12-28,CA_4,HOBBIES,2717.0,10194.49
2016-01-04,CA_4,HOBBIES,2884.0,9531.89
2016-01-11,CA_4,HOBBIES,2621.0,9661.45
2016-01-18,CA_4,HOBBIES,2710.0,10357.71
2016-01-25,CA_4,HOBBIES,3001.0,10220.76
2016-02-01,CA_4,HOBBIES,2871.0,10614.52
2016-02-08,CA_4,HOBBIES,2770.0,10364.5
2016-02-15,CA_4,HOBBIES,2556.0,9919.71
2016-02-22,CA_4,HOBBIES,2497.0,9785.89
2016-02-29,CA_4,HOBBIES,2930.0,10555.83
2016-03-07,CA_4,HOBBIES,2368.0,9675.31
2016-03-14,CA_4,HOBBIES,2615.0,10243.73
2016-03-21,CA_4,HOBBIES,2291.0,9384.37
2016-03-28,CA_4,HOBBIES,2502.0,10141.1
2016-04-04,CA_4,HOBBIES,2562.0,9662.5
2016-04-11,CA_4,HOBBIES,2444.0,9304.87
2016-04-18,CA_4,HOBBIES,2810.0,10416.57
2016-04-25,CA_4,HOBBIES,2633.0,10476.8
2016-05-02,CA_4,HOBBIES,2783.0,10208.49
2016-05-09,CA_4,HOBBIES,2860.0,10786.2
2016-05-16,CA_4,HOBBIES,2800.0,10400.53
2011-01-24,CA_4,HOUSEHOLD,516.0,2307.22
2011-01-31,CA_4,HOUSEHOLD,1406.0,6360.5
2011-02-07,CA_4,HOUSEHOLD,1529.0,6648.41
2011-02-14,CA_4,HOUSEHOLD,1390.0,6480.75
2011-02-21,CA_4,HOUSEHOLD,1424.0,6601.89
2011-02-28,CA_4,HOUSEHOLD,1496.0,6714.31
2011-03-07,CA_4,HOUSEHOLD,1521.0,6915.99
2011-03-14,CA_4,HOUSEHOLD,1651.0,7327.88
2011-03-21,CA_4,HOUSEHOLD,1666.0,7131.46
2011-03-28,CA_4,HOUSEHOLD,1599.0,6857.11
2011-04-04,CA_4,HOUSEHOLD,1622.0,7420.24
2011-04-11,CA_4,HOUSEHOLD,1618.0,7375.4
2011-04-18,CA_4,HOUSEHOLD,1575.0,7405.6
2011-04-25,CA_4,HOUSEHOLD,1467.0,6716.02
2011-05-02,CA_4,HOUSEHOLD,1451.0,6604.66
2011-05-09,CA_4,HOUSEHOLD,1648.0,7949.4
2011-05-16,CA_4,HOUSEHOLD,1571.0,7260.67
2011-05-23,CA_4,HOUSEHOLD,1443.0,6622.94
2011-05-30,CA_4,HOUSEHOLD,1691.0,7998.67
2011-06-06,CA_4,HOUSEHOLD,1613.0,7246.67
2011-06-13,CA_4,HOUSEHOLD,1528.0,7119.57
2011-06-20,CA_4,HOUSEHOLD,1508.0,6799.58
2011-06-27,CA_4,HOUSEHOLD,1611.0,7130.28
2011-07-04,CA_4,HOUSEHOLD,1772.0,8033.44
2011-07-11,CA_4,HOUSEHOLD,1686.0,7864.95
2011-07-18,CA_4,HOUSEHOLD,1688.0,7425.29
2011-07-25,CA_4,HOUSEHOLD,1687.0,7439.03
2011-08-01,CA_4,HOUSEHOLD,1750.0,7622.52
2011-08-08,CA_4,HOUSEHOLD,1778.0,7947.34
2011-08-15,CA_4,HOUSEHOLD,1821.0,8088.1
2011-08-22,CA_4,HOUSEHOLD,1801.0,7898.45
2011-08-29,CA_4,HOUSEHOLD,1870.0,8452.1
2011-09-05,CA_4,HOUSEHOLD,1941.0,8680.44
2011-09-12,CA_4,HOUSEHOLD,1934.0,8870.42
2011-09-19,CA_4,HOUSEHOLD,1869.0,8212.9
2011-09-26,CA_4,HOUSEHOLD,1946.0,8479.99
2011-10-03,CA_4,HOUSEHOLD,1894.0,8000.39
2011-10-10,CA_4,HOUSEHOLD,1889.0,8252.39
2011-10-17,CA_4,HOUSEHOLD,1780.0,8039.68
2011-10-24,CA_4,HOUSEHOLD,1933.0,8359.6
2011-10-31,CA_4,HOUSEHOLD,1928.0,8729.01
2011-11-07,CA_4,HOUSEHOLD,1832.0,8154.53
2011-11-14,CA_4,HOUSEHOLD,1832.0,8040.27
2011-11-21,CA_4,HOUSEHOLD,1648.0,7324.34
2011-11-28,CA_4,HOUSEHOLD,1773.0,7758.97
2011-12-05,CA_4,HOUSEHOLD,1770.0,8062.03
2011-12-12,CA_4,HOUSEHOLD,1693.0,7862.75
2011-12-19,CA_4,HOUSEHOLD,1479.0,6649.55
2011-12-26,CA_4,HOUSEHOLD,1770.0,7838.3
2012-01-02,CA_4,HOUSEHOLD,1737.0,7722.95
2012-01-09,CA_4,HOUSEHOLD,1728.0,7973.82
2012-01-16,CA_4,HOUSEHOLD,1881.0,8575.26
2012-01-23,CA_4,HOUSEHOLD,1744.0,8169.54
2012-01-30,CA_4,HOUSEHOLD,1883.0,8578.5
2012-02-06,CA_4,HOUSEHOLD,1800.0,8120.76
2012-02-13,CA_4,HOUSEHOLD,1787.0,8703.49
2012-02-20,CA_4,HOUSEHOLD,1889.0,8820.63
2012-02-27,CA_4,HOUSEHOLD,2003.0,9264.3
2012-03-05,CA_4,HOUSEHOLD,2102.0,9808.42
2012-03-12,CA_4,HOUSEHOLD,1860.0,8376.19
2012-03-19,CA_4,HOUSEHOLD,1865.0,8762.11
2012-03-26,CA_4,HOUSEHOLD,1886.0,8448.03
2012-04-02,CA_4,HOUSEHOLD,1875.0,8356.46
2012-04-09,CA_4,HOUSEHOLD,1920.0,8747.17
2012-04-16,CA_4,HOUSEHOLD,1895.0,8441.21
2012-04-23,CA_4,HOUSEHOLD,1954.0,8526.33
2012-04-30,CA_4,HOUSEHOLD,2009.0,9009.97
2012-05-07,CA_4,HOUSEHOLD,1792.0,7999.5
2012-05-14,CA_4,HOUSEHOLD,1997.0,8774.07
2012-05-21,CA_4,HOUSEHOLD,1901.0,8068.1
2012-05-28,CA_4,HOUSEHOLD,2159.0,9622.91
2012-06-04,CA_4,HOUSEHOLD,1911.0,8434.4
2012-06-11,CA_4,HOUSEHOLD,2269.0,9699.06
2012-06-18,CA_4,HOUSEHOLD,2184.0,9069.68
2012-06-25,CA_4,HOUSEHOLD,2305.0,9582.85
2012-07-02,CA_4,HOUSEHOLD,2334.0,9450.75
2012-07-09,CA_4,HOUSEHOLD,2335.0,9584.21
2012-07-16,CA_4,HOUSEHOLD,2368.0,9518.94
2012-07-23,CA_4,HOUSEHOLD,2296.0,8926.6
2012-07-30,CA_4,HOUSEHOLD,2550.0,9896.39
2012-08-06,CA_4,HOUSEHOLD,2321.0,9771.85
2012-08-13,CA_4,HOUSEHOLD,2604.0,10899.54
2012-08-20,CA_4,HOUSEHOLD,2588.0,10437.41
2012-08-27,CA_4,HOUSEHOLD,2315.0,9526.72
2012-09-03,CA_4,HOUSEHOLD,2538.0,10360.6
2012-09-10,CA_4,HOUSEHOLD,2419.0,10154.96
2012-09-17,CA_4,HOUSEHOLD,2554.0,10779.57
2012-09-24,CA_4,HOUSEHOLD,2425.0,10616.01
2012-10-01,CA_4,HOUSEHOLD,2560.0,10824.31
2012-10-08,CA_4,HOUSEHOLD,2423.0,9960.52
2012-10-15,CA_4,HOUSEHOLD,2542.0,10597.19
2012-10-22,CA_4,HOUSEHOLD,2367.0,9622.88
2012-10-29,CA_4,HOUSEHOLD,2418.0,9470.62
2012-11-05,CA_4,HOUSEHOLD,2311.0,9383.82
2012-11-12,CA_4,HOUSEHOLD,2277.0,9414.59
2012-11-19,CA_4,HOUSEHOLD,2091.0,8637.64
2012-11-26,CA_4,HOUSEHOLD,2414.0,10458.19
2012-12-03,CA_4,HOUSEHOLD,2361.0,10135.52
2012-12-10,CA_4,HOUSEHOLD,2179.0,9177.12
2012-12-17,CA_4,HOUSEHOLD,2283.0,10192.13
2012-12-24,CA_4,HOUSEHOLD,2005.0,8608.77
2012-12-31,CA_4,HOUSEHOLD,2262.0,9142.83
2013-01-07,CA_4,HOUSEHOLD,2095.0,9110.04
2013-01-14,CA_4,HOUSEHOLD,2225.0,9406.74
2013-01-21,CA_4,HOUSEHOLD,2401.0,10452.27
2013-01-28,CA_4,HOUSEHOLD,2333.0,9907.5
2013-02-04,CA_4,HOUSEHOLD,2373.0,10304.36
2013-02-11,CA_4,HOUSEHOLD,2034.0,8570.8
2013-02-18,CA_4,HOUSEHOLD,2218.0,9516.51
2013-02-25,CA_4,HOUSEHOLD,2520.0,10787.94
2013-03-04,CA_4,HOUSEHOLD,2399.0,9999.06
2013-03-11,CA_4,HOUSEHOLD,2438.0,9897.87
2013-03-18,CA_4,HOUSEHOLD,2713.0,11153.58
2013-03-25,CA_4,HOUSEHOLD,2456.0,10290.91
2013-04-01,CA_4,HOUSEHOLD,2591.0,10503.69
2013-04-08,CA_4,HOUSEHOLD,2595.0,10703.32
2013-04-15,CA_4,HOUSEHOLD,2571.0,10685.02
2013-04-22,CA_4,HOUSEHOLD,2664.0,11363.33
2013-04-29,CA_4,HOUSEHOLD,2874.0,11859.72
2013-05-06,CA_4,HOUSEHOLD,2752.0,11159.67
2013-05-13,CA_4,HOUSEHOLD,2842.0,11844.05
2013-05-20,CA_4,HOUSEHOLD,2832.0,11780.99
2013-05-27,CA_4,HOUSEHOLD,3089.0,12924.46
2013-06-03,CA_4,HOUSEHOLD,2758.0,11346.02
2013-06-10,CA_4,HOUSEHOLD,2945.0,12163.21
2013-06-17,CA_4,HOUSEHOLD,3008.0,12251.19
2013-06-24,CA_4,HOUSEHOLD,2924.0,11784.43
2013-07-01,CA_4,HOUSEHOLD,2943.0,12042.86
2013-07-08,CA_4,HOUSEHOLD,2914.0,11874.19
2013-07-15,CA_4,HOUSEHOLD,3068.0,12116.83
2013-07-22,CA_4,HOUSEHOLD,2928.0,11866.39
2013-07-29,CA_4,HOUSEHOLD,2986.0,12219.69
2013-08-05,CA_4,HOUSEHOLD,3058.0,12548.18
2013-08-12,CA_4,HOUSEHOLD,3141.0,13062.17
2013-08-19,CA_4,HOUSEHOLD,3177.0,13001.57
2013-08-26,CA_4,HOUSEHOLD,3050.0,12272.47
2013-09-02,CA_4,HOUSEHOLD,3067.0,12584.42
2013-09-09,CA_4,HOUSEHOLD,2910.0,11760.52
2013-09-16,CA_4,HOUSEHOLD,2954.0,12385.66
2013-09-23,CA_4,HOUSEHOLD,2635.0,10913.28
2013-09-30,CA_4,HOUSEHOLD,2937.0,12005.43
2013-10-07,CA_4,HOUSEHOLD,2908.0,11951.33
2013-10-14,CA_4,HOUSEHOLD,2731.0,11639.28
2013-10-21,CA_4,HOUSEHOLD,2725.0,11365.14
2013-10-28,CA_4,HOUSEHOLD,2827.0,12227.61
2013-11-04,CA_4,HOUSEHOLD,2695.0,11287.07
2013-11-11,CA_4,HOUSEHOLD,2669.0,11702.71
2013-11-18,CA_4,HOUSEHOLD,2657.0,11432.41
2013-11-25,CA_4,HOUSEHOLD,2346.0,9703.85
2013-12-02,CA_4,HOUSEHOLD,2731.0,11483.39
2013-12-09,CA_4,HOUSEHOLD,2342.0,10059.58
2013-12-16,CA_4,HOUSEHOLD,2430.0,10356.72
2013-12-23,CA_4,HOUSEHOLD,2222.0,9651.09
2013-12-30,CA_4,HOUSEHOLD,2466.0,10549.16
2014-01-06,CA_4,HOUSEHOLD,2694.0,11154.14
2014-01-13,CA_4,HOUSEHOLD,2567.0,10541.73
2014-01-20,CA_4,HOUSEHOLD,2682.0,11344.25
2014-01-27,CA_4,HOUSEHOLD,2707.0,11033.15
2014-02-03,CA_4,HOUSEHOLD,2856.0,11886.81
2014-02-10,CA_4,HOUSEHOLD,2734.0,11503.46
2014-02-17,CA_4,HOUSEHOLD,2726.0,11348.85
2014-02-24,CA_4,HOUSEHOLD,2886.0,12702.14
2014-03-03,CA_4,HOUSEHOLD,2797.0,12111.2
2014-03-10,CA_4,HOUSEHOLD,2832.0,11962.85
2014-03-17,CA_4,HOUSEHOLD,2986.0,13020.1
2014-03-24,CA_4,HOUSEHOLD,3001.0,13101.44
2014-03-31,CA_4,HOUSEHOLD,2953.0,12864.88
2014-04-07,CA_4,HOUSEHOLD,2875.0,12606.34
2014-04-14,CA_4,HOUSEHOLD,2962.0,12491.06
2014-04-21,CA_4,HOUSEHOLD,2965.0,13196.44
2014-04-28,CA_4,HOUSEHOLD,2908.0,12879.48
2014-05-05,CA_4,HOUSEHOLD,2770.0,11929.76
2014-05-12,CA_4,HOUSEHOLD,2947.0,13017.98
2014-05-19,CA_4,HOUSEHOLD,2795.0,12094.98
2014-05-26,CA_4,HOUSEHOLD,3165.0,13705.54
2014-06-02,CA_4,HOUSEHOLD,3168.0,13824.35
2014-06-09,CA_4,HOUSEHOLD,2976.0,12763.06
2014-06-16,CA_4,HOUSEHOLD,3097.0,13373.67
2014-06-23,CA_4,HOUSEHOLD,3166.0,13360.01
2014-06-30,CA_4,HOUSEHOLD,3276.0,14029.42
2014-07-07,CA_4,HOUSEHOLD,3076.0,13102.27
2014-07-14,CA_4,HOUSEHOLD,3141.0,12562.47
2014-07-21,CA_4,HOUSEHOLD,2982.0,12216.9
2014-07-28,CA_4,HOUSEHOLD,2999.0,12542.42
2014-08-04,CA_4,HOUSEHOLD,3111.0,12668.75
2014-08-11,CA_4,HOUSEHOLD,3172.0,13369.94
2014-08-18,CA_4,HOUSEHOLD,3187.0,13193.8
2014-08-25,CA_4,HOUSEHOLD,3087.0,12854.91
2014-09-01,CA_4,HOUSEHOLD,3313.0,13806.07
2014-09-08,CA_4,HOUSEHOLD,3069.0,12713.04
2014-09-15,CA_4,HOUSEHOLD,3155.0,13600.47
2014-09-22,CA_4,HOUSEHOLD,2977.0,13045.06
2014-09-29,CA_4,HOUSEHOLD,3205.0,14219.67
2014-10-06,CA_4,HOUSEHOLD,3212.0,13954.67
2014-10-13,CA_4,HOUSEHOLD,3179.0,13794.18
2014-10-20,CA_4,HOUSEHOLD,3113.0,13517.72
2014-10-27,CA_4,HOUSEHOLD,3052.0,13565.19
2014-11-03,CA_4,HOUSEHOLD,3263.0,13775.21
2014-11-10,CA_4,HOUSEHOLD,2763.0,11811.76
2014-11-17,CA_4,HOUSEHOLD,2987.0,13131.19
2014-11-24,CA_4,HOUSEHOLD,2757.0,11997.56
2014-12-01,CA_4,HOUSEHOLD,2968.0,13259.68
2014-12-08,CA_4,HOUSEHOLD,2792.0,12624.18
2014-12-15,CA_4,HOUSEHOLD,3158.0,12683.9
2014-12-22,CA_4,HOUSEHOLD,2559.0,10681.45
2014-12-29,CA_4,HOUSEHOLD,2849.0,12696.06
2015-01-05,CA_4,HOUSEHOLD,2781.0,12408.22
2015-01-12,CA_4,HOUSEHOLD,3090.0,13756.14
2015-01-19,CA_4,HOUSEHOLD,2929.0,12769.15
2015-01-26,CA_4,HOUSEHOLD,2962.0,12914.62
2015-02-02,CA_4,HOUSEHOLD,3167.0,13756.81
2015-02-09,CA_4,HOUSEHOLD,2830.0,11990.97
2015-02-16,CA_4,HOUSEHOLD,3186.0,13637.27
2015-02-23,CA_4,HOUSEHOLD,3150.0,13553.54
2015-03-02,CA_4,HOUSEHOLD,3130.0,13627.62
2015-03-09,CA_4,HOUSEHOLD,3248.0,14063.93
2015-03-16,CA_4,HOUSEHOLD,3127.0,13441.62
2015-03-23,CA_4,HOUSEHOLD,3198.0,14203.73
2015-03-30,CA_4,HOUSEHOLD,3328.0,14308.66
2015-04-06,CA_4,HOUSEHOLD,3287.0,14479.18
2015-04-13,CA_4,HOUSEHOLD,3226.0,14086.4
2015-04-20,CA_4,HOUSEHOLD,3411.0,14670.33
2015-04-27,CA_4,HOUSEHOLD,3327.0,14294.75
2015-05-04,CA_4,HOUSEHOLD,3305.0,14265.06
2015-05-11,CA_4,HOUSEHOLD,3433.0,14635.73
2015-05-18,CA_4,HOUSEHOLD,3222.0,14088.81
2015-05-25,CA_4,HOUSEHOLD,3379.0,14995.12
2015-06-01,CA_4,HOUSEHOLD,3479.0,14927.7
2015-06-08,CA_4,HOUSEHOLD,3184.0,13682.31
2015-06-15,CA_4,HOUSEHOLD,3467.0,15263.72
2015-06-22,CA_4,HOUSEHOLD,3407.0,14410.05
2015-06-29,CA_4,HOUSEHOLD,3434.0,14435.19
2015-07-06,CA_4,HOUSEHOLD,3576.0,15162.82
2015-07-13,CA_4,HOUSEHOLD,3640.0,15307.16
2015-07-20,CA_4,HOUSEHOLD,3480.0,14891.1
2015-07-27,CA_4,HOUSEHOLD,3502.0,14610.84
2015-08-03,CA_4,HOUSEHOLD,3578.0,15335.84
2015-08-10,CA_4,HOUSEHOLD,3481.0,14644.24
2015-08-17,CA_4,HOUSEHOLD,3607.0,15608.63
2015-08-24,CA_4,HOUSEHOLD,3445.0,14868.47
2015-08-31,CA_4,HOUSEHOLD,3449.0,14212.97
2015-09-07,CA_4,HOUSEHOLD,3479.0,14491.11
2015-09-14,CA_4,HOUSEHOLD,3463.0,14872.93
2015-09-21,CA_4,HOUSEHOLD,3535.0,14864.29
2015-09-28,CA_4,HOUSEHOLD,3555.0,15007.04
2015-10-05,CA_4,HOUSEHOLD,3522.0,14525.12
2015-10-12,CA_4,HOUSEHOLD,3366.0,14421.53
2015-10-19,CA_4,HOUSEHOLD,3481.0,14991.08
2015-10-26,CA_4,HOUSEHOLD,3427.0,14523.53
2015-11-02,CA_4,HOUSEHOLD,3364.0,14254.43
2015-11-09,CA_4,HOUSEHOLD,3197.0,14061.47
2015-11-16,CA_4,HOUSEHOLD,3340.0,14646.31
2015-11-23,CA_4,HOUSEHOLD,2971.0,12964.64
2015-11-30,CA_4,HOUSEHOLD,3450.0,15352.21
2015-12-07,CA_4,HOUSEHOLD,3227.0,13895.62
2015-12-14,CA_4,HOUSEHOLD,3100.0,13461.54
2015-12-21,CA_4,HOUSEHOLD,2635.0,12023.34
2015-12-28,CA_4,HOUSEHOLD,3467.0,14943.35
2016-01-04,CA_4,HOUSEHOLD,3347.0,14258.24
2016-01-11,CA_4,HOUSEHOLD,3268.0,13630.19
2016-01-18,CA_4,HOUSEHOLD,3405.0,14350.32
2016-01-25,CA_4,HOUSEHOLD,3373.0,14602.09
2016-02-01,CA_4,HOUSEHOLD,3405.0,15031.22
2016-02-08,CA_4,HOUSEHOLD,3273.0,14288.15
2016-02-15,CA_4,HOUSEHOLD,3557.0,15769.83
2016-02-22,CA_4,HOUSEHOLD,3520.0,15408.47
2016-02-29,CA_4,HOUSEHOLD,3732.0,16208.41
2016-03-07,CA_4,HOUSEHOLD,3428.0,14912.36
2016-03-14,CA_4,HOUSEHOLD,3692.0,15908.44
2016-03-21,CA_4,HOUSEHOLD,3660.0,15731.21
2016-03-28,CA_4,HOUSEHOLD,4087.0,17556.12
2016-04-04,CA_4,HOUSEHOLD,3774.0,16468.89
2016-04-11,CA_4,HOUSEHOLD,3772.0,16652.52
2016-04-18,CA_4,HOUSEHOLD,3911.0,17365.89
2016-04-25,CA_4,HOUSEHOLD,3694.0,16330.97
2016-05-02,CA_4,HOUSEHOLD,3888.0,16963.67
2016-05-09,CA_4,HOUSEHOLD,4238.0,18634.11
2016-05-16,CA_4,HOUSEHOLD,4322.0,18852.53
2011-01-24,TX_1,FOODS,3684.0,7795.32
2011-01-31,TX_1,FOODS,11756.0,26722.67
2011-02-07,TX_1,FOODS,12133.0,27394.66
2011-02-14,TX_1,FOODS,10538.0,24604.84
2011-02-21,TX_1,FOODS,9948.0,22890.12
2011-02-28,TX_1,FOODS,11242.0,25389.62
2011-03-07,TX_1,FOODS,11581.0,27311.73
2011-03-14,TX_1,FOODS,11746.0,26829.65
2011-03-21,TX_1,FOODS,10382.0,22543.94
2011-03-28,TX_1,FOODS,10904.0,24101.52
2011-04-04,TX_1,FOODS,12236.0,28374.38
2011-04-11,TX_1,FOODS,12070.0,28379.25
2011-04-18,TX_1,FOODS,10318.0,24031.44
2011-04-25,TX_1,FOODS,9807.0,21310.17
2011-05-02,TX_1,FOODS,12070.0,26675.71
2011-05-09,TX_1,FOODS,12574.0,27433.77
2011-05-16,TX_1,FOODS,10404.0,23472.03
2011-05-23,TX_1,FOODS,9700.0,21540.16
2011-05-30,TX_1,FOODS,12021.0,26236.72
2011-06-06,TX_1,FOODS,13171.0,29428.47
2011-06-13,TX_1,FOODS,12298.0,27836.79
2011-06-20,TX_1,FOODS,11298.0,24243.35
2011-06-27,TX_1,FOODS,11969.0,25539.62
2011-07-04,TX_1,FOODS,13402.0,29556.12
2011-07-11,TX_1,FOODS,13767.0,31888.49
2011-07-18,TX_1,FOODS,11438.0,25825.54
2011-07-25,TX_1,FOODS,10509.0,23717.47
2011-08-01,TX_1,FOODS,14227.0,31594.38
2011-08-08,TX_1,FOODS,14219.0,32858.44
2011-08-15,TX_1,FOODS,14971.0,33547.85
2011-08-22,TX_1,FOODS,12223.0,27692.17
2011-08-29,TX_1,FOODS,12455.0,28871.59
2011-09-05,TX_1,FOODS,13996.0,32991.73
2011-09-12,TX_1,FOODS,14085.0,33745.72
2011-09-19,TX_1,FOODS,11908.0,27594.88
2011-09-26,TX_1,FOODS,12971.0,28050.47
2011-10-03,TX_1,FOODS,14302.0,32954.18
2011-10-10,TX_1,FOODS,14856.0,34906.16
2011-10-17,TX_1,FOODS,11604.0,27195.33
2011-10-24,TX_1,FOODS,10943.0,25087.0
2011-10-31,TX_1,FOODS,12397.0,28160.86
2011-11-07,TX_1,FOODS,13277.0,31278.29
2011-11-14,TX_1,FOODS,12268.0,29258.98
2011-11-21,TX_1,FOODS,11438.0,26312.52
2011-11-28,TX_1,FOODS,11674.0,27368.86
2011-12-05,TX_1,FOODS,13637.0,32186.85
2011-12-12,TX_1,FOODS,14356.0,33411.61
2011-12-19,TX_1,FOODS,11618.0,26256.04
2011-12-26,TX_1,FOODS,12352.0,28970.55
2012-01-02,TX_1,FOODS,14604.0,33125.35
2012-01-09,TX_1,FOODS,14129.0,33337.01
2012-01-16,TX_1,FOODS,12802.0,29177.24
2012-01-23,TX_1,FOODS,11056.0,25256.5
2012-01-30,TX_1,FOODS,13878.0,32314.01
2012-02-06,TX_1,FOODS,13928.0,33437.06
2012-02-13,TX_1,FOODS,12955.0,31691.42
2012-02-20,TX_1,FOODS,12394.0,29738.72
2012-02-27,TX_1,FOODS,13339.0,32381.24
2012-03-05,TX_1,FOODS,14186.0,35695.74
2012-03-12,TX_1,FOODS,16545.0,39840.49
2012-03-19,TX_1,FOODS,13357.0,31553.42
2012-03-26,TX_1,FOODS,13355.0,31061.3
2012-04-02,TX_1,FOODS,17644.0,41806.74
2012-04-09,TX_1,FOODS,16060.0,38388.51
2012-04-16,TX_1,FOODS,14031.0,32650.76
2012-04-23,TX_1,FOODS,14243.0,31712.45
2012-04-30,TX_1,FOODS,17132.0,39115.25
2012-05-07,TX_1,FOODS,16485.0,38352.02
2012-05-14,TX_1,FOODS,15618.0,36557.66
2012-05-21,TX_1,FOODS,14835.0,32611.01
2012-05-28,TX_1,FOODS,16191.0,36319.35
2012-06-04,TX_1,FOODS,16742.0,39199.79
2012-06-11,TX_1,FOODS,17187.0,39894.0
2012-06-18,TX_1,FOODS,14580.0,33999.44
2012-06-25,TX_1,FOODS,13955.0,31049.57
2012-07-02,TX_1,FOODS,16503.0,36867.79
2012-07-09,TX_1,FOODS,15643.0,38017.07
2012-07-16,TX_1,FOODS,14227.0,32353.37
2012-07-23,TX_1,FOODS,12919.0,29363.34
2012-07-30,TX_1,FOODS,15094.0,34077.88
2012-08-06,TX_1,FOODS,16186.0,36806.26
2012-08-13,TX_1,FOODS,16317.0,36036.97
2012-08-20,TX_1,FOODS,14600.0,32326.82
2012-08-27,TX_1,FOODS,14414.0,31590.36
2012-09-03,TX_1,FOODS,16281.0,36881.26
2012-09-10,TX_1,FOODS,15229.0,34838.58
2012-09-17,TX_1,FOODS,14122.0,31440.32
2012-09-24,TX_1,FOODS,12673.0,28348.16
2012-10-01,TX_1,FOODS,15218.0,33760.72
2012-10-08,TX_1,FOODS,15363.0,34102.18
2012-10-15,TX_1,FOODS,13663.0,31064.54
2012-10-22,TX_1,FOODS,11862.0,26172.06
2012-10-29,TX_1,FOODS,12450.0,28221.54
2012-11-05,TX_1,FOODS,14351.0,32711.61
2012-11-12,TX_1,FOODS,13848.0,31184.99
2012-11-19,TX_1,FOODS,13572.0,29972.32
2012-11-26,TX_1,FOODS,11899.0,26735.62
2012-12-03,TX_1,FOODS,14733.0,33540.54
2012-12-10,TX_1,FOODS,14409.0,33469.99
2012-12-17,TX_1,FOODS,14600.0,33259.23
2012-12-24,TX_1,FOODS,11278.0,25587.21
2012-12-31,TX_1,FOODS,13581.0,30774.69
2013-01-07,TX_1,FOODS,14737.0,34555.21
2013-01-14,TX_1,FOODS,12869.0,29604.96
2013-01-21,TX_1,FOODS,11786.0,27324.0
2013-01-28,TX_1,FOODS,13390.0,30458.39
2013-02-04,TX_1,FOODS,14225.0,32090.61
2013-02-11,TX_1,FOODS,15017.0,35096.26
2013-02-18,TX_1,FOODS,13465.0,30395.31
2013-02-25,TX_1,FOODS,14024.0,31986.22
2013-03-04,TX_1,FOODS,13167.0,31095.98
2013-03-11,TX_1,FOODS,14137.0,35256.84
2013-03-18,TX_1,FOODS,12185.0,29940.6
2013-03-25,TX_1,FOODS,13568.0,32266.4
2013-04-01,TX_1,FOODS,14177.0,33081.51
2013-04-08,TX_1,FOODS,14753.0,34318.69
2013-04-15,TX_1,FOODS,13023.0,30699.38
2013-04-22,TX_1,FOODS,11808.0,28250.1
2013-04-29,TX_1,FOODS,12766.0,29783.26
2013-05-06,TX_1,FOODS,13746.0,32777.93
2013-05-13,TX_1,FOODS,15406.0,34345.87
2013-05-20,TX_1,FOODS,12927.0,29311.19
2013-05-27,TX_1,FOODS,13078.0,29895.98
2013-06-03,TX_1,FOODS,14985.0,34596.51
2013-06-10,TX_1,FOODS,16293.0,36851.04
2013-06-17,TX_1,FOODS,14713.0,32128.21
2013-06-24,TX_1,FOODS,14303.0,31095.23
2013-07-01,TX_1,FOODS,16422.0,36929.22
2013-07-08,TX_1,FOODS,15969.0,36823.33
2013-07-15,TX_1,FOODS,13030.0,30927.86
2013-07-22,TX_1,FOODS,13251.0,30156.65
2013-07-29,TX_1,FOODS,15175.0,33891.76
2013-08-05,TX_1,FOODS,16263.0,38235.76
2013-08-12,TX_1,FOODS,14839.0,34379.96
2013-08-19,TX_1,FOODS,16106.0,33345.41
2013-08-26,TX_1,FOODS,15901.0,33558.43
2013-09-02,TX_1,FOODS,17390.0,36422.15
2013-09-09,TX_1,FOODS,17770.0,39139.01
2013-09-16,TX_1,FOODS,14637.0,32175.39
2013-09-23,TX_1,FOODS,13884.0,30712.77
2013-09-30,TX_1,FOODS,14873.0,35552.02
2013-10-07,TX_1,FOODS,16092.0,38983.77
2013-10-14,TX_1,FOODS,14285.0,34268.06
2013-10-21,TX_1,FOODS,12872.0,30519.66
2013-10-28,TX_1,FOODS,14047.0,32956.2
2013-11-04,TX_1,FOODS,13972.0,33528.56
2013-11-11,TX_1,FOODS,14441.0,33797.18
2013-11-18,TX_1,FOODS,11496.0,27212.97
2013-11-25,TX_1,FOODS,11634.0,27840.03
2013-12-02,TX_1,FOODS,14652.0,33245.9
2013-12-09,TX_1,FOODS,14326.0,35115.43
2013-12-16,TX_1,FOODS,13739.0,33299.22
2013-12-23,TX_1,FOODS,11236.0,26595.83
2013-12-30,TX_1,FOODS,13866.0,32393.33
2014-01-06,TX_1,FOODS,15161.0,36223.82
2014-01-13,TX_1,FOODS,14370.0,33361.46
2014-01-20,TX_1,FOODS,12677.0,29255.55
2014-01-27,TX_1,FOODS,12629.0,27972.34
2014-02-03,TX_1,FOODS,13459.0,32610.17
2014-02-10,TX_1,FOODS,15730.0,38498.31
2014-02-17,TX_1,FOODS,13307.0,32545.45
2014-02-24,TX_1,FOODS,13274.0,31332.63
2014-03-03,TX_1,FOODS,14751.0,35851.75
2014-03-10,TX_1,FOODS,15507.0,38252.81
2014-03-17,TX_1,FOODS,13740.0,32150.91
2014-03-24,TX_1,FOODS,13151.0,31282.3
2014-03-31,TX_1,FOODS,15331.0,35959.63
2014-04-07,TX_1,FOODS,16158.0,38520.79
2014-04-14,TX_1,FOODS,16734.0,40118.56
2014-04-21,TX_1,FOODS,14634.0,34190.97
2014-04-28,TX_1,FOODS,14603.0,35148.5
2014-05-05,TX_1,FOODS,15590.0,37729.6
2014-05-12,TX_1,FOODS,15488.0,37330.74
2014-05-19,TX_1,FOODS,13626.0,32672.05
2014-05-26,TX_1,FOODS,13314.0,31771.8
2014-06-02,TX_1,FOODS,16354.0,38995.23
2014-06-09,TX_1,FOODS,15859.0,38077.39
2014-06-16,TX_1,FOODS,15511.0,35628.69
2014-06-23,TX_1,FOODS,12555.0,28612.39
2014-06-30,TX_1,FOODS,16278.0,36193.91
2014-07-07,TX_1,FOODS,17159.0,40543.95
2014-07-14,TX_1,FOODS,14902.0,34374.49
2014-07-21,TX_1,FOODS,13846.0,31432.87
2014-07-28,TX_1,FOODS,15304.0,34313.12
2014-08-04,TX_1,FOODS,15822.0,34003.77
2014-08-11,TX_1,FOODS,16417.0,37834.13
2014-08-18,TX_1,FOODS,14978.0,34953.9
2014-08-25,TX_1,FOODS,13436.0,31022.89
2014-09-01,TX_1,FOODS,15218.0,35055.82
2014-09-08,TX_1,FOODS,15308.0,36321.48
2014-09-15,TX_1,FOODS,13977.0,33126.33
2014-09-22,TX_1,FOODS,12794.0,30368.3
2014-09-29,TX_1,FOODS,14343.0,36040.05
2014-10-06,TX_1,FOODS,14199.0,37800.18
2014-10-13,TX_1,FOODS,13973.0,36941.44
2014-10-20,TX_1,FOODS,12202.0,31197.48
2014-10-27,TX_1,FOODS,13074.0,34018.89
2014-11-03,TX_1,FOODS,14216.0,36834.52
2014-11-10,TX_1,FOODS,14082.0,37165.95
2014-11-17,TX_1,FOODS,12670.0,32681.71
2014-11-24,TX_1,FOODS,13098.0,33305.33
2014-12-01,TX_1,FOODS,13834.0,36863.6
2014-12-08,TX_1,FOODS,13729.0,36895.01
2014-12-15,TX_1,FOODS,14523.0,39483.61
2014-12-22,TX_1,FOODS,10956.0,29168.13
2014-12-29,TX_1,FOODS,13024.0,34346.36
2015-01-05,TX_1,FOODS,14623.0,37551.36
2015-01-12,TX_1,FOODS,14706.0,38067.16
2015-01-19,TX_1,FOODS,13431.0,33303.66
2015-01-26,TX_1,FOODS,13856.0,33344.94
2015-02-02,TX_1,FOODS,15132.0,37355.81
2015-02-09,TX_1,FOODS,15535.0,40874.6
2015-02-16,TX_1,FOODS,12492.0,33172.62
2015-02-23,TX_1,FOODS,12228.0,32281.36
2015-03-02,TX_1,FOODS,13657.0,37190.31
2015-03-09,TX_1,FOODS,14780.0,40094.35
2015-03-16,TX_1,FOODS,14048.0,37323.93
2015-03-23,TX_1,FOODS,12324.0,32332.82
2015-03-30,TX_1,FOODS,15156.0,39956.59
2015-04-06,TX_1,FOODS,14253.0,39182.53
2015-04-13,TX_1,FOODS,13702.0,36713.51
2015-04-20,TX_1,FOODS,13009.0,34602.38
2015-04-27,TX_1,FOODS,13785.0,35055.47
2015-05-04,TX_1,FOODS,14062.0,36386.63
2015-05-11,TX_1,FOODS,14287.0,38033.56
2015-05-18,TX_1,FOODS,12957.0,34248.94
2015-05-25,TX_1,FOODS,12612.0,33081.78
2015-06-01,TX_1,FOODS,15373.0,38729.78
2015-06-08,TX_1,FOODS,15745.0,38579.01
2015-06-15,TX_1,FOODS,16090.0,38327.15
2015-06-22,TX_1,FOODS,13026.0,30579.03
2015-06-29,TX_1,FOODS,14658.0,35109.59
2015-07-06,TX_1,FOODS,15650.0,39092.19
2015-07-13,TX_1,FOODS,16282.0,39977.55
2015-07-20,TX_1,FOODS,15135.0,35503.79
2015-07-27,TX_1,FOODS,14715.0,34718.91
2015-08-03,TX_1,FOODS,16823.0,41529.99
2015-08-10,TX_1,FOODS,15237.0,38062.16
2015-08-17,TX_1,FOODS,13236.0,32126.7
2015-08-24,TX_1,FOODS,12114.0,29054.0
2015-08-31,TX_1,FOODS,13072.0,32157.97
2015-09-07,TX_1,FOODS,14471.0,36311.35
2015-09-14,TX_1,FOODS,14185.0,36011.7
2015-09-21,TX_1,FOODS,13171.0,34302.6
2015-09-28,TX_1,FOODS,13356.0,34147.74
2015-10-05,TX_1,FOODS,14940.0,39344.9
2015-10-12,TX_1,FOODS,14113.0,38091.36
2015-10-19,TX_1,FOODS,12392.0,32672.6
2015-10-26,TX_1,FOODS,11900.0,31657.83
2015-11-02,TX_1,FOODS,12044.0,32814.89
2015-11-09,TX_1,FOODS,12640.0,34388.99
2015-11-16,TX_1,FOODS,12358.0,32649.86
2015-11-23,TX_1,FOODS,11798.0,30698.92
2015-11-30,TX_1,FOODS,11871.0,32787.85
2015-12-07,TX_1,FOODS,12490.0,35549.05
2015-12-14,TX_1,FOODS,13281.0,36770.07
2015-12-21,TX_1,FOODS,10667.0,29020.43
2015-12-28,TX_1,FOODS,11795.0,31686.25
2016-01-04,TX_1,FOODS,13146.0,35477.6
2016-01-11,TX_1,FOODS,14512.0,38174.2
2016-01-18,TX_1,FOODS,12615.0,32631.53
2016-01-25,TX_1,FOODS,11723.0,31052.13
2016-02-01,TX_1,FOODS,14090.0,36963.7
2016-02-08,TX_1,FOODS,14655.0,39227.48
2016-02-15,TX_1,FOODS,14520.0,36964.39
2016-02-22,TX_1,FOODS,12706.0,33340.88
2016-02-29,TX_1,FOODS,13893.0,36452.04
2016-03-07,TX_1,FOODS,14194.0,38136.03
2016-03-14,TX_1,FOODS,14821.0,39433.35
2016-03-21,TX_1,FOODS,14737.0,37528.4
2016-03-28,TX_1,FOODS,13652.0,35309.65
2016-04-04,TX_1,FOODS,15400.0,40472.14
2016-04-11,TX_1,FOODS,14792.0,39851.98
2016-04-18,TX_1,FOODS,14890.0,38932.52
2016-04-25,TX_1,FOODS,14954.0,38493.33
2016-05-02,TX_1,FOODS,14712.0,39586.5
2016-05-09,TX_1,FOODS,16884.0,46182.45
2016-05-16,TX_1,FOODS,15795.0,41587.51
2011-01-24,TX_1,HOBBIES,515.0,1461.58
2011-01-31,TX_1,HOBBIES,1344.0,3613.34
2011-02-07,TX_1,HOBBIES,1370.0,3928.87
2011-02-14,TX_1,HOBBIES,1274.0,3994.48
2011-02-21,TX_1,HOBBIES,1268.0,3533.34
2011-02-28,TX_1,HOBBIES,1035.0,3581.49
2011-03-07,TX_1,HOBBIES,1249.0,3554.58
2011-03-14,TX_1,HOBBIES,1225.0,3875.56
2011-03-21,TX_1,HOBBIES,1228.0,3814.73
2011-03-28,TX_1,HOBBIES,1530.0,4303.23
2011-04-04,TX_1,HOBBIES,1270.0,3674.99
2011-04-11,TX_1,HOBBIES,1265.0,4113.19
2011-04-18,TX_1,HOBBIES,1196.0,3748.44
2011-04-25,TX_1,HOBBIES,1376.0,4210.99
2011-05-02,TX_1,HOBBIES,1215.0,3947.93
2011-05-09,TX_1,HOBBIES,1325.0,4481.13
2011-05-16,TX_1,HOBBIES,1408.0,4118.62
2011-05-23,TX_1,HOBBIES,1221.0,4248.18
2011-05-30,TX_1,HOBBIES,1468.0,4767.63
2011-06-06,TX_1,HOBBIES,1282.0,4094.92
2011-06-13,TX_1,HOBBIES,1328.0,3999.41
2011-06-20,TX_1,HOBBIES,1245.0,3921.14
2011-06-27,TX_1,HOBBIES,1317.0,4166.99
2011-07-04,TX_1,HOBBIES,1424.0,4182.98
2011-07-11,TX_1,HOBBIES,1295.0,4194.51
2011-07-18,TX_1,HOBBIES,1451.0,4079.04
2011-07-25,TX_1,HOBBIES,1469.0,4237.07
2011-08-01,TX_1,HOBBIES,1455.0,3643.61
2011-08-08,TX_1,HOBBIES,1439.0,4107.89
2011-08-15,TX_1,HOBBIES,1296.0,4018.24
2011-08-22,TX_1,HOBBIES,1145.0,3574.77
2011-08-29,TX_1,HOBBIES,1348.0,3868.33
2011-09-05,TX_1,HOBBIES,1242.0,3639.87
2011-09-12,TX_1,HOBBIES,1156.0,3470.03
2011-09-19,TX_1,HOBBIES,1080.0,3410.56
2011-09-26,TX_1,HOBBIES,1262.0,3659.14
2011-10-03,TX_1,HOBBIES,1282.0,3886.28
2011-10-10,TX_1,HOBBIES,1234.0,3868.83
2011-10-17,TX_1,HOBBIES,1505.0,3999.89
2011-10-24,TX_1,HOBBIES,1346.0,3843.05
2011-10-31,TX_1,HOBBIES,1599.0,4132.6
2011-11-07,TX_1,HOBBIES,1292.0,3677.57
2011-11-14,TX_1,HOBBIES,1182.0,3270.19
2011-11-21,TX_1,HOBBIES,1151.0,3465.05
2011-11-28,TX_1,HOBBIES,1445.0,3836.18
2011-12-05,TX_1,HOBBIES,1186.0,3480.17
2011-12-12,TX_1,HOBBIES,1322.0,3838.37
2011-12-19,TX_1,HOBBIES,1057.0,3282.26
2011-12-26,TX_1,HOBBIES,1286.0,3735.06
2012-01-02,TX_1,HOBBIES,1308.0,3957.5
2012-01-09,TX_1,HOBBIES,1122.0,3493.89
2012-01-16,TX_1,HOBBIES,1271.0,4077.42
2012-01-23,TX_1,HOBBIES,1260.0,4054.31
2012-01-30,TX_1,HOBBIES,1489.0,4325.77
2012-02-06,TX_1,HOBBIES,1283.0,4081.26
2012-02-13,TX_1,HOBBIES,1466.0,4525.23
2012-02-20,TX_1,HOBBIES,1527.0,4412.28
2012-02-27,TX_1,HOBBIES,1336.0,4696.93
2012-03-05,TX_1,HOBBIES,1414.0,4465.91
2012-03-12,TX_1,HOBBIES,1313.0,4723.14
2012-03-19,TX_1,HOBBIES,1380.0,4446.45
2012-03-26,TX_1,HOBBIES,1336.0,4679.23
2012-04-02,TX_1,HOBBIES,1622.0,4822.78
2012-04-09,TX_1,HOBBIES,1510.0,5060.89
2012-04-16,TX_1,HOBBIES,1492.0,4942.1
2012-04-23,TX_1,HOBBIES,1544.0,4928.71
2012-04-30,TX_1,HOBBIES,1507.0,5114.47
2012-05-07,TX_1,HOBBIES,1287.0,4759.37
2012-05-14,TX_1,HOBBIES,1305.0,5164.55
2012-05-21,TX_1,HOBBIES,1244.0,4787.8
2012-05-28,TX_1,HOBBIES,1381.0,4808.4
2012-06-04,TX_1,HOBBIES,1648.0,4967.11
2012-06-11,TX_1,HOBBIES,1380.0,4761.16
2012-06-18,TX_1,HOBBIES,1530.0,4875.45
2012-06-25,TX_1,HOBBIES,1492.0,5213.51
2012-07-02,TX_1,HOBBIES,1210.0,5359.92
2012-07-09,TX_1,HOBBIES,1423.0,5324.28
2012-07-16,TX_1,HOBBIES,1440.0,5742.0
2012-07-23,TX_1,HOBBIES,1237.0,4803.97
2012-07-30,TX_1,HOBBIES,1212.0,4699.59
2012-08-06,TX_1,HOBBIES,1230.0,5175.48
2012-08-13,TX_1,HOBBIES,1296.0,5075.33
2012-08-20,TX_1,HOBBIES,1252.0,5100.56
2012-08-27,TX_1,HOBBIES,1183.0,5302.44
2012-09-03,TX_1,HOBBIES,1302.0,5573.15
2012-09-10,TX_1,HOBBIES,1150.0,5279.9
2012-09-17,TX_1,HOBBIES,1329.0,5269.4
2012-09-24,TX_1,HOBBIES,1163.0,4807.24
2012-10-01,TX_1,HOBBIES,1240.0,5474.33
2012-10-08,TX_1,HOBBIES,1276.0,5503.01
2012-10-15,TX_1,HOBBIES,1319.0,5401.5
2012-10-22,TX_1,HOBBIES,1123.0,4712.62
2012-10-29,TX_1,HOBBIES,1289.0,5422.06
2012-11-05,TX_1,HOBBIES,1136.0,5200.98
2012-11-12,TX_1,HOBBIES,1117.0,5204.58
2012-11-19,TX_1,HOBBIES,1071.0,4962.4
2012-11-26,TX_1,HOBBIES,1151.0,5024.22
2012-12-03,TX_1,HOBBIES,1275.0,6087.08
2012-12-10,TX_1,HOBBIES,1174.0,5701.87
2012-12-17,TX_1,HOBBIES,1257.0,5744.78
2012-12-24,TX_1,HOBBIES,909.0,4743.59
2012-12-31,TX_1,HOBBIES,942.0,4961.45
2013-01-07,TX_1,HOBBIES,1068.0,5448.51
2013-01-14,TX_1,HOBBIES,1028.0,5200.81
2013-01-21,TX_1,HOBBIES,1451.0,5662.27
2013-01-28,TX_1,HOBBIES,1394.0,5994.54
2013-02-04,TX_1,HOBBIES,1278.0,5867.7
2013-02-11,TX_1,HOBBIES,1421.0,6075.16
2013-02-18,TX_1,HOBBIES,1604.0,6332.15
2013-02-25,TX_1,HOBBIES,1413.0,5743.66
2013-03-04,TX_1,HOBBIES,1274.0,5321.35
2013-03-11,TX_1,HOBBIES,1656.0,6120.65
2013-03-18,TX_1,HOBBIES,1557.0,5748.5
2013-03-25,TX_1,HOBBIES,1362.0,5671.59
2013-04-01,TX_1,HOBBIES,1568.0,5916.49
2013-04-08,TX_1,HOBBIES,1613.0,6259.24
2013-04-15,TX_1,HOBBIES,1651.0,6194.38
2013-04-22,TX_1,HOBBIES,1676.0,6335.42
2013-04-29,TX_1,HOBBIES,1459.0,5734.3
2013-05-06,TX_1,HOBBIES,1765.0,6458.41
2013-05-13,TX_1,HOBBIES,1927.0,6591.7
2013-05-20,TX_1,HOBBIES,1783.0,6720.95
2013-05-27,TX_1,HOBBIES,1685.0,6319.5
2013-06-03,TX_1,HOBBIES,1807.0,6522.94
2013-06-10,TX_1,HOBBIES,1771.0,6823.81
2013-06-17,TX_1,HOBBIES,1719.0,6494.88
2013-06-24,TX_1,HOBBIES,1828.0,6404.51
2013-07-01,TX_1,HOBBIES,1691.0,6203.76
2013-07-08,TX_1,HOBBIES,1828.0,6760.18
2013-07-15,TX_1,HOBBIES,1668.0,5972.54
2013-07-22,TX_1,HOBBIES,1746.0,6281.39
2013-07-29,TX_1,HOBBIES,1709.0,6288.06
2013-08-05,TX_1,HOBBIES,1848.0,6523.53
2013-08-12,TX_1,HOBBIES,1557.0,5798.21
2013-08-19,TX_1,HOBBIES,1782.0,5919.88
2013-08-26,TX_1,HOBBIES,1421.0,5654.96
2013-09-02,TX_1,HOBBIES,1317.0,5415.81
2013-09-09,TX_1,HOBBIES,1534.0,5696.05
2013-09-16,TX_1,HOBBIES,1403.0,5515.14
2013-09-23,TX_1,HOBBIES,1708.0,5883.79
2013-09-30,TX_1,HOBBIES,1666.0,6000.05
2013-10-07,TX_1,HOBBIES,1584.0,5491.81
2013-10-14,TX_1,HOBBIES,1674.0,5395.94
2013-10-21,TX_1,HOBBIES,1606.0,5743.83
2013-10-28,TX_1,HOBBIES,1541.0,4948.99
2013-11-04,TX_1,HOBBIES,1562.0,5292.02
2013-11-11,TX_1,HOBBIES,1623.0,5433.15
2013-11-18,TX_1,HOBBIES,1574.0,5455.38
2013-11-25,TX_1,HOBBIES,1576.0,5339.31
2013-12-02,TX_1,HOBBIES,1512.0,5068.03
2013-12-09,TX_1,HOBBIES,1554.0,5493.75
2013-12-16,TX_1,HOBBIES,1639.0,5674.27
2013-12-23,TX_1,HOBBIES,1406.0,4724.71
2013-12-30,TX_1,HOBBIES,1384.0,5397.36
2014-01-06,TX_1,HOBBIES,1362.0,5150.51
2014-01-13,TX_1,HOBBIES,1545.0,5326.83
2014-01-20,TX_1,HOBBIES,1375.0,5322.23
2014-01-27,TX_1,HOBBIES,1524.0,5305.68
2014-02-03,TX_1,HOBBIES,1598.0,5317.07
2014-02-10,TX_1,HOBBIES,1713.0,5734.13
2014-02-17,TX_1,HOBBIES,1356.0,4869.93
2014-02-24,TX_1,HOBBIES,1458.0,4621.57
2014-03-03,TX_1,HOBBIES,1617.0,5751.85
2014-03-10,TX_1,HOBBIES,1399.0,5153.48
2014-03-17,TX_1,HOBBIES,1522.0,5602.97
2014-03-24,TX_1,HOBBIES,1563.0,5220.2
2014-03-31,TX_1,HOBBIES,1429.0,5592.46
2014-04-07,TX_1,HOBBIES,1485.0,5403.53
2014-04-14,TX_1,HOBBIES,1483.0,5673.65
2014-04-21,TX_1,HOBBIES,1556.0,5790.81
2014-04-28,TX_1,HOBBIES,1420.0,4984.13
2014-05-05,TX_1,HOBBIES,1385.0,6002.94
2014-05-12,TX_1,HOBBIES,1474.0,5534.2
2014-05-19,TX_1,HOBBIES,1552.0,6351.41
2014-05-26,TX_1,HOBBIES,1785.0,6495.59
2014-06-02,TX_1,HOBBIES,1528.0,6200.41
2014-06-09,TX_1,HOBBIES,1640.0,6402.02
2014-06-16,TX_1,HOBBIES,1574.0,6570.99
2014-06-23,TX_1,HOBBIES,1604.0,6267.06
2014-06-30,TX_1,HOBBIES,1671.0,6727.97
2014-07-07,TX_1,HOBBIES,1536.0,6343.06
2014-07-14,TX_1,HOBBIES,1682.0,6619.13
2014-07-21,TX_1,HOBBIES,1542.0,6119.12
2014-07-28,TX_1,HOBBIES,1703.0,6402.04
2014-08-04,TX_1,HOBBIES,1590.0,5714.46
2014-08-11,TX_1,HOBBIES,1494.0,6035.93
2014-08-18,TX_1,HOBBIES,1575.0,6458.18
2014-08-25,TX_1,HOBBIES,1536.0,5991.52
2014-09-01,TX_1,HOBBIES,1624.0,6143.63
2014-09-08,TX_1,HOBBIES,1543.0,6542.56
2014-09-15,TX_1,HOBBIES,1568.0,6410.12
2014-09-22,TX_1,HOBBIES,1428.0,6006.81
2014-09-29,TX_1,HOBBIES,1667.0,6807.93
2014-10-06,TX_1,HOBBIES,1527.0,6166.92
2014-10-13,TX_1,HOBBIES,1622.0,6104.37
2014-10-20,TX_1,HOBBIES,1843.0,6838.88
2014-10-27,TX_1,HOBBIES,1779.0,6472.6
2014-11-03,TX_1,HOBBIES,1619.0,6223.86
2014-11-10,TX_1,HOBBIES,1866.0,6749.59
2014-11-17,TX_1,HOBBIES,1667.0,6437.84
2014-11-24,TX_1,HOBBIES,1663.0,6263.39
2014-12-01,TX_1,HOBBIES,1753.0,6512.15
2014-12-08,TX_1,HOBBIES,1720.0,6834.07
2014-12-15,TX_1,HOBBIES,1562.0,6074.86
2014-12-22,TX_1,HOBBIES,1384.0,5405.89
2014-12-29,TX_1,HOBBIES,1686.0,7138.05
2015-01-05,TX_1,HOBBIES,1539.0,6489.4
2015-01-12,TX_1,HOBBIES,1698.0,7371.7
2015-01-19,TX_1,HOBBIES,1801.0,7708.59
2015-01-26,TX_1,HOBBIES,1772.0,7634.59
2015-02-02,TX_1,HOBBIES,2023.0,7974.26
2015-02-09,TX_1,HOBBIES,1849.0,8287.07
2015-02-16,TX_1,HOBBIES,1831.0,7917.61
2015-02-23,TX_1,HOBBIES,2102.0,10189.74
2015-03-02,TX_1,HOBBIES,1814.0,9285.46
2015-03-09,TX_1,HOBBIES,1931.0,8824.07
2015-03-16,TX_1,HOBBIES,1845.0,9338.85
2015-03-23,TX_1,HOBBIES,1851.0,8856.39
2015-03-30,TX_1,HOBBIES,1914.0,9049.55
2015-04-06,TX_1,HOBBIES,2055.0,8881.0
2015-04-13,TX_1,HOBBIES,1882.0,9162.9
2015-04-20,TX_1,HOBBIES,1903.0,9188.7
2015-04-27,TX_1,HOBBIES,1946.0,9154.47
2015-05-04,TX_1,HOBBIES,2068.0,9119.59
2015-05-11,TX_1,HOBBIES,2121.0,9824.6
2015-05-18,TX_1,HOBBIES,2100.0,9743.62
2015-05-25,TX_1,HOBBIES,2010.0,9587.51
2015-06-01,TX_1,HOBBIES,2006.0,9505.11
2015-06-08,TX_1,HOBBIES,1977.0,8577.66
2015-06-15,TX_1,HOBBIES,1880.0,9102.71
2015-06-22,TX_1,HOBBIES,1931.0,8783.18
2015-06-29,TX_1,HOBBIES,1903.0,9188.45
2015-07-06,TX_1,HOBBIES,1944.0,8498.93
2015-07-13,TX_1,HOBBIES,1982.0,8651.91
2015-07-20,TX_1,HOBBIES,2080.0,8467.38
2015-07-27,TX_1,HOBBIES,2022.0,8714.48
2015-08-03,TX_1,HOBBIES,2009.0,8762.1
2015-08-10,TX_1,HOBBIES,2173.0,9361.49
2015-08-17,TX_1,HOBBIES,1910.0,8076.99
2015-08-24,TX_1,HOBBIES,1958.0,8419.83
2015-08-31,TX_1,HOBBIES,1894.0,8457.51
2015-09-07,TX_1,HOBBIES,1797.0,7821.03
2015-09-14,TX_1,HOBBIES,2058.0,9169.53
2015-09-21,TX_1,HOBBIES,1858.0,7900.14
2015-09-28,TX_1,HOBBIES,1954.0,7817.94
2015-10-05,TX_1,HOBBIES,1729.0,7765.95
2015-10-12,TX_1,HOBBIES,1995.0,8151.9
2015-10-19,TX_1,HOBBIES,1974.0,8121.73
2015-10-26,TX_1,HOBBIES,2068.0,8643.98
2015-11-02,TX_1,HOBBIES,2244.0,9167.97
2015-11-09,TX_1,HOBBIES,2274.0,8302.06
2015-11-16,TX_1,HOBBIES,2283.0,8891.84
2015-11-23,TX_1,HOBBIES,2040.0,7783.23
2015-11-30,TX_1,HOBBIES,2207.0,8734.42
2015-12-07,TX_1,HOBBIES,2051.0,7901.73
2015-12-14,TX_1,HOBBIES,2041.0,7858.69
2015-12-21,TX_1,HOBBIES,1970.0,7887.62
2015-12-28,TX_1,HOBBIES,1758.0,7879.72
2016-01-04,TX_1,HOBBIES,2100.0,8263.46
2016-01-11,TX_1,HOBBIES,1790.0,8109.26
2016-01-18,TX_1,HOBBIES,1801.0,8678.12
2016-01-25,TX_1,HOBBIES,1995.0,8384.25
2016-02-01,TX_1,HOBBIES,2159.0,9254.22
2016-02-08,TX_1,HOBBIES,1980.0,8940.96
2016-02-15,TX_1,HOBBIES,2066.0,8832.91
2016-02-22,TX_1,HOBBIES,1798.0,8362.92
2016-02-29,TX_1,HOBBIES,1996.0,9189.76
2016-03-07,TX_1,HOBBIES,1845.0,8688.67
2016-03-14,TX_1,HOBBIES,2005.0,8477.33
2016-03-21,TX_1,HOBBIES,1757.0,7812.98
2016-03-28,TX_1,HOBBIES,2086.0,8516.24
2016-04-04,TX_1,HOBBIES,2005.0,8742.77
2016-04-11,TX_1,HOBBIES,2020.0,7979.28
2016-04-18,TX_1,HOBBIES,1932.0,8493.06
2016-04-25,TX_1,HOBBIES,2129.0,8830.31
2016-05-02,TX_1,HOBBIES,1876.0,8917.28
2016-05-09,TX_1,HOBBIES,2032.0,9188.58
2016-05-16,TX_1,HOBBIES,2312.0,9748.6
2011-01-24,TX_1,HOUSEHOLD,1044.0,3940.38
2011-01-31,TX_1,HOUSEHOLD,2806.0,10236.49
2011-02-07,TX_1,HOUSEHOLD,2954.0,11789.81
2011-02-14,TX_1,HOUSEHOLD,3441.0,13633.34
2011-02-21,TX_1,HOUSEHOLD,3539.0,12378.68
2011-02-28,TX_1,HOUSEHOLD,3013.0,11154.93
2011-03-07,TX_1,HOUSEHOLD,2799.0,11450.04
2011-03-14,TX_1,HOUSEHOLD,3237.0,12125.46
2011-03-21,TX_1,HOUSEHOLD,3152.0,11920.16
2011-03-28,TX_1,HOUSEHOLD,2950.0,11513.36
2011-04-04,TX_1,HOUSEHOLD,2797.0,10689.08
2011-04-11,TX_1,HOUSEHOLD,2902.0,11452.36
2011-04-18,TX_1,HOUSEHOLD,2858.0,11401.16
2011-04-25,TX_1,HOUSEHOLD,2995.0,11863.3
2011-05-02,TX_1,HOUSEHOLD,2650.0,10605.17
2011-05-09,TX_1,HOUSEHOLD,3118.0,12170.06
2011-05-16,TX_1,HOUSEHOLD,2822.0,11448.91
2011-05-23,TX_1,HOUSEHOLD,2519.0,9816.18
2011-05-30,TX_1,HOUSEHOLD,3134.0,12073.75
2011-06-06,TX_1,HOUSEHOLD,3152.0,12389.52
2011-06-13,TX_1,HOUSEHOLD,2903.0,10911.82
2011-06-20,TX_1,HOUSEHOLD,2986.0,11287.35
2011-06-27,TX_1,HOUSEHOLD,2729.0,10325.71
2011-07-04,TX_1,HOUSEHOLD,3189.0,11706.81
2011-07-11,TX_1,HOUSEHOLD,2949.0,10786.21
2011-07-18,TX_1,HOUSEHOLD,2921.0,10584.69
2011-07-25,TX_1,HOUSEHOLD,2923.0,10439.47
2011-08-01,TX_1,HOUSEHOLD,3151.0,11000.25
2011-08-08,TX_1,HOUSEHOLD,3393.0,12097.98
2011-08-15,TX_1,HOUSEHOLD,3484.0,11956.07
2011-08-22,TX_1,HOUSEHOLD,3155.0,11044.24
2011-08-29,TX_1,HOUSEHOLD,3182.0,11525.39
2011-09-05,TX_1,HOUSEHOLD,3531.0,12784.57
2011-09-12,TX_1,HOUSEHOLD,3414.0,12538.26
2011-09-19,TX_1,HOUSEHOLD,3146.0,12090.12
2011-09-26,TX_1,HOUSEHOLD,3411.0,12333.78
2011-10-03,TX_1,HOUSEHOLD,3201.0,11151.52
2011-10-10,TX_1,HOUSEHOLD,3320.0,12277.57
2011-10-17,TX_1,HOUSEHOLD,3457.0,12413.96
2011-10-24,TX_1,HOUSEHOLD,3292.0,12370.8
2011-10-31,TX_1,HOUSEHOLD,3354.0,12768.87
2011-11-07,TX_1,HOUSEHOLD,3356.0,12437.1
2011-11-14,TX_1,HOUSEHOLD,3401.0,12906.85
2011-11-21,TX_1,HOUSEHOLD,3148.0,11610.65
2011-11-28,TX_1,HOUSEHOLD,3182.0,11554.55
2011-12-05,TX_1,HOUSEHOLD,3104.0,11857.13
2011-12-12,TX_1,HOUSEHOLD,3173.0,12271.92
2011-12-19,TX_1,HOUSEHOLD,2554.0,9784.95
2011-12-26,TX_1,HOUSEHOLD,3439.0,12561.45
2012-01-02,TX_1,HOUSEHOLD,3656.0,13288.34
2012-01-09,TX_1,HOUSEHOLD,3141.0,11783.86
2012-01-16,TX_1,HOUSEHOLD,3299.0,12627.8
2012-01-23,TX_1,HOUSEHOLD,3192.0,12176.74
2012-01-30,TX_1,HOUSEHOLD,3997.0,15889.14
2012-02-06,TX_1,HOUSEHOLD,3852.0,14996.62
2012-02-13,TX_1,HOUSEHOLD,3843.0,15010.28
2012-02-20,TX_1,HOUSEHOLD,4145.0,15519.67
2012-02-27,TX_1,HOUSEHOLD,3996.0,14863.79
2012-03-05,TX_1,HOUSEHOLD,3811.0,14400.45
2012-03-12,TX_1,HOUSEHOLD,3776.0,14021.3
2012-03-19,TX_1,HOUSEHOLD,4044.0,13572.54
2012-03-26,TX_1,HOUSEHOLD,3713.0,14383.54
2012-04-02,TX_1,HOUSEHOLD,4187.0,15180.75
2012-04-09,TX_1,HOUSEHOLD,4004.0,15177.94
2012-04-16,TX_1,HOUSEHOLD,3648.0,13642.21
2012-04-23,TX_1,HOUSEHOLD,4000.0,14636.09
2012-04-30,TX_1,HOUSEHOLD,4255.0,15878.13
2012-05-07,TX_1,HOUSEHOLD,3529.0,13647.32
2012-05-14,TX_1,HOUSEHOLD,3829.0,14640.12
2012-05-21,TX_1,HOUSEHOLD,3756.0,14743.72
2012-05-28,TX_1,HOUSEHOLD,4518.0,15939.15
2012-06-04,TX_1,HOUSEHOLD,4259.0,15722.39
2012-06-11,TX_1,HOUSEHOLD,5061.0,16142.56
2012-06-18,TX_1,HOUSEHOLD,5316.0,16336.04
2012-06-25,TX_1,HOUSEHOLD,4625.0,15533.61
2012-07-02,TX_1,HOUSEHOLD,4693.0,15967.05
2012-07-09,TX_1,HOUSEHOLD,4771.0,15857.06
2012-07-16,TX_1,HOUSEHOLD,4428.0,14884.25
2012-07-23,TX_1,HOUSEHOLD,3919.0,13515.36
2012-07-30,TX_1,HOUSEHOLD,4600.0,16376.77
2012-08-06,TX_1,HOUSEHOLD,5168.0,16933.04
2012-08-13,TX_1,HOUSEHOLD,5157.0,16291.72
2012-08-20,TX_1,HOUSEHOLD,5444.0,17212.4
2012-08-27,TX_1,HOUSEHOLD,5300.0,17913.56
2012-09-03,TX_1,HOUSEHOLD,6051.0,18795.89
2012-09-10,TX_1,HOUSEHOLD,5975.0,19145.95
2012-09-17,TX_1,HOUSEHOLD,6097.0,18772.89
2012-09-24,TX_1,HOUSEHOLD,5749.0,18586.69
2012-10-01,TX_1,HOUSEHOLD,5543.0,17989.91
2012-10-08,TX_1,HOUSEHOLD,5418.0,18331.76
2012-10-15,TX_1,HOUSEHOLD,5373.0,17414.09
2012-10-22,TX_1,HOUSEHOLD,4874.0,15991.32
2012-10-29,TX_1,HOUSEHOLD,5193.0,17264.55
2012-11-05,TX_1,HOUSEHOLD,5062.0,16963.94
2012-11-12,TX_1,HOUSEHOLD,4948.0,16367.24
2012-11-19,TX_1,HOUSEHOLD,4920.0,16367.98
2012-11-26,TX_1,HOUSEHOLD,4910.0,16653.06
2012-12-03,TX_1,HOUSEHOLD,5119.0,17253.08
2012-12-10,TX_1,HOUSEHOLD,4769.0,16128.11
2012-12-17,TX_1,HOUSEHOLD,5364.0,16472.41
2012-12-24,TX_1,HOUSEHOLD,5471.0,15991.86
2012-12-31,TX_1,HOUSEHOLD,5557.0,16712.89
2013-01-07,TX_1,HOUSEHOLD,4508.0,15517.6
2013-01-14,TX_1,HOUSEHOLD,4781.0,15227.61
2013-01-21,TX_1,HOUSEHOLD,4996.0,15525.3
2013-01-28,TX_1,HOUSEHOLD,5086.0,16663.97
2013-02-04,TX_1,HOUSEHOLD,5756.0,18791.11
2013-02-11,TX_1,HOUSEHOLD,6195.0,20211.58
2013-02-18,TX_1,HOUSEHOLD,6734.0,20649.52
2013-02-25,TX_1,HOUSEHOLD,6568.0,21332.21
2013-03-04,TX_1,HOUSEHOLD,6200.0,19614.28
2013-03-11,TX_1,HOUSEHOLD,6397.0,20955.31
2013-03-18,TX_1,HOUSEHOLD,6167.0,20342.31
2013-03-25,TX_1,HOUSEHOLD,5697.0,18701.58
2013-04-01,TX_1,HOUSEHOLD,6116.0,19995.24
2013-04-08,TX_1,HOUSEHOLD,5518.0,18510.89
2013-04-15,TX_1,HOUSEHOLD,5885.0,19633.64
2013-04-22,TX_1,HOUSEHOLD,5553.0,18454.93
2013-04-29,TX_1,HOUSEHOLD,5628.0,18946.53
2013-05-06,TX_1,HOUSEHOLD,5167.0,17519.86
2013-05-13,TX_1,HOUSEHOLD,5992.0,19821.92
2013-05-20,TX_1,HOUSEHOLD,5624.0,18847.43
2013-05-27,TX_1,HOUSEHOLD,5710.0,19081.19
2013-06-03,TX_1,HOUSEHOLD,6561.0,20424.81
2013-06-10,TX_1,HOUSEHOLD,5881.0,19537.59
2013-06-17,TX_1,HOUSEHOLD,5696.0,19206.31
2013-06-24,TX_1,HOUSEHOLD,5346.0,17658.55
2013-07-01,TX_1,HOUSEHOLD,5399.0,19086.26
2013-07-08,TX_1,HOUSEHOLD,5880.0,19822.84
2013-07-15,TX_1,HOUSEHOLD,5298.0,19252.33
2013-07-22,TX_1,HOUSEHOLD,5109.0,17947.11
2013-07-29,TX_1,HOUSEHOLD,5473.0,18475.95
2013-08-05,TX_1,HOUSEHOLD,5925.0,20043.72
2013-08-12,TX_1,HOUSEHOLD,5525.0,19128.55
2013-08-19,TX_1,HOUSEHOLD,5115.0,18503.02
2013-08-26,TX_1,HOUSEHOLD,5031.0,17602.3
2013-09-02,TX_1,HOUSEHOLD,5218.0,18577.4
2013-09-09,TX_1,HOUSEHOLD,5342.0,19080.79
2013-09-16,TX_1,HOUSEHOLD,5610.0,19072.04
2013-09-23,TX_1,HOUSEHOLD,5371.0,18079.33
2013-09-30,TX_1,HOUSEHOLD,5958.0,19789.45
2013-10-07,TX_1,HOUSEHOLD,5313.0,19124.8
2013-10-14,TX_1,HOUSEHOLD,5112.0,18140.43
2013-10-21,TX_1,HOUSEHOLD,5115.0,18487.78
2013-10-28,TX_1,HOUSEHOLD,5064.0,18065.26
2013-11-04,TX_1,HOUSEHOLD,5252.0,17676.27
2013-11-11,TX_1,HOUSEHOLD,5121.0,17860.98
2013-11-18,TX_1,HOUSEHOLD,4927.0,17442.15
2013-11-25,TX_1,HOUSEHOLD,4837.0,17955.85
2013-12-02,TX_1,HOUSEHOLD,5071.0,17846.78
2013-12-09,TX_1,HOUSEHOLD,4789.0,17380.34
2013-12-16,TX_1,HOUSEHOLD,5114.0,18330.48
2013-12-23,TX_1,HOUSEHOLD,4269.0,15697.02
2013-12-30,TX_1,HOUSEHOLD,4388.0,16368.06
2014-01-06,TX_1,HOUSEHOLD,4587.0,16614.98
2014-01-13,TX_1,HOUSEHOLD,4660.0,16335.64
2014-01-20,TX_1,HOUSEHOLD,4208.0,15530.64
2014-01-27,TX_1,HOUSEHOLD,4550.0,16570.65
2014-02-03,TX_1,HOUSEHOLD,5032.0,17878.36
2014-02-10,TX_1,HOUSEHOLD,6168.0,21184.77
2014-02-17,TX_1,HOUSEHOLD,6208.0,21455.46
2014-02-24,TX_1,HOUSEHOLD,5532.0,20680.49
2014-03-03,TX_1,HOUSEHOLD,5507.0,19666.83
2014-03-10,TX_1,HOUSEHOLD,5969.0,21987.85
2014-03-17,TX_1,HOUSEHOLD,5370.0,19939.33
2014-03-24,TX_1,HOUSEHOLD,5137.0,18532.0
2014-03-31,TX_1,HOUSEHOLD,5841.0,21743.81
2014-04-07,TX_1,HOUSEHOLD,6322.0,20643.65
2014-04-14,TX_1,HOUSEHOLD,5477.0,19714.12
2014-04-21,TX_1,HOUSEHOLD,5176.0,19137.83
2014-04-28,TX_1,HOUSEHOLD,5399.0,20070.23
2014-05-05,TX_1,HOUSEHOLD,4819.0,18318.02
2014-05-12,TX_1,HOUSEHOLD,4908.0,18877.16
2014-05-19,TX_1,HOUSEHOLD,4891.0,19073.9
2014-05-26,TX_1,HOUSEHOLD,5259.0,20383.15
2014-06-02,TX_1,HOUSEHOLD,5249.0,20734.16
2014-06-09,TX_1,HOUSEHOLD,5051.0,19953.09
2014-06-16,TX_1,HOUSEHOLD,5272.0,21008.69
2014-06-23,TX_1,HOUSEHOLD,5020.0,19705.79
2014-06-30,TX_1,HOUSEHOLD,5632.0,21872.78
2014-07-07,TX_1,HOUSEHOLD,5231.0,20790.5
2014-07-14,TX_1,HOUSEHOLD,5287.0,20948.77
2014-07-21,TX_1,HOUSEHOLD,5050.0,19448.52
2014-07-28,TX_1,HOUSEHOLD,5544.0,20433.11
2014-08-04,TX_1,HOUSEHOLD,5380.0,20537.95
2014-08-11,TX_1,HOUSEHOLD,5644.0,20291.24
2014-08-18,TX_1,HOUSEHOLD,5830.0,21769.43
2014-08-25,TX_1,HOUSEHOLD,5419.0,19837.15
2014-09-01,TX_1,HOUSEHOLD,4990.0,19187.15
2014-09-08,TX_1,HOUSEHOLD,5552.0,21619.78
2014-09-15,TX_1,HOUSEHOLD,5258.0,21025.2
2014-09-22,TX_1,HOUSEHOLD,5003.0,18947.74
2014-09-29,TX_1,HOUSEHOLD,5716.0,21761.67
2014-10-06,TX_1,HOUSEHOLD,5445.0,19819.92
2014-10-13,TX_1,HOUSEHOLD,5046.0,19458.98
2014-10-20,TX_1,HOUSEHOLD,4968.0,19679.46
2014-10-27,TX_1,HOUSEHOLD,4952.0,18949.97
2014-11-03,TX_1,HOUSEHOLD,5442.0,19998.05
2014-11-10,TX_1,HOUSEHOLD,5141.0,20013.65
2014-11-17,TX_1,HOUSEHOLD,5147.0,20525.81
2014-11-24,TX_1,HOUSEHOLD,4932.0,19857.64
2014-12-01,TX_1,HOUSEHOLD,5449.0,21021.38
2014-12-08,TX_1,HOUSEHOLD,5013.0,19520.56
2014-12-15,TX_1,HOUSEHOLD,5233.0,19787.11
2014-12-22,TX_1,HOUSEHOLD,4831.0,17600.85
2014-12-29,TX_1,HOUSEHOLD,5594.0,20891.7
2015-01-05,TX_1,HOUSEHOLD,5163.0,19383.33
2015-01-12,TX_1,HOUSEHOLD,5590.0,21017.38
2015-01-19,TX_1,HOUSEHOLD,5722.0,20447.09
2015-01-26,TX_1,HOUSEHOLD,5785.0,21651.49
2015-02-02,TX_1,HOUSEHOLD,5947.0,22051.48
2015-02-09,TX_1,HOUSEHOLD,6753.0,23836.07
2015-02-16,TX_1,HOUSEHOLD,7038.0,23567.69
2015-02-23,TX_1,HOUSEHOLD,6427.0,24129.42
2015-03-02,TX_1,HOUSEHOLD,6435.0,24229.57
2015-03-09,TX_1,HOUSEHOLD,6967.0,25417.05
2015-03-16,TX_1,HOUSEHOLD,6591.0,24279.19
2015-03-23,TX_1,HOUSEHOLD,5985.0,23664.72
2015-03-30,TX_1,HOUSEHOLD,6555.0,25014.94
2015-04-06,TX_1,HOUSEHOLD,6606.0,24633.21
2015-04-13,TX_1,HOUSEHOLD,6219.0,23494.18
2015-04-20,TX_1,HOUSEHOLD,5875.0,23141.11
2015-04-27,TX_1,HOUSEHOLD,6181.0,23768.94
2015-05-04,TX_1,HOUSEHOLD,5997.0,23022.72
2015-05-11,TX_1,HOUSEHOLD,7062.0,25746.06
2015-05-18,TX_1,HOUSEHOLD,6695.0,25100.72
2015-05-25,TX_1,HOUSEHOLD,6039.0,24044.75
2015-06-01,TX_1,HOUSEHOLD,6456.0,25459.5
2015-06-08,TX_1,HOUSEHOLD,6262.0,24446.02
2015-06-15,TX_1,HOUSEHOLD,6290.0,23392.56
2015-06-22,TX_1,HOUSEHOLD,6597.0,23995.07
2015-06-29,TX_1,HOUSEHOLD,7155.0,25234.74
2015-07-06,TX_1,HOUSEHOLD,6588.0,23974.71
2015-07-13,TX_1,HOUSEHOLD,6911.0,24620.43
2015-07-20,TX_1,HOUSEHOLD,6790.0,25024.11
2015-07-27,TX_1,HOUSEHOLD,6660.0,24303.98
2015-08-03,TX_1,HOUSEHOLD,7028.0,25426.4
2015-08-10,TX_1,HOUSEHOLD,6998.0,25994.0
2015-08-17,TX_1,HOUSEHOLD,6914.0,25790.13
2015-08-24,TX_1,HOUSEHOLD,6251.0,22492.09
2015-08-31,TX_1,HOUSEHOLD,6778.0,24137.18
2015-09-07,TX_1,HOUSEHOLD,6445.0,23763.2
2015-09-14,TX_1,HOUSEHOLD,6638.0,24845.2
2015-09-21,TX_1,HOUSEHOLD,6393.0,23898.95
2015-09-28,TX_1,HOUSEHOLD,6339.0,23621.46
2015-10-05,TX_1,HOUSEHOLD,6203.0,23029.22
2015-10-12,TX_1,HOUSEHOLD,6265.0,23173.44
2015-10-19,TX_1,HOUSEHOLD,5954.0,23076.23
2015-10-26,TX_1,HOUSEHOLD,6265.0,23218.05
2015-11-02,TX_1,HOUSEHOLD,6530.0,24454.7
2015-11-09,TX_1,HOUSEHOLD,6006.0,23060.83
2015-11-16,TX_1,HOUSEHOLD,6079.0,23606.45
2015-11-23,TX_1,HOUSEHOLD,6070.0,23153.45
2015-11-30,TX_1,HOUSEHOLD,6376.0,25756.57
2015-12-07,TX_1,HOUSEHOLD,5969.0,23874.81
2015-12-14,TX_1,HOUSEHOLD,6094.0,24851.95
2015-12-21,TX_1,HOUSEHOLD,5520.0,22021.05
2015-12-28,TX_1,HOUSEHOLD,6424.0,23586.77
2016-01-04,TX_1,HOUSEHOLD,6178.0,22733.2
2016-01-11,TX_1,HOUSEHOLD,6142.0,23151.01
2016-01-18,TX_1,HOUSEHOLD,6291.0,23954.35
2016-01-25,TX_1,HOUSEHOLD,5995.0,23135.58
2016-02-01,TX_1,HOUSEHOLD,6293.0,24192.46
2016-02-08,TX_1,HOUSEHOLD,6723.0,26883.22
2016-02-15,TX_1,HOUSEHOLD,7096.0,28018.5
2016-02-22,TX_1,HOUSEHOLD,6604.0,25687.55
2016-02-29,TX_1,HOUSEHOLD,6807.0,26605.25
2016-03-07,TX_1,HOUSEHOLD,6738.0,25255.29
2016-03-14,TX_1,HOUSEHOLD,7208.0,27016.38
2016-03-21,TX_1,HOUSEHOLD,6661.0,25648.25
2016-03-28,TX_1,HOUSEHOLD,6901.0,26816.42
2016-04-04,TX_1,HOUSEHOLD,6660.0,26430.21
2016-04-11,TX_1,HOUSEHOLD,6161.0,24589.43
2016-04-18,TX_1,HOUSEHOLD,6277.0,24577.02
2016-04-25,TX_1,HOUSEHOLD,6645.0,25894.12
2016-05-02,TX_1,HOUSEHOLD,6244.0,24516.39
2016-05-09,TX_1,HOUSEHOLD,6687.0,27110.67
2016-05-16,TX_1,HOUSEHOLD,7261.0,28123.34
2011-01-24,TX_2,FOODS,5658.0,11609.2
2011-01-31,TX_2,FOODS,16451.0,34765.51
2011-02-07,TX_2,FOODS,16795.0,38516.36
2011-02-14,TX_2,FOODS,14700.0,34385.7
2011-02-21,TX_2,FOODS,14296.0,32955.73
2011-02-28,TX_2,FOODS,15661.0,36429.5
2011-03-07,TX_2,FOODS,15845.0,37010.68
2011-03-14,TX_2,FOODS,15653.0,35155.44
2011-03-21,TX_2,FOODS,13658.0,30886.66
2011-03-28,TX_2,FOODS,14168.0,31316.52
2011-04-04,TX_2,FOODS,15190.0,34892.65
2011-04-11,TX_2,FOODS,15309.0,36922.67
2011-04-18,TX_2,FOODS,14162.0,33263.27
2011-04-25,TX_2,FOODS,13136.0,31026.91
2011-05-02,TX_2,FOODS,13217.0,30656.62
2011-05-09,TX_2,FOODS,15329.0,36393.96
2011-05-16,TX_2,FOODS,12973.0,30841.86
2011-05-23,TX_2,FOODS,12797.0,30106.41
2011-05-30,TX_2,FOODS,14862.0,35383.76
2011-06-06,TX_2,FOODS,17323.0,40199.34
2011-06-13,TX_2,FOODS,15902.0,37735.41
2011-06-20,TX_2,FOODS,13781.0,32704.26
2011-06-27,TX_2,FOODS,14825.0,34594.97
2011-07-04,TX_2,FOODS,16698.0,38522.84
2011-07-11,TX_2,FOODS,16775.0,40282.77
2011-07-18,TX_2,FOODS,14667.0,34537.01
2011-07-25,TX_2,FOODS,14410.0,33209.89
2011-08-01,TX_2,FOODS,17325.0,40357.82
2011-08-08,TX_2,FOODS,18450.0,42218.04
2011-08-15,TX_2,FOODS,18824.0,42219.77
2011-08-22,TX_2,FOODS,15703.0,36241.77
2011-08-29,TX_2,FOODS,14940.0,35086.95
2011-09-05,TX_2,FOODS,17796.0,42535.11
2011-09-12,TX_2,FOODS,19002.0,43698.35
2011-09-19,TX_2,FOODS,16554.0,36834.98
2011-09-26,TX_2,FOODS,17859.0,39155.21
2011-10-03,TX_2,FOODS,18294.0,42119.82
2011-10-10,TX_2,FOODS,20227.0,46043.53
2011-10-17,TX_2,FOODS,17390.0,39184.01
2011-10-24,TX_2,FOODS,16143.0,36274.69
2011-10-31,TX_2,FOODS,17784.0,40032.2
2011-11-07,TX_2,FOODS,18144.0,41593.48
2011-11-14,TX_2,FOODS,16621.0,38477.29
2011-11-21,TX_2,FOODS,16434.0,36143.93
2011-11-28,TX_2,FOODS,15868.0,36245.73
2011-12-05,TX_2,FOODS,17993.0,42008.69
2011-12-12,TX_2,FOODS,19465.0,46031.54
2011-12-19,TX_2,FOODS,15596.0,35369.95
2011-12-26,TX_2,FOODS,16802.0,38458.4
2012-01-02,TX_2,FOODS,19230.0,44233.84
2012-01-09,TX_2,FOODS,19412.0,44926.81
2012-01-16,TX_2,FOODS,17521.0,39876.4
2012-01-23,TX_2,FOODS,16309.0,36378.76
2012-01-30,TX_2,FOODS,19713.0,44667.35
2012-02-06,TX_2,FOODS,20452.0,46477.16
2012-02-13,TX_2,FOODS,20035.0,45952.69
2012-02-20,TX_2,FOODS,17785.0,40789.91
2012-02-27,TX_2,FOODS,19456.0,42901.4
2012-03-05,TX_2,FOODS,21592.0,50546.2
2012-03-12,TX_2,FOODS,22249.0,51325.17
2012-03-19,TX_2,FOODS,19379.0,44339.05
2012-03-26,TX_2,FOODS,19400.0,44830.66
2012-04-02,TX_2,FOODS,22975.0,51664.53
2012-04-09,TX_2,FOODS,22005.0,50630.3
2012-04-16,TX_2,FOODS,19090.0,44264.41
2012-04-23,TX_2,FOODS,19034.0,42886.36
2012-04-30,TX_2,FOODS,21810.0,49505.41
2012-05-07,TX_2,FOODS,22148.0,50433.66
2012-05-14,TX_2,FOODS,21526.0,48516.7
2012-05-21,TX_2,FOODS,21458.0,47825.26
2012-05-28,TX_2,FOODS,22527.0,50534.88
2012-06-04,TX_2,FOODS,24427.0,55099.08
2012-06-11,TX_2,FOODS,24485.0,53811.99
2012-06-18,TX_2,FOODS,21801.0,48405.56
2012-06-25,TX_2,FOODS,20748.0,45527.74
2012-07-02,TX_2,FOODS,22916.0,52382.69
2012-07-09,TX_2,FOODS,21580.0,50798.83
2012-07-16,TX_2,FOODS,20633.0,46957.6
2012-07-23,TX_2,FOODS,20029.0,45389.18
2012-07-30,TX_2,FOODS,21844.0,48790.31
2012-08-06,TX_2,FOODS,22946.0,51578.0
2012-08-13,TX_2,FOODS,22695.0,50715.32
2012-08-20,TX_2,FOODS,20822.0,45856.94
2012-08-27,TX_2,FOODS,20889.0,46043.9
2012-09-03,TX_2,FOODS,21624.0,50786.64
2012-09-10,TX_2,FOODS,20653.0,48503.74
2012-09-17,TX_2,FOODS,19279.0,44123.71
2012-09-24,TX_2,FOODS,17988.0,41577.06
2012-10-01,TX_2,FOODS,20579.0,47531.34
2012-10-08,TX_2,FOODS,20788.0,45974.71
2012-10-15,TX_2,FOODS,18983.0,41774.39
2012-10-22,TX_2,FOODS,18401.0,39908.69
2012-10-29,TX_2,FOODS,18825.0,40874.4
2012-11-05,TX_2,FOODS,19954.0,44622.44
2012-11-12,TX_2,FOODS,18947.0,42604.22
2012-11-19,TX_2,FOODS,18304.0,40020.86
2012-11-26,TX_2,FOODS,17055.0,37441.49
2012-12-03,TX_2,FOODS,20299.0,45245.7
2012-12-10,TX_2,FOODS,20115.0,45386.21
2012-12-17,TX_2,FOODS,21118.0,46864.54
2012-12-24,TX_2,FOODS,16553.0,37339.14
2012-12-31,TX_2,FOODS,20601.0,45810.92
2013-01-07,TX_2,FOODS,20163.0,47844.09
2013-01-14,TX_2,FOODS,18482.0,43312.67
2013-01-21,TX_2,FOODS,16297.0,37898.79
2013-01-28,TX_2,FOODS,18657.0,41668.69
2013-02-04,TX_2,FOODS,20215.0,47127.23
2013-02-11,TX_2,FOODS,21859.0,51603.82
2013-02-18,TX_2,FOODS,19505.0,44091.94
2013-02-25,TX_2,FOODS,19576.0,44765.23
2013-03-04,TX_2,FOODS,20755.0,48265.9
2013-03-11,TX_2,FOODS,21472.0,52225.55
2013-03-18,TX_2,FOODS,19112.0,45798.41
2013-03-25,TX_2,FOODS,20607.0,47250.29
2013-04-01,TX_2,FOODS,20482.0,46659.82
2013-04-08,TX_2,FOODS,20507.0,46966.6
2013-04-15,TX_2,FOODS,18590.0,43013.58
2013-04-22,TX_2,FOODS,16335.0,38121.84
2013-04-29,TX_2,FOODS,17451.0,40148.61
2013-05-06,TX_2,FOODS,19344.0,46567.87
2013-05-13,TX_2,FOODS,20214.0,47627.7
2013-05-20,TX_2,FOODS,19977.0,45586.76
2013-05-27,TX_2,FOODS,20051.0,45472.4
2013-06-03,TX_2,FOODS,22304.0,51833.06
2013-06-10,TX_2,FOODS,23268.0,54159.48
2013-06-17,TX_2,FOODS,20870.0,46891.77
2013-06-24,TX_2,FOODS,21335.0,46824.62
2013-07-01,TX_2,FOODS,24106.0,52928.96
2013-07-08,TX_2,FOODS,23295.0,53629.86
2013-07-15,TX_2,FOODS,21128.0,49314.73
2013-07-22,TX_2,FOODS,21125.0,47479.38
2013-07-29,TX_2,FOODS,22593.0,50089.51
2013-08-05,TX_2,FOODS,24484.0,54775.22
2013-08-12,TX_2,FOODS,22443.0,51278.88
2013-08-19,TX_2,FOODS,21198.0,46287.42
2013-08-26,TX_2,FOODS,21354.0,46571.13
2013-09-02,TX_2,FOODS,24956.0,54350.87
2013-09-09,TX_2,FOODS,23749.0,53457.58
2013-09-16,TX_2,FOODS,19860.0,44828.0
2013-09-23,TX_2,FOODS,20176.0,44378.11
2013-09-30,TX_2,FOODS,20728.0,49208.45
2013-10-07,TX_2,FOODS,20961.0,50422.13
2013-10-14,TX_2,FOODS,19615.0,46574.68
2013-10-21,TX_2,FOODS,17833.0,43340.24
2013-10-28,TX_2,FOODS,19388.0,44793.29
2013-11-04,TX_2,FOODS,19145.0,44670.04
2013-11-11,TX_2,FOODS,19083.0,45049.76
2013-11-18,TX_2,FOODS,16988.0,39902.53
2013-11-25,TX_2,FOODS,15508.0,37044.99
2013-12-02,TX_2,FOODS,20273.0,44376.92
2013-12-09,TX_2,FOODS,18932.0,46288.74
2013-12-16,TX_2,FOODS,18008.0,44320.72
2013-12-23,TX_2,FOODS,15838.0,35863.73
2013-12-30,TX_2,FOODS,20455.0,46212.15
2014-01-06,TX_2,FOODS,19769.0,46505.37
2014-01-13,TX_2,FOODS,17639.0,40342.83
2014-01-20,TX_2,FOODS,15447.0,35168.25
2014-01-27,TX_2,FOODS,16121.0,36174.76
2014-02-03,TX_2,FOODS,17289.0,39496.95
2014-02-10,TX_2,FOODS,18298.0,44766.18
2014-02-17,TX_2,FOODS,16526.0,40519.07
2014-02-24,TX_2,FOODS,16796.0,40657.65
2014-03-03,TX_2,FOODS,17983.0,42023.6
2014-03-10,TX_2,FOODS,18866.0,46008.46
2014-03-17,TX_2,FOODS,16738.0,40608.08
2014-03-24,TX_2,FOODS,16188.0,39200.93
2014-03-31,TX_2,FOODS,17708.0,41546.4
2014-04-07,TX_2,FOODS,19235.0,46737.39
2014-04-14,TX_2,FOODS,20026.0,48087.17
2014-04-21,TX_2,FOODS,17846.0,42584.68
2014-04-28,TX_2,FOODS,17615.0,42516.34
2014-05-05,TX_2,FOODS,17834.0,43007.02
2014-05-12,TX_2,FOODS,17132.0,42423.15
2014-05-19,TX_2,FOODS,17342.0,41409.7
2014-05-26,TX_2,FOODS,16989.0,40638.69
2014-06-02,TX_2,FOODS,19683.0,47055.86
2014-06-09,TX_2,FOODS,20849.0,47545.8
2014-06-16,TX_2,FOODS,19301.0,43553.02
2014-06-23,TX_2,FOODS,16947.0,38045.75
2014-06-30,TX_2,FOODS,20936.0,47719.4
2014-07-07,TX_2,FOODS,21401.0,48912.67
2014-07-14,TX_2,FOODS,19475.0,44018.66
2014-07-21,TX_2,FOODS,17638.0,40223.6
2014-07-28,TX_2,FOODS,18940.0,43932.89
2014-08-04,TX_2,FOODS,19812.0,43803.59
2014-08-11,TX_2,FOODS,19677.0,45931.9
2014-08-18,TX_2,FOODS,19143.0,43885.86
2014-08-25,TX_2,FOODS,17029.0,40407.44
2014-09-01,TX_2,FOODS,20401.0,47737.17
2014-09-08,TX_2,FOODS,19284.0,47539.19
2014-09-15,TX_2,FOODS,17092.0,41506.91
2014-09-22,TX_2,FOODS,16525.0,39200.4
2014-09-29,TX_2,FOODS,17603.0,44051.74
2014-10-06,TX_2,FOODS,17929.0,46563.19
2014-10-13,TX_2,FOODS,17068.0,45496.68
2014-10-20,TX_2,FOODS,15658.0,41270.59
2014-10-27,TX_2,FOODS,15961.0,40973.73
2014-11-03,TX_2,FOODS,17063.0,44928.93
2014-11-10,TX_2,FOODS,17121.0,45234.31
2014-11-17,TX_2,FOODS,15468.0,39952.3
2014-11-24,TX_2,FOODS,15761.0,38722.98
2014-12-01,TX_2,FOODS,16336.0,43092.13
2014-12-08,TX_2,FOODS,16185.0,43857.05
2014-12-15,TX_2,FOODS,16777.0,45051.17
2014-12-22,TX_2,FOODS,13755.0,36228.17
2014-12-29,TX_2,FOODS,16532.0,43375.0
2015-01-05,TX_2,FOODS,17328.0,45626.27
2015-01-12,TX_2,FOODS,17191.0,44076.81
2015-01-19,TX_2,FOODS,15838.0,39938.63
2015-01-26,TX_2,FOODS,16873.0,40921.86
2015-02-02,TX_2,FOODS,18630.0,46839.76
2015-02-09,TX_2,FOODS,18890.0,49398.4
2015-02-16,TX_2,FOODS,16246.0,42671.17
2015-02-23,TX_2,FOODS,15133.0,39976.55
2015-03-02,TX_2,FOODS,16084.0,44448.03
2015-03-09,TX_2,FOODS,17851.0,47737.97
2015-03-16,TX_2,FOODS,16790.0,43453.19
2015-03-23,TX_2,FOODS,16200.0,41752.92
2015-03-30,TX_2,FOODS,18323.0,45723.57
2015-04-06,TX_2,FOODS,17918.0,47814.39
2015-04-13,TX_2,FOODS,17379.0,45880.67
2015-04-20,TX_2,FOODS,16455.0,42706.49
2015-04-27,TX_2,FOODS,16785.0,42770.03
2015-05-04,TX_2,FOODS,17105.0,44462.19
2015-05-11,TX_2,FOODS,17563.0,44832.19
2015-05-18,TX_2,FOODS,15521.0,40593.38
2015-05-25,TX_2,FOODS,15910.0,40770.11
2015-06-01,TX_2,FOODS,18598.0,45624.43
2015-06-08,TX_2,FOODS,18648.0,44916.55
2015-06-15,TX_2,FOODS,18058.0,44159.28
2015-06-22,TX_2,FOODS,15787.0,37954.36
2015-06-29,TX_2,FOODS,17396.0,42588.51
2015-07-06,TX_2,FOODS,19442.0,47795.0
2015-07-13,TX_2,FOODS,19631.0,46684.03
2015-07-20,TX_2,FOODS,17365.0,41475.61
2015-07-27,TX_2,FOODS,18173.0,42644.33
2015-08-03,TX_2,FOODS,20393.0,49785.9
2015-08-10,TX_2,FOODS,18765.0,45037.74
2015-08-17,TX_2,FOODS,16648.0,40812.27
2015-08-24,TX_2,FOODS,15766.0,38557.55
2015-08-31,TX_2,FOODS,16321.0,39761.68
2015-09-07,TX_2,FOODS,18808.0,46225.55
2015-09-14,TX_2,FOODS,17772.0,43566.68
2015-09-21,TX_2,FOODS,17095.0,44398.11
2015-09-28,TX_2,FOODS,17887.0,46229.12
2015-10-05,TX_2,FOODS,18670.0,48964.49
2015-10-12,TX_2,FOODS,17682.0,46940.47
2015-10-19,TX_2,FOODS,16750.0,44079.47
2015-10-26,TX_2,FOODS,15714.0,40752.36
2015-11-02,TX_2,FOODS,16649.0,43689.47
2015-11-09,TX_2,FOODS,16869.0,43894.83
2015-11-16,TX_2,FOODS,15907.0,41965.45
2015-11-23,TX_2,FOODS,15728.0,39566.88
2015-11-30,TX_2,FOODS,15028.0,39564.13
2015-12-07,TX_2,FOODS,15915.0,43816.42
2015-12-14,TX_2,FOODS,17213.0,47216.63
2015-12-21,TX_2,FOODS,14134.0,37282.91
2015-12-28,TX_2,FOODS,15167.0,40250.65
2016-01-04,TX_2,FOODS,17404.0,45652.24
2016-01-11,TX_2,FOODS,18264.0,48547.53
2016-01-18,TX_2,FOODS,16530.0,43176.32
2016-01-25,TX_2,FOODS,15635.0,41459.65
2016-02-01,TX_2,FOODS,18839.0,50281.12
2016-02-08,TX_2,FOODS,20703.0,55226.22
2016-02-15,TX_2,FOODS,19342.0,50706.24
2016-02-22,TX_2,FOODS,17944.0,46255.4
2016-02-29,TX_2,FOODS,18743.0,48420.35
2016-03-07,TX_2,FOODS,19158.0,50144.82
2016-03-14,TX_2,FOODS,19224.0,50201.78
2016-03-21,TX_2,FOODS,19671.0,50544.19
2016-03-28,TX_2,FOODS,17695.0,46810.73
2016-04-04,TX_2,FOODS,18644.0,48797.59
2016-04-11,TX_2,FOODS,18034.0,47515.95
2016-04-18,TX_2,FOODS,17473.0,46198.14
2016-04-25,TX_2,FOODS,17985.0,47040.97
2016-05-02,TX_2,FOODS,18771.0,49858.56
2016-05-09,TX_2,FOODS,20350.0,54522.58
2016-05-16,TX_2,FOODS,19132.0,50360.27
2011-01-24,TX_2,HOBBIES,744.0,2567.47
2011-01-31,TX_2,HOBBIES,1897.0,5872.34
2011-02-07,TX_2,HOBBIES,2043.0,6165.68
2011-02-14,TX_2,HOBBIES,1998.0,6673.4
2011-02-21,TX_2,HOBBIES,2003.0,6053.56
2011-02-28,TX_2,HOBBIES,1553.0,6151.81
2011-03-07,TX_2,HOBBIES,1789.0,5710.95
2011-03-14,TX_2,HOBBIES,2003.0,6070.44
2011-03-21,TX_2,HOBBIES,1766.0,5751.73
2011-03-28,TX_2,HOBBIES,1909.0,6651.29
2011-04-04,TX_2,HOBBIES,1942.0,6552.02
2011-04-11,TX_2,HOBBIES,1877.0,6826.68
2011-04-18,TX_2,HOBBIES,1989.0,6978.7
2011-04-25,TX_2,HOBBIES,2028.0,7067.01
2011-05-02,TX_2,HOBBIES,2151.0,6968.03
2011-05-09,TX_2,HOBBIES,2300.0,7469.36
2011-05-16,TX_2,HOBBIES,2073.0,6865.16
2011-05-23,TX_2,HOBBIES,1909.0,6500.66
2011-05-30,TX_2,HOBBIES,1861.0,6943.11
2011-06-06,TX_2,HOBBIES,2024.0,6789.02
2011-06-13,TX_2,HOBBIES,1999.0,6409.16
2011-06-20,TX_2,HOBBIES,2168.0,6829.78
2011-06-27,TX_2,HOBBIES,2213.0,7288.97
2011-07-04,TX_2,HOBBIES,2048.0,6711.05
2011-07-11,TX_2,HOBBIES,2042.0,6901.46
2011-07-18,TX_2,HOBBIES,2261.0,7028.42
2011-07-25,TX_2,HOBBIES,2030.0,6862.46
2011-08-01,TX_2,HOBBIES,2045.0,6878.96
2011-08-08,TX_2,HOBBIES,1945.0,6583.78
2011-08-15,TX_2,HOBBIES,2103.0,6692.81
2011-08-22,TX_2,HOBBIES,2008.0,6389.93
2011-08-29,TX_2,HOBBIES,1958.0,6113.78
2011-09-05,TX_2,HOBBIES,1835.0,6334.45
2011-09-12,TX_2,HOBBIES,1927.0,5897.85
2011-09-19,TX_2,HOBBIES,1908.0,5876.03
2011-09-26,TX_2,HOBBIES,2008.0,6207.8
2011-10-03,TX_2,HOBBIES,1995.0,6040.8
2011-10-10,TX_2,HOBBIES,2098.0,6765.49
2011-10-17,TX_2,HOBBIES,2155.0,5944.21
2011-10-24,TX_2,HOBBIES,2296.0,6626.96
2011-10-31,TX_2,HOBBIES,2111.0,6570.62
2011-11-07,TX_2,HOBBIES,1978.0,5684.1
2011-11-14,TX_2,HOBBIES,2088.0,5837.7
2011-11-21,TX_2,HOBBIES,1720.0,5025.16
2011-11-28,TX_2,HOBBIES,2129.0,6303.57
2011-12-05,TX_2,HOBBIES,2146.0,6023.63
2011-12-12,TX_2,HOBBIES,2249.0,6209.96
2011-12-19,TX_2,HOBBIES,1924.0,5379.57
2011-12-26,TX_2,HOBBIES,1856.0,5820.88
2012-01-02,TX_2,HOBBIES,2087.0,6532.19
2012-01-09,TX_2,HOBBIES,1926.0,5863.9
2012-01-16,TX_2,HOBBIES,2195.0,6573.22
2012-01-23,TX_2,HOBBIES,2214.0,6532.61
2012-01-30,TX_2,HOBBIES,2196.0,6634.67
2012-02-06,TX_2,HOBBIES,2152.0,6971.28
2012-02-13,TX_2,HOBBIES,2183.0,7261.03
2012-02-20,TX_2,HOBBIES,2101.0,7364.19
2012-02-27,TX_2,HOBBIES,2252.0,7124.49
2012-03-05,TX_2,HOBBIES,2070.0,7644.7
2012-03-12,TX_2,HOBBIES,2199.0,7988.31
2012-03-19,TX_2,HOBBIES,2106.0,7720.25
2012-03-26,TX_2,HOBBIES,2207.0,7299.11
2012-04-02,TX_2,HOBBIES,1955.0,7557.52
2012-04-09,TX_2,HOBBIES,2395.0,8268.29
2012-04-16,TX_2,HOBBIES,2139.0,7838.38
2012-04-23,TX_2,HOBBIES,2189.0,7930.2
2012-04-30,TX_2,HOBBIES,2393.0,8153.33
2012-05-07,TX_2,HOBBIES,2103.0,7994.14
2012-05-14,TX_2,HOBBIES,1992.0,8109.54
2012-05-21,TX_2,HOBBIES,1815.0,7845.22
2012-05-28,TX_2,HOBBIES,2531.0,8494.07
2012-06-04,TX_2,HOBBIES,2269.0,8329.28
2012-06-11,TX_2,HOBBIES,2261.0,8754.29
2012-06-18,TX_2,HOBBIES,2227.0,8630.31
2012-06-25,TX_2,HOBBIES,2391.0,8857.25
2012-07-02,TX_2,HOBBIES,2155.0,9374.99
2012-07-09,TX_2,HOBBIES,2280.0,9443.17
2012-07-16,TX_2,HOBBIES,2432.0,9887.3
2012-07-23,TX_2,HOBBIES,2094.0,9189.01
2012-07-30,TX_2,HOBBIES,2180.0,9889.75
2012-08-06,TX_2,HOBBIES,2032.0,8614.25
2012-08-13,TX_2,HOBBIES,2040.0,9622.44
2012-08-20,TX_2,HOBBIES,2050.0,9319.23
2012-08-27,TX_2,HOBBIES,1960.0,8979.18
2012-09-03,TX_2,HOBBIES,1994.0,8930.06
2012-09-10,TX_2,HOBBIES,1967.0,9042.42
2012-09-17,TX_2,HOBBIES,2148.0,9483.14
2012-09-24,TX_2,HOBBIES,1926.0,8855.13
2012-10-01,TX_2,HOBBIES,2194.0,8981.38
2012-10-08,TX_2,HOBBIES,2041.0,8751.37
2012-10-15,TX_2,HOBBIES,1856.0,8274.09
2012-10-22,TX_2,HOBBIES,1881.0,8307.48
2012-10-29,TX_2,HOBBIES,2140.0,9730.42
2012-11-05,TX_2,HOBBIES,2041.0,8721.21
2012-11-12,TX_2,HOBBIES,1994.0,9080.0
2012-11-19,TX_2,HOBBIES,1738.0,8531.41
2012-11-26,TX_2,HOBBIES,2016.0,9410.6
2012-12-03,TX_2,HOBBIES,1899.0,9803.11
2012-12-10,TX_2,HOBBIES,1959.0,9598.95
2012-12-17,TX_2,HOBBIES,2055.0,10415.31
2012-12-24,TX_2,HOBBIES,1638.0,8764.41
2012-12-31,TX_2,HOBBIES,1748.0,9324.29
2013-01-07,TX_2,HOBBIES,1887.0,9959.68
2013-01-14,TX_2,HOBBIES,1965.0,9657.43
2013-01-21,TX_2,HOBBIES,2641.0,10835.85
2013-01-28,TX_2,HOBBIES,2758.0,10648.0
2013-02-04,TX_2,HOBBIES,2268.0,11249.97
2013-02-11,TX_2,HOBBIES,2621.0,11372.91
2013-02-18,TX_2,HOBBIES,2832.0,11550.21
2013-02-25,TX_2,HOBBIES,2948.0,12223.67
2013-03-04,TX_2,HOBBIES,2243.0,11234.55
2013-03-11,TX_2,HOBBIES,2762.0,10895.74
2013-03-18,TX_2,HOBBIES,2892.0,11862.2
2013-03-25,TX_2,HOBBIES,2366.0,10591.83
2013-04-01,TX_2,HOBBIES,2863.0,10889.79
2013-04-08,TX_2,HOBBIES,2841.0,10782.99
2013-04-15,TX_2,HOBBIES,3112.0,10691.19
2013-04-22,TX_2,HOBBIES,2772.0,10514.3
2013-04-29,TX_2,HOBBIES,2279.0,9740.44
2013-05-06,TX_2,HOBBIES,3013.0,11167.15
2013-05-13,TX_2,HOBBIES,3154.0,11565.57
2013-05-20,TX_2,HOBBIES,2803.0,10816.23
2013-05-27,TX_2,HOBBIES,3060.0,11786.47
2013-06-03,TX_2,HOBBIES,2718.0,11213.94
2013-06-10,TX_2,HOBBIES,3192.0,11539.18
2013-06-17,TX_2,HOBBIES,2748.0,11197.47
2013-06-24,TX_2,HOBBIES,2840.0,10354.75
2013-07-01,TX_2,HOBBIES,2958.0,11198.19
2013-07-08,TX_2,HOBBIES,2807.0,10768.45
2013-07-15,TX_2,HOBBIES,2956.0,11422.18
2013-07-22,TX_2,HOBBIES,2980.0,10773.49
2013-07-29,TX_2,HOBBIES,3091.0,11228.88
2013-08-05,TX_2,HOBBIES,2832.0,9426.83
2013-08-12,TX_2,HOBBIES,2753.0,10685.43
2013-08-19,TX_2,HOBBIES,2770.0,10639.54
2013-08-26,TX_2,HOBBIES,2597.0,9403.45
2013-09-02,TX_2,HOBBIES,2359.0,9610.25
2013-09-09,TX_2,HOBBIES,2987.0,10205.75
2013-09-16,TX_2,HOBBIES,2752.0,10554.07
2013-09-23,TX_2,HOBBIES,2802.0,9750.04
2013-09-30,TX_2,HOBBIES,2705.0,9633.99
2013-10-07,TX_2,HOBBIES,2879.0,10830.72
2013-10-14,TX_2,HOBBIES,2776.0,9846.84
2013-10-21,TX_2,HOBBIES,2887.0,10029.91
2013-10-28,TX_2,HOBBIES,2959.0,10270.96
2013-11-04,TX_2,HOBBIES,2401.0,8769.16
2013-11-11,TX_2,HOBBIES,3004.0,9740.13
2013-11-18,TX_2,HOBBIES,2652.0,9427.83
2013-11-25,TX_2,HOBBIES,2198.0,8379.22
2013-12-02,TX_2,HOBBIES,2743.0,10122.54
2013-12-09,TX_2,HOBBIES,2353.0,9094.69
2013-12-16,TX_2,HOBBIES,2430.0,9107.34
2013-12-23,TX_2,HOBBIES,2313.0,8677.37
2013-12-30,TX_2,HOBBIES,2494.0,10175.13
2014-01-06,TX_2,HOBBIES,2354.0,10963.11
2014-01-13,TX_2,HOBBIES,2175.0,9445.75
2014-01-20,TX_2,HOBBIES,2173.0,9923.25
2014-01-27,TX_2,HOBBIES,2133.0,8824.96
2014-02-03,TX_2,HOBBIES,2209.0,8747.59
2014-02-10,TX_2,HOBBIES,2214.0,8967.63
2014-02-17,TX_2,HOBBIES,2218.0,8779.2
2014-02-24,TX_2,HOBBIES,1968.0,7332.62
2014-03-03,TX_2,HOBBIES,2015.0,8320.67
2014-03-10,TX_2,HOBBIES,2012.0,8220.42
2014-03-17,TX_2,HOBBIES,2136.0,8157.29
2014-03-24,TX_2,HOBBIES,2050.0,7802.08
2014-03-31,TX_2,HOBBIES,2073.0,7795.97
2014-04-07,TX_2,HOBBIES,2034.0,8210.17
2014-04-14,TX_2,HOBBIES,2112.0,8170.06
2014-04-21,TX_2,HOBBIES,2207.0,8467.34
2014-04-28,TX_2,HOBBIES,1980.0,7610.44
2014-05-05,TX_2,HOBBIES,1989.0,7872.98
2014-05-12,TX_2,HOBBIES,2142.0,8326.15
2014-05-19,TX_2,HOBBIES,2010.0,8583.8
2014-05-26,TX_2,HOBBIES,2069.0,8675.09
2014-06-02,TX_2,HOBBIES,2248.0,8367.11
2014-06-09,TX_2,HOBBIES,2135.0,8861.99
2014-06-16,TX_2,HOBBIES,2190.0,8661.92
2014-06-23,TX_2,HOBBIES,1978.0,8189.89
2014-06-30,TX_2,HOBBIES,2005.0,8676.21
2014-07-07,TX_2,HOBBIES,1792.0,8095.82
2014-07-14,TX_2,HOBBIES,1944.0,8462.09
2014-07-21,TX_2,HOBBIES,1926.0,8343.59
2014-07-28,TX_2,HOBBIES,2097.0,8875.08
2014-08-04,TX_2,HOBBIES,1870.0,8673.83
2014-08-11,TX_2,HOBBIES,1885.0,8313.95
2014-08-18,TX_2,HOBBIES,1967.0,8342.37
2014-08-25,TX_2,HOBBIES,1755.0,8041.99
2014-09-01,TX_2,HOBBIES,2222.0,9130.87
2014-09-08,TX_2,HOBBIES,2004.0,8809.73
2014-09-15,TX_2,HOBBIES,2004.0,8635.74
2014-09-22,TX_2,HOBBIES,2000.0,8573.1
2014-09-29,TX_2,HOBBIES,2165.0,9219.59
2014-10-06,TX_2,HOBBIES,2262.0,9494.38
2014-10-13,TX_2,HOBBIES,2387.0,9758.45
2014-10-20,TX_2,HOBBIES,2316.0,9346.98
2014-10-27,TX_2,HOBBIES,2261.0,9284.75
2014-11-03,TX_2,HOBBIES,2221.0,9402.6
2014-11-10,TX_2,HOBBIES,2184.0,9182.48
2014-11-17,TX_2,HOBBIES,2506.0,9761.49
2014-11-24,TX_2,HOBBIES,1932.0,8271.61
2014-12-01,TX_2,HOBBIES,2336.0,9933.97
2014-12-08,TX_2,HOBBIES,2238.0,9253.47
2014-12-15,TX_2,HOBBIES,2382.0,10018.84
2014-12-22,TX_2,HOBBIES,1987.0,8410.65
2014-12-29,TX_2,HOBBIES,2146.0,11321.54
2015-01-05,TX_2,HOBBIES,2211.0,9907.79
2015-01-12,TX_2,HOBBIES,2296.0,11585.16
2015-01-19,TX_2,HOBBIES,2344.0,12347.32
2015-01-26,TX_2,HOBBIES,2496.0,11246.3
2015-02-02,TX_2,HOBBIES,2646.0,11939.38
2015-02-09,TX_2,HOBBIES,2780.0,13283.05
2015-02-16,TX_2,HOBBIES,2769.0,13568.19
2015-02-23,TX_2,HOBBIES,2623.0,14189.95
2015-03-02,TX_2,HOBBIES,2414.0,13533.63
2015-03-09,TX_2,HOBBIES,2725.0,15047.66
2015-03-16,TX_2,HOBBIES,2611.0,13949.84
2015-03-23,TX_2,HOBBIES,2595.0,13761.77
2015-03-30,TX_2,HOBBIES,2491.0,13336.81
2015-04-06,TX_2,HOBBIES,2752.0,14363.14
2015-04-13,TX_2,HOBBIES,2606.0,13449.01
2015-04-20,TX_2,HOBBIES,2605.0,13795.7
2015-04-27,TX_2,HOBBIES,2703.0,14377.21
2015-05-04,TX_2,HOBBIES,2609.0,12902.9
2015-05-11,TX_2,HOBBIES,2962.0,15201.97
2015-05-18,TX_2,HOBBIES,2785.0,13990.87
2015-05-25,TX_2,HOBBIES,2529.0,14097.67
2015-06-01,TX_2,HOBBIES,2789.0,14678.84
2015-06-08,TX_2,HOBBIES,2631.0,13666.21
2015-06-15,TX_2,HOBBIES,2421.0,13055.6
2015-06-22,TX_2,HOBBIES,2704.0,12959.68
2015-06-29,TX_2,HOBBIES,2500.0,13352.32
2015-07-06,TX_2,HOBBIES,2813.0,14141.74
2015-07-13,TX_2,HOBBIES,2693.0,13091.09
2015-07-20,TX_2,HOBBIES,2441.0,13038.45
2015-07-27,TX_2,HOBBIES,2725.0,13521.33
2015-08-03,TX_2,HOBBIES,2570.0,13454.54
2015-08-10,TX_2,HOBBIES,2423.0,12726.83
2015-08-17,TX_2,HOBBIES,2682.0,13749.84
2015-08-24,TX_2,HOBBIES,2520.0,13426.69
2015-08-31,TX_2,HOBBIES,2723.0,12889.99
2015-09-07,TX_2,HOBBIES,2588.0,13571.42
2015-09-14,TX_2,HOBBIES,2668.0,13651.06
2015-09-21,TX_2,HOBBIES,2520.0,11960.07
2015-09-28,TX_2,HOBBIES,2723.0,12831.3
2015-10-05,TX_2,HOBBIES,2752.0,12379.58
2015-10-12,TX_2,HOBBIES,2888.0,13453.47
2015-10-19,TX_2,HOBBIES,2770.0,12992.25
2015-10-26,TX_2,HOBBIES,2755.0,13311.78
2015-11-02,TX_2,HOBBIES,2772.0,14043.4
2015-11-09,TX_2,HOBBIES,2606.0,12679.39
2015-11-16,TX_2,HOBBIES,2748.0,13704.31
2015-11-23,TX_2,HOBBIES,2331.0,10877.98
2015-11-30,TX_2,HOBBIES,2780.0,12829.25
2015-12-07,TX_2,HOBBIES,2811.0,12564.04
2015-12-14,TX_2,HOBBIES,2849.0,14406.62
2015-12-21,TX_2,HOBBIES,2262.0,12176.63
2015-12-28,TX_2,HOBBIES,2371.0,13290.75
2016-01-04,TX_2,HOBBIES,2266.0,13392.88
2016-01-11,TX_2,HOBBIES,2428.0,12862.46
2016-01-18,TX_2,HOBBIES,2316.0,13044.73
2016-01-25,TX_2,HOBBIES,2560.0,13352.93
2016-02-01,TX_2,HOBBIES,2646.0,14206.11
2016-02-08,TX_2,HOBBIES,2646.0,14053.85
2016-02-15,TX_2,HOBBIES,2524.0,13103.7
2016-02-22,TX_2,HOBBIES,2652.0,13671.34
2016-02-29,TX_2,HOBBIES,2687.0,14313.64
2016-03-07,TX_2,HOBBIES,2303.0,13166.31
2016-03-14,TX_2,HOBBIES,2639.0,12752.14
2016-03-21,TX_2,HOBBIES,2559.0,13539.58
2016-03-28,TX_2,HOBBIES,2587.0,13225.99
2016-04-04,TX_2,HOBBIES,2624.0,13223.92
2016-04-11,TX_2,HOBBIES,2860.0,14362.95
2016-04-18,TX_2,HOBBIES,2577.0,13524.52
2016-04-25,TX_2,HOBBIES,2906.0,15348.2
2016-05-02,TX_2,HOBBIES,2889.0,14491.52
2016-05-09,TX_2,HOBBIES,2940.0,14839.18
2016-05-16,TX_2,HOBBIES,3083.0,15524.88
2011-01-24,TX_2,HOUSEHOLD,1387.0,5543.65
2011-01-31,TX_2,HOUSEHOLD,3285.0,13957.64
2011-02-07,TX_2,HOUSEHOLD,3568.0,15481.58
2011-02-14,TX_2,HOUSEHOLD,4128.0,17856.56
2011-02-21,TX_2,HOUSEHOLD,3919.0,16532.47
2011-02-28,TX_2,HOUSEHOLD,4009.0,16867.62
2011-03-07,TX_2,HOUSEHOLD,3674.0,15421.36
2011-03-14,TX_2,HOUSEHOLD,3932.0,16149.26
2011-03-21,TX_2,HOUSEHOLD,3517.0,15679.9
2011-03-28,TX_2,HOUSEHOLD,3626.0,15718.78
2011-04-04,TX_2,HOUSEHOLD,3716.0,15431.1
2011-04-11,TX_2,HOUSEHOLD,4136.0,16760.28
2011-04-18,TX_2,HOUSEHOLD,3924.0,15717.15
2011-04-25,TX_2,HOUSEHOLD,3892.0,16948.05
2011-05-02,TX_2,HOUSEHOLD,3533.0,14853.33
2011-05-09,TX_2,HOUSEHOLD,3921.0,16877.24
2011-05-16,TX_2,HOUSEHOLD,3634.0,16024.17
2011-05-23,TX_2,HOUSEHOLD,3442.0,14366.08
2011-05-30,TX_2,HOUSEHOLD,3731.0,15485.05
2011-06-06,TX_2,HOUSEHOLD,3740.0,15387.67
2011-06-13,TX_2,HOUSEHOLD,3621.0,14299.8
2011-06-20,TX_2,HOUSEHOLD,3688.0,14783.26
2011-06-27,TX_2,HOUSEHOLD,3493.0,14019.64
2011-07-04,TX_2,HOUSEHOLD,3953.0,16180.99
2011-07-11,TX_2,HOUSEHOLD,3772.0,15540.52
2011-07-18,TX_2,HOUSEHOLD,4136.0,15316.22
2011-07-25,TX_2,HOUSEHOLD,3885.0,15792.9
2011-08-01,TX_2,HOUSEHOLD,3968.0,15494.87
2011-08-08,TX_2,HOUSEHOLD,4213.0,16812.98
2011-08-15,TX_2,HOUSEHOLD,4185.0,16141.32
2011-08-22,TX_2,HOUSEHOLD,3836.0,15598.02
2011-08-29,TX_2,HOUSEHOLD,3669.0,14167.44
2011-09-05,TX_2,HOUSEHOLD,4306.0,16792.74
2011-09-12,TX_2,HOUSEHOLD,4184.0,16846.62
2011-09-19,TX_2,HOUSEHOLD,4085.0,15648.05
2011-09-26,TX_2,HOUSEHOLD,4436.0,17234.96
2011-10-03,TX_2,HOUSEHOLD,3742.0,14993.48
2011-10-10,TX_2,HOUSEHOLD,4595.0,18316.49
2011-10-17,TX_2,HOUSEHOLD,4316.0,17956.17
2011-10-24,TX_2,HOUSEHOLD,4142.0,16909.58
2011-10-31,TX_2,HOUSEHOLD,4184.0,16584.98
2011-11-07,TX_2,HOUSEHOLD,4057.0,16382.5
2011-11-14,TX_2,HOUSEHOLD,4267.0,17094.38
2011-11-21,TX_2,HOUSEHOLD,3920.0,15800.93
2011-11-28,TX_2,HOUSEHOLD,3845.0,15639.75
2011-12-05,TX_2,HOUSEHOLD,3797.0,15269.19
2011-12-12,TX_2,HOUSEHOLD,3992.0,16685.86
2011-12-19,TX_2,HOUSEHOLD,3420.0,13878.29
2011-12-26,TX_2,HOUSEHOLD,4418.0,17729.22
2012-01-02,TX_2,HOUSEHOLD,4507.0,17531.25
2012-01-09,TX_2,HOUSEHOLD,3956.0,15921.01
2012-01-16,TX_2,HOUSEHOLD,4468.0,18289.46
2012-01-23,TX_2,HOUSEHOLD,4639.0,17645.53
2012-01-30,TX_2,HOUSEHOLD,5328.0,22540.59
2012-02-06,TX_2,HOUSEHOLD,4823.0,20741.23
2012-02-13,TX_2,HOUSEHOLD,4635.0,19405.38
2012-02-20,TX_2,HOUSEHOLD,4871.0,19568.02
2012-02-27,TX_2,HOUSEHOLD,5013.0,20533.35
2012-03-05,TX_2,HOUSEHOLD,4490.0,18303.46
2012-03-12,TX_2,HOUSEHOLD,5448.0,20521.01
2012-03-19,TX_2,HOUSEHOLD,5106.0,19412.09
2012-03-26,TX_2,HOUSEHOLD,5240.0,20265.33
2012-04-02,TX_2,HOUSEHOLD,5059.0,18599.9
2012-04-09,TX_2,HOUSEHOLD,5261.0,19978.32
2012-04-16,TX_2,HOUSEHOLD,5050.0,19608.85
2012-04-23,TX_2,HOUSEHOLD,4376.0,17993.38
2012-04-30,TX_2,HOUSEHOLD,4879.0,18911.19
2012-05-07,TX_2,HOUSEHOLD,4231.0,16837.04
2012-05-14,TX_2,HOUSEHOLD,4661.0,19048.62
2012-05-21,TX_2,HOUSEHOLD,4541.0,18201.59
2012-05-28,TX_2,HOUSEHOLD,5338.0,21211.66
2012-06-04,TX_2,HOUSEHOLD,5471.0,20686.65
2012-06-11,TX_2,HOUSEHOLD,5477.0,19296.66
2012-06-18,TX_2,HOUSEHOLD,5432.0,20023.96
2012-06-25,TX_2,HOUSEHOLD,5635.0,21168.06
2012-07-02,TX_2,HOUSEHOLD,5741.0,21112.71
2012-07-09,TX_2,HOUSEHOLD,5364.0,19660.68
2012-07-16,TX_2,HOUSEHOLD,5391.0,19494.25
2012-07-23,TX_2,HOUSEHOLD,5113.0,19180.61
2012-07-30,TX_2,HOUSEHOLD,5161.0,19679.4
2012-08-06,TX_2,HOUSEHOLD,5786.0,20258.06
2012-08-13,TX_2,HOUSEHOLD,6547.0,21557.39
2012-08-20,TX_2,HOUSEHOLD,6418.0,22997.52
2012-08-27,TX_2,HOUSEHOLD,6089.0,23247.73
2012-09-03,TX_2,HOUSEHOLD,7679.0,24612.4
2012-09-10,TX_2,HOUSEHOLD,6773.0,23299.22
2012-09-17,TX_2,HOUSEHOLD,6849.0,22584.45
2012-09-24,TX_2,HOUSEHOLD,6565.0,22015.47
2012-10-01,TX_2,HOUSEHOLD,6539.0,22460.17
2012-10-08,TX_2,HOUSEHOLD,6090.0,22262.7
2012-10-15,TX_2,HOUSEHOLD,6481.0,22211.74
2012-10-22,TX_2,HOUSEHOLD,6303.0,21634.5
2012-10-29,TX_2,HOUSEHOLD,6028.0,21472.48
2012-11-05,TX_2,HOUSEHOLD,5819.0,20898.38
2012-11-12,TX_2,HOUSEHOLD,5338.0,19347.99
2012-11-19,TX_2,HOUSEHOLD,5334.0,19890.48
2012-11-26,TX_2,HOUSEHOLD,5572.0,20082.14
2012-12-03,TX_2,HOUSEHOLD,5759.0,21091.66
2012-12-10,TX_2,HOUSEHOLD,5218.0,19275.53
2012-12-17,TX_2,HOUSEHOLD,5349.0,20324.64
2012-12-24,TX_2,HOUSEHOLD,6279.0,19131.89
2012-12-31,TX_2,HOUSEHOLD,6281.0,20024.92
2013-01-07,TX_2,HOUSEHOLD,5773.0,20049.11
2013-01-14,TX_2,HOUSEHOLD,6040.0,20660.55
2013-01-21,TX_2,HOUSEHOLD,5973.0,20944.53
2013-01-28,TX_2,HOUSEHOLD,5749.0,20466.16
2013-02-04,TX_2,HOUSEHOLD,7661.0,24762.15
2013-02-11,TX_2,HOUSEHOLD,8189.0,26757.03
2013-02-18,TX_2,HOUSEHOLD,7566.0,25333.37
2013-02-25,TX_2,HOUSEHOLD,7299.0,26822.76
2013-03-04,TX_2,HOUSEHOLD,6494.0,23664.4
2013-03-11,TX_2,HOUSEHOLD,7557.0,25067.0
2013-03-18,TX_2,HOUSEHOLD,6818.0,23532.25
2013-03-25,TX_2,HOUSEHOLD,5993.0,21839.04
2013-04-01,TX_2,HOUSEHOLD,7840.0,24834.29
2013-04-08,TX_2,HOUSEHOLD,7028.0,23512.02
2013-04-15,TX_2,HOUSEHOLD,6976.0,22955.43
2013-04-22,TX_2,HOUSEHOLD,6650.0,23042.33
2013-04-29,TX_2,HOUSEHOLD,6437.0,22378.69
2013-05-06,TX_2,HOUSEHOLD,6176.0,21190.13
2013-05-13,TX_2,HOUSEHOLD,7315.0,25150.59
2013-05-20,TX_2,HOUSEHOLD,6509.0,22972.4
2013-05-27,TX_2,HOUSEHOLD,7180.0,24757.17
2013-06-03,TX_2,HOUSEHOLD,7091.0,22915.51
2013-06-10,TX_2,HOUSEHOLD,6489.0,22526.47
2013-06-17,TX_2,HOUSEHOLD,6751.0,24317.32
2013-06-24,TX_2,HOUSEHOLD,6707.0,23640.06
2013-07-01,TX_2,HOUSEHOLD,6653.0,24166.02
2013-07-08,TX_2,HOUSEHOLD,7166.0,25015.8
2013-07-15,TX_2,HOUSEHOLD,7288.0,24864.91
2013-07-22,TX_2,HOUSEHOLD,7509.0,24321.76
2013-07-29,TX_2,HOUSEHOLD,7146.0,23701.92
2013-08-05,TX_2,HOUSEHOLD,6741.0,24063.62
2013-08-12,TX_2,HOUSEHOLD,6906.0,24191.81
2013-08-19,TX_2,HOUSEHOLD,6712.0,24039.23
2013-08-26,TX_2,HOUSEHOLD,6778.0,24362.31
2013-09-02,TX_2,HOUSEHOLD,6947.0,25095.72
2013-09-09,TX_2,HOUSEHOLD,6507.0,23737.01
2013-09-16,TX_2,HOUSEHOLD,6531.0,22404.74
2013-09-23,TX_2,HOUSEHOLD,6124.0,21740.12
2013-09-30,TX_2,HOUSEHOLD,6913.0,24007.01
2013-10-07,TX_2,HOUSEHOLD,6109.0,22138.59
2013-10-14,TX_2,HOUSEHOLD,6687.0,22838.63
2013-10-21,TX_2,HOUSEHOLD,6247.0,22884.45
2013-10-28,TX_2,HOUSEHOLD,6096.0,22258.84
2013-11-04,TX_2,HOUSEHOLD,6306.0,22978.15
2013-11-11,TX_2,HOUSEHOLD,5791.0,21386.98
2013-11-18,TX_2,HOUSEHOLD,5957.0,22957.22
2013-11-25,TX_2,HOUSEHOLD,5356.0,20503.73
2013-12-02,TX_2,HOUSEHOLD,5305.0,19886.74
2013-12-09,TX_2,HOUSEHOLD,5397.0,20559.6
2013-12-16,TX_2,HOUSEHOLD,5264.0,20169.37
2013-12-23,TX_2,HOUSEHOLD,4831.0,18745.72
2013-12-30,TX_2,HOUSEHOLD,5312.0,20655.78
2014-01-06,TX_2,HOUSEHOLD,5293.0,20461.22
2014-01-13,TX_2,HOUSEHOLD,4735.0,17865.33
2014-01-20,TX_2,HOUSEHOLD,4580.0,17890.03
2014-01-27,TX_2,HOUSEHOLD,4736.0,17669.99
2014-02-03,TX_2,HOUSEHOLD,5965.0,20674.59
2014-02-10,TX_2,HOUSEHOLD,7060.0,24205.64
2014-02-17,TX_2,HOUSEHOLD,7481.0,24357.69
2014-02-24,TX_2,HOUSEHOLD,6313.0,22457.35
2014-03-03,TX_2,HOUSEHOLD,6352.0,22447.22
2014-03-10,TX_2,HOUSEHOLD,6278.0,22370.69
2014-03-17,TX_2,HOUSEHOLD,5875.0,21856.48
2014-03-24,TX_2,HOUSEHOLD,5441.0,20537.3
2014-03-31,TX_2,HOUSEHOLD,6070.0,22584.03
2014-04-07,TX_2,HOUSEHOLD,5741.0,20780.35
2014-04-14,TX_2,HOUSEHOLD,5850.0,20825.83
2014-04-21,TX_2,HOUSEHOLD,5466.0,20823.96
2014-04-28,TX_2,HOUSEHOLD,5533.0,21873.45
2014-05-05,TX_2,HOUSEHOLD,5997.0,20963.74
2014-05-12,TX_2,HOUSEHOLD,5321.0,20578.18
2014-05-19,TX_2,HOUSEHOLD,5043.0,19756.81
2014-05-26,TX_2,HOUSEHOLD,5718.0,21904.42
2014-06-02,TX_2,HOUSEHOLD,6020.0,21836.17
2014-06-09,TX_2,HOUSEHOLD,5396.0,20969.79
2014-06-16,TX_2,HOUSEHOLD,5709.0,22393.92
2014-06-23,TX_2,HOUSEHOLD,5485.0,20890.28
2014-06-30,TX_2,HOUSEHOLD,6039.0,23060.18
2014-07-07,TX_2,HOUSEHOLD,5924.0,21684.22
2014-07-14,TX_2,HOUSEHOLD,5937.0,23429.75
2014-07-21,TX_2,HOUSEHOLD,5660.0,21826.23
2014-07-28,TX_2,HOUSEHOLD,5638.0,21965.37
2014-08-04,TX_2,HOUSEHOLD,6133.0,22012.96
2014-08-11,TX_2,HOUSEHOLD,5847.0,22752.74
2014-08-18,TX_2,HOUSEHOLD,6023.0,23821.4
2014-08-25,TX_2,HOUSEHOLD,5663.0,21913.91
2014-09-01,TX_2,HOUSEHOLD,5936.0,23307.74
2014-09-08,TX_2,HOUSEHOLD,5690.0,22023.11
2014-09-15,TX_2,HOUSEHOLD,5275.0,20715.95
2014-09-22,TX_2,HOUSEHOLD,5299.0,21092.17
2014-09-29,TX_2,HOUSEHOLD,6163.0,22892.85
2014-10-06,TX_2,HOUSEHOLD,5833.0,22119.8
2014-10-13,TX_2,HOUSEHOLD,5619.0,21795.8
2014-10-20,TX_2,HOUSEHOLD,5593.0,21873.44
2014-10-27,TX_2,HOUSEHOLD,5405.0,21469.0
2014-11-03,TX_2,HOUSEHOLD,5598.0,21406.81
2014-11-10,TX_2,HOUSEHOLD,5211.0,19948.39
2014-11-17,TX_2,HOUSEHOLD,5125.0,20052.62
2014-11-24,TX_2,HOUSEHOLD,4777.0,19222.53
2014-12-01,TX_2,HOUSEHOLD,5086.0,19327.03
2014-12-08,TX_2,HOUSEHOLD,5137.0,19969.99
2014-12-15,TX_2,HOUSEHOLD,5069.0,19356.39
2014-12-22,TX_2,HOUSEHOLD,4451.0,17140.87
2014-12-29,TX_2,HOUSEHOLD,5385.0,21566.97
2015-01-05,TX_2,HOUSEHOLD,4975.0,19006.2
2015-01-12,TX_2,HOUSEHOLD,5354.0,20439.6
2015-01-19,TX_2,HOUSEHOLD,5249.0,20156.65
2015-01-26,TX_2,HOUSEHOLD,6121.0,22366.26
2015-02-02,TX_2,HOUSEHOLD,6644.0,24133.72
2015-02-09,TX_2,HOUSEHOLD,6583.0,24595.73
2015-02-16,TX_2,HOUSEHOLD,6619.0,25670.38
2015-02-23,TX_2,HOUSEHOLD,6518.0,25792.8
2015-03-02,TX_2,HOUSEHOLD,6423.0,25668.81
2015-03-09,TX_2,HOUSEHOLD,6445.0,25982.87
2015-03-16,TX_2,HOUSEHOLD,6206.0,25714.06
2015-03-23,TX_2,HOUSEHOLD,6032.0,25160.31
2015-03-30,TX_2,HOUSEHOLD,6343.0,26007.26
2015-04-06,TX_2,HOUSEHOLD,6720.0,27870.09
2015-04-13,TX_2,HOUSEHOLD,6179.0,25053.49
2015-04-20,TX_2,HOUSEHOLD,6288.0,26174.96
2015-04-27,TX_2,HOUSEHOLD,6310.0,24975.2
2015-05-04,TX_2,HOUSEHOLD,5788.0,23985.64
2015-05-11,TX_2,HOUSEHOLD,6570.0,26961.3
2015-05-18,TX_2,HOUSEHOLD,6100.0,24804.6
2015-05-25,TX_2,HOUSEHOLD,6182.0,25451.62
2015-06-01,TX_2,HOUSEHOLD,6305.0,25639.35
2015-06-08,TX_2,HOUSEHOLD,6513.0,26715.61
2015-06-15,TX_2,HOUSEHOLD,5866.0,23688.28
2015-06-22,TX_2,HOUSEHOLD,6293.0,24961.57
2015-06-29,TX_2,HOUSEHOLD,6250.0,25806.34
2015-07-06,TX_2,HOUSEHOLD,6161.0,25093.36
2015-07-13,TX_2,HOUSEHOLD,6875.0,27997.53
2015-07-20,TX_2,HOUSEHOLD,6422.0,26158.87
2015-07-27,TX_2,HOUSEHOLD,6618.0,27515.68
2015-08-03,TX_2,HOUSEHOLD,6776.0,27221.7
2015-08-10,TX_2,HOUSEHOLD,6928.0,28220.1
2015-08-17,TX_2,HOUSEHOLD,6613.0,27761.37
2015-08-24,TX_2,HOUSEHOLD,6330.0,25684.1
2015-08-31,TX_2,HOUSEHOLD,6501.0,25635.29
2015-09-07,TX_2,HOUSEHOLD,6647.0,26160.34
2015-09-14,TX_2,HOUSEHOLD,6913.0,26412.76
2015-09-21,TX_2,HOUSEHOLD,6779.0,25599.42
2015-09-28,TX_2,HOUSEHOLD,6935.0,26707.25
2015-10-05,TX_2,HOUSEHOLD,6691.0,25524.82
2015-10-12,TX_2,HOUSEHOLD,6539.0,24828.09
2015-10-19,TX_2,HOUSEHOLD,6452.0,24386.08
2015-10-26,TX_2,HOUSEHOLD,6587.0,25234.89
2015-11-02,TX_2,HOUSEHOLD,7313.0,28393.67
2015-11-09,TX_2,HOUSEHOLD,6354.0,25182.18
2015-11-16,TX_2,HOUSEHOLD,6568.0,26751.75
2015-11-23,TX_2,HOUSEHOLD,5964.0,24804.29
2015-11-30,TX_2,HOUSEHOLD,6516.0,25593.58
2015-12-07,TX_2,HOUSEHOLD,7249.0,26132.39
2015-12-14,TX_2,HOUSEHOLD,7342.0,26971.59
2015-12-21,TX_2,HOUSEHOLD,6919.0,25222.65
2015-12-28,TX_2,HOUSEHOLD,7681.0,28394.34
2016-01-04,TX_2,HOUSEHOLD,7015.0,26641.56
2016-01-11,TX_2,HOUSEHOLD,6676.0,25346.08
2016-01-18,TX_2,HOUSEHOLD,7159.0,27406.14
2016-01-25,TX_2,HOUSEHOLD,7182.0,27451.19
2016-02-01,TX_2,HOUSEHOLD,7015.0,28810.82
2016-02-08,TX_2,HOUSEHOLD,7717.0,32584.99
2016-02-15,TX_2,HOUSEHOLD,8143.0,32057.97
2016-02-22,TX_2,HOUSEHOLD,7533.0,31362.71
2016-02-29,TX_2,HOUSEHOLD,7507.0,30777.9
2016-03-07,TX_2,HOUSEHOLD,7461.0,29454.23
2016-03-14,TX_2,HOUSEHOLD,7475.0,30062.02
2016-03-21,TX_2,HOUSEHOLD,6765.0,27756.95
2016-03-28,TX_2,HOUSEHOLD,6917.0,27914.71
2016-04-04,TX_2,HOUSEHOLD,7008.0,28203.35
2016-04-11,TX_2,HOUSEHOLD,7192.0,29370.02
2016-04-18,TX_2,HOUSEHOLD,6495.0,27684.08
2016-04-25,TX_2,HOUSEHOLD,6594.0,28608.05
2016-05-02,TX_2,HOUSEHOLD,6523.0,26686.15
2016-05-09,TX_2,HOUSEHOLD,7201.0,29027.95
2016-05-16,TX_2,HOUSEHOLD,6884.0,28456.76
2011-01-24,TX_3,FOODS,4541.0,9307.16
2011-01-31,TX_3,FOODS,12702.0,27388.13
2011-02-07,TX_3,FOODS,12746.0,30153.45
2011-02-14,TX_3,FOODS,12482.0,28904.31
2011-02-21,TX_3,FOODS,10903.0,24538.72
2011-02-28,TX_3,FOODS,12250.0,27920.39
2011-03-07,TX_3,FOODS,12136.0,28345.75
2011-03-14,TX_3,FOODS,11647.0,27068.13
2011-03-21,TX_3,FOODS,10977.0,24315.16
2011-03-28,TX_3,FOODS,11135.0,25657.63
2011-04-04,TX_3,FOODS,11513.0,25549.22
2011-04-11,TX_3,FOODS,12125.0,27224.85
2011-04-18,TX_3,FOODS,11422.0,26647.52
2011-04-25,TX_3,FOODS,9347.0,22235.51
2011-05-02,TX_3,FOODS,10591.0,24289.63
2011-05-09,TX_3,FOODS,12029.0,28786.94
2011-05-16,TX_3,FOODS,10637.0,24813.59
2011-05-23,TX_3,FOODS,10801.0,24600.13
2011-05-30,TX_3,FOODS,12516.0,29352.36
2011-06-06,TX_3,FOODS,14514.0,34323.39
2011-06-13,TX_3,FOODS,14014.0,33636.15
2011-06-20,TX_3,FOODS,12414.0,29479.06
2011-06-27,TX_3,FOODS,13704.0,31392.25
2011-07-04,TX_3,FOODS,15136.0,35529.06
2011-07-11,TX_3,FOODS,15381.0,37072.64
2011-07-18,TX_3,FOODS,13218.0,30900.18
2011-07-25,TX_3,FOODS,12990.0,29952.82
2011-08-01,TX_3,FOODS,15937.0,38233.41
2011-08-08,TX_3,FOODS,16021.0,37580.3
2011-08-15,TX_3,FOODS,16426.0,36962.52
2011-08-22,TX_3,FOODS,13946.0,31608.3
2011-08-29,TX_3,FOODS,13736.0,32291.38
2011-09-05,TX_3,FOODS,15570.0,36980.48
2011-09-12,TX_3,FOODS,15297.0,35788.37
2011-09-19,TX_3,FOODS,13868.0,31425.97
2011-09-26,TX_3,FOODS,14067.0,31225.38
2011-10-03,TX_3,FOODS,15638.0,36717.28
2011-10-10,TX_3,FOODS,17050.0,39613.56
2011-10-17,TX_3,FOODS,13856.0,32169.89
2011-10-24,TX_3,FOODS,12564.0,29307.9
2011-10-31,TX_3,FOODS,14506.0,33958.88
2011-11-07,TX_3,FOODS,15177.0,36128.71
2011-11-14,TX_3,FOODS,14188.0,32668.48
2011-11-21,TX_3,FOODS,13221.0,30584.62
2011-11-28,TX_3,FOODS,12983.0,30256.53
2011-12-05,TX_3,FOODS,14145.0,33745.94
2011-12-12,TX_3,FOODS,15004.0,36128.26
2011-12-19,TX_3,FOODS,12659.0,29446.84
2011-12-26,TX_3,FOODS,13124.0,29593.07
2012-01-02,TX_3,FOODS,15167.0,35311.37
2012-01-09,TX_3,FOODS,14867.0,34891.6
2012-01-16,TX_3,FOODS,13629.0,31915.43
2012-01-23,TX_3,FOODS,12352.0,28167.66
2012-01-30,TX_3,FOODS,15306.0,35562.66
2012-02-06,TX_3,FOODS,15370.0,38025.34
2012-02-13,TX_3,FOODS,14192.0,34866.18
2012-02-20,TX_3,FOODS,12435.0,30469.44
2012-02-27,TX_3,FOODS,14489.0,33883.02
2012-03-05,TX_3,FOODS,15416.0,37635.51
2012-03-12,TX_3,FOODS,16222.0,39135.7
2012-03-19,TX_3,FOODS,14593.0,34216.93
2012-03-26,TX_3,FOODS,14386.0,33384.12
2012-04-02,TX_3,FOODS,17127.0,39681.4
2012-04-09,TX_3,FOODS,15671.0,37757.24
2012-04-16,TX_3,FOODS,13144.0,31771.25
2012-04-23,TX_3,FOODS,13181.0,30914.02
2012-04-30,TX_3,FOODS,15452.0,36684.33
2012-05-07,TX_3,FOODS,15919.0,38061.95
2012-05-14,TX_3,FOODS,15972.0,37709.61
2012-05-21,TX_3,FOODS,15379.0,34665.8
2012-05-28,TX_3,FOODS,16632.0,37363.68
2012-06-04,TX_3,FOODS,17751.0,40369.87
2012-06-11,TX_3,FOODS,17802.0,40970.81
2012-06-18,TX_3,FOODS,15555.0,35335.24
2012-06-25,TX_3,FOODS,15346.0,35186.57
2012-07-02,TX_3,FOODS,16710.0,38770.87
2012-07-09,TX_3,FOODS,16042.0,38492.66
2012-07-16,TX_3,FOODS,15229.0,34317.01
2012-07-23,TX_3,FOODS,14753.0,33730.27
2012-07-30,TX_3,FOODS,17506.0,38141.45
2012-08-06,TX_3,FOODS,18243.0,40194.59
2012-08-13,TX_3,FOODS,17242.0,37337.25
2012-08-20,TX_3,FOODS,14563.0,32272.47
2012-08-27,TX_3,FOODS,14855.0,32083.4
2012-09-03,TX_3,FOODS,16514.0,37734.4
2012-09-10,TX_3,FOODS,15224.0,35147.52
2012-09-17,TX_3,FOODS,14131.0,32237.2
2012-09-24,TX_3,FOODS,14313.0,32211.32
2012-10-01,TX_3,FOODS,16110.0,36951.17
2012-10-08,TX_3,FOODS,16498.0,37343.13
2012-10-15,TX_3,FOODS,14613.0,33915.1
2012-10-22,TX_3,FOODS,12349.0,27530.65
2012-10-29,TX_3,FOODS,13846.0,31122.57
2012-11-05,TX_3,FOODS,14992.0,34428.33
2012-11-12,TX_3,FOODS,13481.0,30798.12
2012-11-19,TX_3,FOODS,13002.0,29394.65
2012-11-26,TX_3,FOODS,12465.0,27931.37
2012-12-03,TX_3,FOODS,14267.0,32859.57
2012-12-10,TX_3,FOODS,14375.0,33818.06
2012-12-17,TX_3,FOODS,14835.0,33731.4
2012-12-24,TX_3,FOODS,12067.0,26538.35
2012-12-31,TX_3,FOODS,14656.0,32730.9
2013-01-07,TX_3,FOODS,15486.0,36049.76
2013-01-14,TX_3,FOODS,13793.0,32257.16
2013-01-21,TX_3,FOODS,12723.0,29391.04
2013-01-28,TX_3,FOODS,13607.0,31474.37
2013-02-04,TX_3,FOODS,14894.0,34801.32
2013-02-11,TX_3,FOODS,15659.0,36521.21
2013-02-18,TX_3,FOODS,13429.0,30566.17
2013-02-25,TX_3,FOODS,13527.0,31532.6
2013-03-04,TX_3,FOODS,14019.0,33287.39
2013-03-11,TX_3,FOODS,15136.0,36497.12
2013-03-18,TX_3,FOODS,13219.0,30745.5
2013-03-25,TX_3,FOODS,14247.0,31953.49
2013-04-01,TX_3,FOODS,13652.0,31651.56
2013-04-08,TX_3,FOODS,13853.0,32592.16
2013-04-15,TX_3,FOODS,13201.0,30962.03
2013-04-22,TX_3,FOODS,11516.0,27339.85
2013-04-29,TX_3,FOODS,12890.0,29494.24
2013-05-06,TX_3,FOODS,13967.0,32863.77
2013-05-13,TX_3,FOODS,14471.0,33648.41
2013-05-20,TX_3,FOODS,13909.0,31164.02
2013-05-27,TX_3,FOODS,13610.0,30484.31
2013-06-03,TX_3,FOODS,15707.0,36998.01
2013-06-10,TX_3,FOODS,15387.0,36219.37
2013-06-17,TX_3,FOODS,14896.0,32605.05
2013-06-24,TX_3,FOODS,14988.0,32306.47
2013-07-01,TX_3,FOODS,17063.0,37696.8
2013-07-08,TX_3,FOODS,16245.0,36751.43
2013-07-15,TX_3,FOODS,15238.0,33428.39
2013-07-22,TX_3,FOODS,15604.0,32887.1
2013-07-29,TX_3,FOODS,16098.0,34287.01
2013-08-05,TX_3,FOODS,18086.0,39179.75
2013-08-12,TX_3,FOODS,17306.0,36353.94
2013-08-19,TX_3,FOODS,16147.0,32945.47
2013-08-26,TX_3,FOODS,16148.0,33890.78
2013-09-02,TX_3,FOODS,18278.0,38625.76
2013-09-09,TX_3,FOODS,17627.0,38538.65
2013-09-16,TX_3,FOODS,15522.0,33666.99
2013-09-23,TX_3,FOODS,14058.0,30672.74
2013-09-30,TX_3,FOODS,16914.0,37985.13
2013-10-07,TX_3,FOODS,15646.0,36655.24
2013-10-14,TX_3,FOODS,14319.0,34571.15
2013-10-21,TX_3,FOODS,13210.0,31310.25
2013-10-28,TX_3,FOODS,14258.0,32288.81
2013-11-04,TX_3,FOODS,15038.0,35940.33
2013-11-11,TX_3,FOODS,15872.0,36207.79
2013-11-18,TX_3,FOODS,12790.0,30184.79
2013-11-25,TX_3,FOODS,12284.0,28901.48
2013-12-02,TX_3,FOODS,15613.0,34566.44
2013-12-09,TX_3,FOODS,13991.0,33963.71
2013-12-16,TX_3,FOODS,14237.0,34439.37
2013-12-23,TX_3,FOODS,11979.0,27150.67
2013-12-30,TX_3,FOODS,14649.0,33940.37
2014-01-06,TX_3,FOODS,15619.0,36983.42
2014-01-13,TX_3,FOODS,14443.0,33481.46
2014-01-20,TX_3,FOODS,13487.0,29920.89
2014-01-27,TX_3,FOODS,14406.0,31980.24
2014-02-03,TX_3,FOODS,15125.0,36868.13
2014-02-10,TX_3,FOODS,16058.0,41281.62
2014-02-17,TX_3,FOODS,14597.0,36514.31
2014-02-24,TX_3,FOODS,14664.0,37110.39
2014-03-03,TX_3,FOODS,16258.0,40538.49
2014-03-10,TX_3,FOODS,18790.0,45691.21
2014-03-17,TX_3,FOODS,15428.0,36921.95
2014-03-24,TX_3,FOODS,14488.0,34705.83
2014-03-31,TX_3,FOODS,16714.0,40648.52
2014-04-07,TX_3,FOODS,17401.0,44232.97
2014-04-14,TX_3,FOODS,18203.0,46735.84
2014-04-21,TX_3,FOODS,15988.0,39365.98
2014-04-28,TX_3,FOODS,16759.0,41821.05
2014-05-05,TX_3,FOODS,16706.0,41442.06
2014-05-12,TX_3,FOODS,16531.0,41807.89
2014-05-19,TX_3,FOODS,14953.0,38531.1
2014-05-26,TX_3,FOODS,14763.0,36868.75
2014-06-02,TX_3,FOODS,17775.0,44238.9
2014-06-09,TX_3,FOODS,18532.0,44973.74
2014-06-16,TX_3,FOODS,16554.0,38694.76
2014-06-23,TX_3,FOODS,14721.0,34560.15
2014-06-30,TX_3,FOODS,18834.0,43903.66
2014-07-07,TX_3,FOODS,19282.0,47317.33
2014-07-14,TX_3,FOODS,16166.0,39572.97
2014-07-21,TX_3,FOODS,16140.0,37474.17
2014-07-28,TX_3,FOODS,16980.0,41366.17
2014-08-04,TX_3,FOODS,16492.0,38763.89
2014-08-11,TX_3,FOODS,18312.0,41612.34
2014-08-18,TX_3,FOODS,18330.0,42558.55
2014-08-25,TX_3,FOODS,16155.0,39005.17
2014-09-01,TX_3,FOODS,16678.0,41457.49
2014-09-08,TX_3,FOODS,17731.0,44520.5
2014-09-15,TX_3,FOODS,15894.0,39226.8
2014-09-22,TX_3,FOODS,15135.0,36923.38
2014-09-29,TX_3,FOODS,16502.0,41919.66
2014-10-06,TX_3,FOODS,17184.0,47603.2
2014-10-13,TX_3,FOODS,16106.0,44881.05
2014-10-20,TX_3,FOODS,13710.0,36599.65
2014-10-27,TX_3,FOODS,14447.0,38036.31
2014-11-03,TX_3,FOODS,15277.0,41095.76
2014-11-10,TX_3,FOODS,15212.0,40505.33
2014-11-17,TX_3,FOODS,14394.0,37929.27
2014-11-24,TX_3,FOODS,14108.0,34949.99
2014-12-01,TX_3,FOODS,14863.0,39443.0
2014-12-08,TX_3,FOODS,14825.0,39870.06
2014-12-15,TX_3,FOODS,15687.0,43191.19
2014-12-22,TX_3,FOODS,12124.0,32865.07
2014-12-29,TX_3,FOODS,14578.0,39426.0
2015-01-05,TX_3,FOODS,15639.0,42037.45
2015-01-12,TX_3,FOODS,15340.0,41499.52
2015-01-19,TX_3,FOODS,13716.0,36137.0
2015-01-26,TX_3,FOODS,14916.0,38027.07
2015-02-02,TX_3,FOODS,16493.0,41986.44
2015-02-09,TX_3,FOODS,17930.0,48283.49
2015-02-16,TX_3,FOODS,14708.0,39373.18
2015-02-23,TX_3,FOODS,14385.0,38257.2
2015-03-02,TX_3,FOODS,16384.0,44652.74
2015-03-09,TX_3,FOODS,17019.0,45881.62
2015-03-16,TX_3,FOODS,15632.0,41735.08
2015-03-23,TX_3,FOODS,14706.0,38961.69
2015-03-30,TX_3,FOODS,17085.0,44064.71
2015-04-06,TX_3,FOODS,17375.0,46975.14
2015-04-13,TX_3,FOODS,16749.0,45059.25
2015-04-20,TX_3,FOODS,15601.0,41477.1
2015-04-27,TX_3,FOODS,17929.0,47305.02
2015-05-04,TX_3,FOODS,18044.0,48299.81
2015-05-11,TX_3,FOODS,17974.0,49815.16
2015-05-18,TX_3,FOODS,15056.0,40534.01
2015-05-25,TX_3,FOODS,15099.0,39550.96
2015-06-01,TX_3,FOODS,18846.0,47432.38
2015-06-08,TX_3,FOODS,18083.0,45102.27
2015-06-15,TX_3,FOODS,17771.0,43674.12
2015-06-22,TX_3,FOODS,15328.0,37079.13
2015-06-29,TX_3,FOODS,17127.0,41375.04
2015-07-06,TX_3,FOODS,18792.0,47833.31
2015-07-13,TX_3,FOODS,18553.0,47753.5
2015-07-20,TX_3,FOODS,16874.0,41384.8
2015-07-27,TX_3,FOODS,16833.0,40383.92
2015-08-03,TX_3,FOODS,19335.0,49804.24
2015-08-10,TX_3,FOODS,18159.0,46153.69
2015-08-17,TX_3,FOODS,16039.0,39860.07
2015-08-24,TX_3,FOODS,15582.0,37680.01
2015-08-31,TX_3,FOODS,16416.0,41329.2
2015-09-07,TX_3,FOODS,18023.0,46317.88
2015-09-14,TX_3,FOODS,17130.0,43410.98
2015-09-21,TX_3,FOODS,15861.0,42180.65
2015-09-28,TX_3,FOODS,16534.0,45071.02
2015-10-05,TX_3,FOODS,18761.0,51296.89
2015-10-12,TX_3,FOODS,17115.0,47080.79
2015-10-19,TX_3,FOODS,15847.0,43570.69
2015-10-26,TX_3,FOODS,14781.0,40066.2
2015-11-02,TX_3,FOODS,15895.0,44085.53
2015-11-09,TX_3,FOODS,16641.0,46975.92
2015-11-16,TX_3,FOODS,14978.0,41294.45
2015-11-23,TX_3,FOODS,14143.0,37128.18
2015-11-30,TX_3,FOODS,15257.0,42482.06
2015-12-07,TX_3,FOODS,15579.0,43156.92
2015-12-14,TX_3,FOODS,16342.0,46251.59
2015-12-21,TX_3,FOODS,13111.0,36093.78
2015-12-28,TX_3,FOODS,14320.0,39877.02
2016-01-04,TX_3,FOODS,16327.0,45670.86
2016-01-11,TX_3,FOODS,17785.0,49189.28
2016-01-18,TX_3,FOODS,16366.0,43131.47
2016-01-25,TX_3,FOODS,16016.0,42104.56
2016-02-01,TX_3,FOODS,18053.0,50103.66
2016-02-08,TX_3,FOODS,19381.0,52281.06
2016-02-15,TX_3,FOODS,17581.0,48124.4
2016-02-22,TX_3,FOODS,15266.0,40575.51
2016-02-29,TX_3,FOODS,17327.0,46994.38
2016-03-07,TX_3,FOODS,18124.0,49971.04
2016-03-14,TX_3,FOODS,17540.0,47667.0
2016-03-21,TX_3,FOODS,17632.0,45857.43
2016-03-28,TX_3,FOODS,16250.0,43727.68
2016-04-04,TX_3,FOODS,17918.0,49424.03
2016-04-11,TX_3,FOODS,18082.0,49905.54
2016-04-18,TX_3,FOODS,16399.0,43733.04
2016-04-25,TX_3,FOODS,17909.0,47553.29
2016-05-02,TX_3,FOODS,19462.0,53749.3
2016-05-09,TX_3,FOODS,20611.0,56265.79
2016-05-16,TX_3,FOODS,19120.0,51541.83
2011-01-24,TX_3,HOBBIES,490.0,1650.61
2011-01-31,TX_3,HOBBIES,1395.0,4569.14
2011-02-07,TX_3,HOBBIES,1115.0,3999.07
2011-02-14,TX_3,HOBBIES,1195.0,4345.27
2011-02-21,TX_3,HOBBIES,1108.0,4233.97
2011-02-28,TX_3,HOBBIES,924.0,4133.05
2011-03-07,TX_3,HOBBIES,1490.0,4624.66
2011-03-14,TX_3,HOBBIES,1099.0,3907.01
2011-03-21,TX_3,HOBBIES,1151.0,4224.3
2011-03-28,TX_3,HOBBIES,1402.0,4836.67
2011-04-04,TX_3,HOBBIES,1328.0,5132.64
2011-04-11,TX_3,HOBBIES,1410.0,5124.26
2011-04-18,TX_3,HOBBIES,1239.0,4595.79
2011-04-25,TX_3,HOBBIES,1441.0,5247.65
2011-05-02,TX_3,HOBBIES,1404.0,5561.67
2011-05-09,TX_3,HOBBIES,1639.0,5574.5
2011-05-16,TX_3,HOBBIES,1313.0,4535.37
2011-05-23,TX_3,HOBBIES,1372.0,5130.31
2011-05-30,TX_3,HOBBIES,1323.0,5147.62
2011-06-06,TX_3,HOBBIES,1478.0,5249.0
2011-06-13,TX_3,HOBBIES,1670.0,5273.32
2011-06-20,TX_3,HOBBIES,1529.0,5068.68
2011-06-27,TX_3,HOBBIES,1550.0,5679.76
2011-07-04,TX_3,HOBBIES,1672.0,5185.33
2011-07-11,TX_3,HOBBIES,1352.0,4804.48
2011-07-18,TX_3,HOBBIES,1559.0,5414.43
2011-07-25,TX_3,HOBBIES,1512.0,5253.04
2011-08-01,TX_3,HOBBIES,1433.0,5181.57
2011-08-08,TX_3,HOBBIES,1307.0,4653.05
2011-08-15,TX_3,HOBBIES,1431.0,4819.6
2011-08-22,TX_3,HOBBIES,1466.0,4709.03
2011-08-29,TX_3,HOBBIES,1094.0,4322.56
2011-09-05,TX_3,HOBBIES,1313.0,4536.3
2011-09-12,TX_3,HOBBIES,1335.0,4447.06
2011-09-19,TX_3,HOBBIES,1448.0,4629.03
2011-09-26,TX_3,HOBBIES,1332.0,4550.5
2011-10-03,TX_3,HOBBIES,1460.0,4756.81
2011-10-10,TX_3,HOBBIES,1468.0,4596.18
2011-10-17,TX_3,HOBBIES,1455.0,4393.14
2011-10-24,TX_3,HOBBIES,1550.0,4738.38
2011-10-31,TX_3,HOBBIES,1613.0,5159.56
2011-11-07,TX_3,HOBBIES,1384.0,4209.28
2011-11-14,TX_3,HOBBIES,1432.0,4413.65
2011-11-21,TX_3,HOBBIES,1297.0,4204.63
2011-11-28,TX_3,HOBBIES,1383.0,4887.23
2011-12-05,TX_3,HOBBIES,1304.0,4526.77
2011-12-12,TX_3,HOBBIES,1473.0,4387.09
2011-12-19,TX_3,HOBBIES,1094.0,3991.93
2011-12-26,TX_3,HOBBIES,1324.0,4323.35
2012-01-02,TX_3,HOBBIES,1180.0,4142.8
2012-01-09,TX_3,HOBBIES,1307.0,4411.05
2012-01-16,TX_3,HOBBIES,1398.0,4236.2
2012-01-23,TX_3,HOBBIES,1541.0,4771.2
2012-01-30,TX_3,HOBBIES,1636.0,5195.99
2012-02-06,TX_3,HOBBIES,1510.0,4982.05
2012-02-13,TX_3,HOBBIES,1572.0,4821.19
2012-02-20,TX_3,HOBBIES,1371.0,5000.91
2012-02-27,TX_3,HOBBIES,1562.0,5419.07
2012-03-05,TX_3,HOBBIES,1282.0,4775.16
2012-03-12,TX_3,HOBBIES,1354.0,5526.18
2012-03-19,TX_3,HOBBIES,1357.0,5151.87
2012-03-26,TX_3,HOBBIES,1480.0,5325.31
2012-04-02,TX_3,HOBBIES,1323.0,4956.76
2012-04-09,TX_3,HOBBIES,1500.0,5645.85
2012-04-16,TX_3,HOBBIES,1491.0,5927.17
2012-04-23,TX_3,HOBBIES,1654.0,5712.66
2012-04-30,TX_3,HOBBIES,1715.0,6038.8
2012-05-07,TX_3,HOBBIES,1195.0,5551.95
2012-05-14,TX_3,HOBBIES,1371.0,5681.76
2012-05-21,TX_3,HOBBIES,1359.0,5843.56
2012-05-28,TX_3,HOBBIES,1580.0,6348.09
2012-06-04,TX_3,HOBBIES,1632.0,5965.22
2012-06-11,TX_3,HOBBIES,1653.0,6388.3
2012-06-18,TX_3,HOBBIES,1545.0,5513.0
2012-06-25,TX_3,HOBBIES,1509.0,7102.37
2012-07-02,TX_3,HOBBIES,1318.0,6981.26
2012-07-09,TX_3,HOBBIES,1627.0,7252.84
2012-07-16,TX_3,HOBBIES,1541.0,7264.53
2012-07-23,TX_3,HOBBIES,1464.0,6972.07
2012-07-30,TX_3,HOBBIES,1570.0,7717.68
2012-08-06,TX_3,HOBBIES,1411.0,6793.06
2012-08-13,TX_3,HOBBIES,1442.0,7685.88
2012-08-20,TX_3,HOBBIES,1448.0,7403.58
2012-08-27,TX_3,HOBBIES,1459.0,7621.33
2012-09-03,TX_3,HOBBIES,1472.0,7058.7
2012-09-10,TX_3,HOBBIES,1446.0,7496.37
2012-09-17,TX_3,HOBBIES,1425.0,7267.92
2012-09-24,TX_3,HOBBIES,1476.0,7113.23
2012-10-01,TX_3,HOBBIES,1637.0,7718.02
2012-10-08,TX_3,HOBBIES,1491.0,7178.84
2012-10-15,TX_3,HOBBIES,1635.0,7756.17
2012-10-22,TX_3,HOBBIES,1559.0,7051.11
2012-10-29,TX_3,HOBBIES,1545.0,7670.13
2012-11-05,TX_3,HOBBIES,1530.0,7919.31
2012-11-12,TX_3,HOBBIES,1366.0,7184.92
2012-11-19,TX_3,HOBBIES,1271.0,6200.51
2012-11-26,TX_3,HOBBIES,1480.0,7260.78
2012-12-03,TX_3,HOBBIES,1591.0,7623.92
2012-12-10,TX_3,HOBBIES,1382.0,7275.62
2012-12-17,TX_3,HOBBIES,1511.0,7739.44
2012-12-24,TX_3,HOBBIES,1246.0,6919.93
2012-12-31,TX_3,HOBBIES,1354.0,7840.08
2013-01-07,TX_3,HOBBIES,1450.0,7668.93
2013-01-14,TX_3,HOBBIES,1463.0,7848.01
2013-01-21,TX_3,HOBBIES,1719.0,8396.5
2013-01-28,TX_3,HOBBIES,1814.0,8661.96
2013-02-04,TX_3,HOBBIES,1743.0,8432.31
2013-02-11,TX_3,HOBBIES,1947.0,9016.13
2013-02-18,TX_3,HOBBIES,1929.0,8867.65
2013-02-25,TX_3,HOBBIES,1761.0,8499.33
2013-03-04,TX_3,HOBBIES,1632.0,8275.19
2013-03-11,TX_3,HOBBIES,1830.0,8112.17
2013-03-18,TX_3,HOBBIES,1656.0,7865.89
2013-03-25,TX_3,HOBBIES,1487.0,7574.56
2013-04-01,TX_3,HOBBIES,2007.0,8749.0
2013-04-08,TX_3,HOBBIES,1792.0,7896.04
2013-04-15,TX_3,HOBBIES,1817.0,8396.48
2013-04-22,TX_3,HOBBIES,1787.0,7916.58
2013-04-29,TX_3,HOBBIES,1657.0,7478.6
2013-05-06,TX_3,HOBBIES,1756.0,8188.64
2013-05-13,TX_3,HOBBIES,1996.0,8649.25
2013-05-20,TX_3,HOBBIES,1728.0,7773.0
2013-05-27,TX_3,HOBBIES,1960.0,8715.25
2013-06-03,TX_3,HOBBIES,2016.0,8656.03
2013-06-10,TX_3,HOBBIES,1743.0,8251.97
2013-06-17,TX_3,HOBBIES,2015.0,9137.38
2013-06-24,TX_3,HOBBIES,2069.0,9100.41
2013-07-01,TX_3,HOBBIES,2021.0,8726.91
2013-07-08,TX_3,HOBBIES,1844.0,7778.64
2013-07-15,TX_3,HOBBIES,1933.0,8355.32
2013-07-22,TX_3,HOBBIES,1822.0,7951.71
2013-07-29,TX_3,HOBBIES,1895.0,8919.59
2013-08-05,TX_3,HOBBIES,1910.0,7644.57
2013-08-12,TX_3,HOBBIES,1871.0,8355.72
2013-08-19,TX_3,HOBBIES,1946.0,7881.03
2013-08-26,TX_3,HOBBIES,1779.0,7954.21
2013-09-02,TX_3,HOBBIES,1531.0,7957.42
2013-09-09,TX_3,HOBBIES,1809.0,8000.76
2013-09-16,TX_3,HOBBIES,1791.0,7816.29
2013-09-23,TX_3,HOBBIES,1886.0,7855.67
2013-09-30,TX_3,HOBBIES,2178.0,7979.6
2013-10-07,TX_3,HOBBIES,1987.0,7844.64
2013-10-14,TX_3,HOBBIES,1977.0,7913.71
2013-10-21,TX_3,HOBBIES,2166.0,8013.01
2013-10-28,TX_3,HOBBIES,1813.0,7381.96
2013-11-04,TX_3,HOBBIES,1999.0,7896.55
2013-11-11,TX_3,HOBBIES,1900.0,7596.64
2013-11-18,TX_3,HOBBIES,2086.0,8128.44
2013-11-25,TX_3,HOBBIES,1788.0,7396.92
2013-12-02,TX_3,HOBBIES,1878.0,7641.72
2013-12-09,TX_3,HOBBIES,1871.0,8104.2
2013-12-16,TX_3,HOBBIES,1981.0,7669.31
2013-12-23,TX_3,HOBBIES,1556.0,6813.43
2013-12-30,TX_3,HOBBIES,1945.0,7994.7
2014-01-06,TX_3,HOBBIES,1959.0,7666.61
2014-01-13,TX_3,HOBBIES,1873.0,7884.56
2014-01-20,TX_3,HOBBIES,2041.0,8094.79
2014-01-27,TX_3,HOBBIES,1853.0,7473.24
2014-02-03,TX_3,HOBBIES,2112.0,8850.99
2014-02-10,TX_3,HOBBIES,1949.0,7899.34
2014-02-17,TX_3,HOBBIES,1731.0,7744.09
2014-02-24,TX_3,HOBBIES,1979.0,7544.82
2014-03-03,TX_3,HOBBIES,1891.0,8399.34
2014-03-10,TX_3,HOBBIES,2015.0,8627.71
2014-03-17,TX_3,HOBBIES,1908.0,7878.69
2014-03-24,TX_3,HOBBIES,1771.0,8943.69
2014-03-31,TX_3,HOBBIES,2063.0,10628.87
2014-04-07,TX_3,HOBBIES,1837.0,9007.68
2014-04-14,TX_3,HOBBIES,1997.0,9545.67
2014-04-21,TX_3,HOBBIES,2126.0,9235.57
2014-04-28,TX_3,HOBBIES,1880.0,8552.38
2014-05-05,TX_3,HOBBIES,2064.0,8430.44
2014-05-12,TX_3,HOBBIES,2017.0,8385.89
2014-05-19,TX_3,HOBBIES,1956.0,8466.73
2014-05-26,TX_3,HOBBIES,2031.0,8974.07
2014-06-02,TX_3,HOBBIES,1938.0,8866.58
2014-06-09,TX_3,HOBBIES,2036.0,8658.1
2014-06-16,TX_3,HOBBIES,2141.0,9198.07
2014-06-23,TX_3,HOBBIES,2060.0,8728.27
2014-06-30,TX_3,HOBBIES,2220.0,9214.32
2014-07-07,TX_3,HOBBIES,1931.0,8731.27
2014-07-14,TX_3,HOBBIES,2188.0,8640.9
2014-07-21,TX_3,HOBBIES,1970.0,8178.3
2014-07-28,TX_3,HOBBIES,2085.0,9450.62
2014-08-04,TX_3,HOBBIES,1938.0,8050.58
2014-08-11,TX_3,HOBBIES,2000.0,8366.59
2014-08-18,TX_3,HOBBIES,1959.0,8735.45
2014-08-25,TX_3,HOBBIES,1911.0,9424.15
2014-09-01,TX_3,HOBBIES,1984.0,9084.92
2014-09-08,TX_3,HOBBIES,2001.0,8556.53
2014-09-15,TX_3,HOBBIES,2028.0,8542.62
2014-09-22,TX_3,HOBBIES,1780.0,8240.88
2014-09-29,TX_3,HOBBIES,2253.0,9393.49
2014-10-06,TX_3,HOBBIES,2304.0,9318.56
2014-10-13,TX_3,HOBBIES,2417.0,9580.39
2014-10-20,TX_3,HOBBIES,2290.0,9659.56
2014-10-27,TX_3,HOBBIES,2491.0,9688.91
2014-11-03,TX_3,HOBBIES,2552.0,10077.13
2014-11-10,TX_3,HOBBIES,2456.0,9836.48
2014-11-17,TX_3,HOBBIES,2365.0,9880.56
2014-11-24,TX_3,HOBBIES,2206.0,9282.16
2014-12-01,TX_3,HOBBIES,2550.0,10119.65
2014-12-08,TX_3,HOBBIES,2218.0,8804.39
2014-12-15,TX_3,HOBBIES,2408.0,10113.33
2014-12-22,TX_3,HOBBIES,1968.0,8774.02
2014-12-29,TX_3,HOBBIES,2250.0,13053.35
2015-01-05,TX_3,HOBBIES,2218.0,11838.19
2015-01-12,TX_3,HOBBIES,2320.0,12062.5
2015-01-19,TX_3,HOBBIES,2302.0,13272.05
2015-01-26,TX_3,HOBBIES,2686.0,12990.59
2015-02-02,TX_3,HOBBIES,2752.0,14834.41
2015-02-09,TX_3,HOBBIES,2929.0,17218.63
2015-02-16,TX_3,HOBBIES,2638.0,16157.81
2015-02-23,TX_3,HOBBIES,2554.0,16159.34
2015-03-02,TX_3,HOBBIES,2667.0,16871.31
2015-03-09,TX_3,HOBBIES,2672.0,17224.07
2015-03-16,TX_3,HOBBIES,2497.0,17086.77
2015-03-23,TX_3,HOBBIES,2678.0,18184.76
2015-03-30,TX_3,HOBBIES,2809.0,17207.61
2015-04-06,TX_3,HOBBIES,2839.0,18144.4
2015-04-13,TX_3,HOBBIES,2415.0,16313.1
2015-04-20,TX_3,HOBBIES,2621.0,17135.45
2015-04-27,TX_3,HOBBIES,2875.0,19276.05
2015-05-04,TX_3,HOBBIES,2920.0,18364.8
2015-05-11,TX_3,HOBBIES,2738.0,17101.09
2015-05-18,TX_3,HOBBIES,2903.0,18608.37
2015-05-25,TX_3,HOBBIES,2575.0,18012.31
2015-06-01,TX_3,HOBBIES,2685.0,16467.01
2015-06-08,TX_3,HOBBIES,2525.0,16049.67
2015-06-15,TX_3,HOBBIES,2478.0,14999.92
2015-06-22,TX_3,HOBBIES,2348.0,14891.74
2015-06-29,TX_3,HOBBIES,2432.0,16317.56
2015-07-06,TX_3,HOBBIES,2352.0,15153.98
2015-07-13,TX_3,HOBBIES,2388.0,14606.46
2015-07-20,TX_3,HOBBIES,2531.0,15557.58
2015-07-27,TX_3,HOBBIES,2263.0,14108.74
2015-08-03,TX_3,HOBBIES,2486.0,15180.66
2015-08-10,TX_3,HOBBIES,2456.0,14803.45
2015-08-17,TX_3,HOBBIES,2215.0,14520.45
2015-08-24,TX_3,HOBBIES,2582.0,14786.19
2015-08-31,TX_3,HOBBIES,2371.0,13731.75
2015-09-07,TX_3,HOBBIES,2432.0,15184.19
2015-09-14,TX_3,HOBBIES,2631.0,16394.67
2015-09-21,TX_3,HOBBIES,2420.0,14647.56
2015-09-28,TX_3,HOBBIES,2729.0,13405.42
2015-10-05,TX_3,HOBBIES,2913.0,17288.6
2015-10-12,TX_3,HOBBIES,2826.0,16029.73
2015-10-19,TX_3,HOBBIES,3002.0,17094.56
2015-10-26,TX_3,HOBBIES,2934.0,17704.06
2015-11-02,TX_3,HOBBIES,2910.0,17732.72
2015-11-09,TX_3,HOBBIES,2756.0,17227.94
2015-11-16,TX_3,HOBBIES,2819.0,17021.95
2015-11-23,TX_3,HOBBIES,2488.0,15494.86
2015-11-30,TX_3,HOBBIES,2860.0,18287.53
2015-12-07,TX_3,HOBBIES,2729.0,16397.55
2015-12-14,TX_3,HOBBIES,2732.0,17932.19
2015-12-21,TX_3,HOBBIES,2216.0,13413.91
2015-12-28,TX_3,HOBBIES,2389.0,15962.93
2016-01-04,TX_3,HOBBIES,2432.0,16317.8
2016-01-11,TX_3,HOBBIES,2639.0,17092.34
2016-01-18,TX_3,HOBBIES,2678.0,17689.3
2016-01-25,TX_3,HOBBIES,2793.0,16816.66
2016-02-01,TX_3,HOBBIES,2950.0,19576.07
2016-02-08,TX_3,HOBBIES,2931.0,18767.81
2016-02-15,TX_3,HOBBIES,2782.0,18331.94
2016-02-22,TX_3,HOBBIES,2618.0,17098.58
2016-02-29,TX_3,HOBBIES,2531.0,16374.79
2016-03-07,TX_3,HOBBIES,2275.0,14576.81
2016-03-14,TX_3,HOBBIES,2792.0,16433.85
2016-03-21,TX_3,HOBBIES,2744.0,16508.23
2016-03-28,TX_3,HOBBIES,2796.0,16846.32
2016-04-04,TX_3,HOBBIES,2768.0,16711.87
2016-04-11,TX_3,HOBBIES,3053.0,17058.76
2016-04-18,TX_3,HOBBIES,2752.0,16089.73
2016-04-25,TX_3,HOBBIES,2965.0,17851.26
2016-05-02,TX_3,HOBBIES,2910.0,18304.42
2016-05-09,TX_3,HOBBIES,2739.0,17015.58
2016-05-16,TX_3,HOBBIES,3010.0,18195.14
2011-01-24,TX_3,HOUSEHOLD,1005.0,3996.76
2011-01-31,TX_3,HOUSEHOLD,2483.0,9427.74
2011-02-07,TX_3,HOUSEHOLD,2676.0,9997.63
2011-02-14,TX_3,HOUSEHOLD,3091.0,12263.83
2011-02-21,TX_3,HOUSEHOLD,2888.0,11503.54
2011-02-28,TX_3,HOUSEHOLD,2979.0,11030.5
2011-03-07,TX_3,HOUSEHOLD,2691.0,10203.79
2011-03-14,TX_3,HOUSEHOLD,2890.0,10607.47
2011-03-21,TX_3,HOUSEHOLD,2897.0,11258.44
2011-03-28,TX_3,HOUSEHOLD,3002.0,11419.52
2011-04-04,TX_3,HOUSEHOLD,2759.0,10690.65
2011-04-11,TX_3,HOUSEHOLD,2873.0,11213.35
2011-04-18,TX_3,HOUSEHOLD,2579.0,10123.62
2011-04-25,TX_3,HOUSEHOLD,2909.0,11616.43
2011-05-02,TX_3,HOUSEHOLD,2601.0,10650.63
2011-05-09,TX_3,HOUSEHOLD,2883.0,11507.96
2011-05-16,TX_3,HOUSEHOLD,2666.0,10137.19
2011-05-23,TX_3,HOUSEHOLD,2718.0,10266.89
2011-05-30,TX_3,HOUSEHOLD,3138.0,11801.31
2011-06-06,TX_3,HOUSEHOLD,3128.0,12104.18
2011-06-13,TX_3,HOUSEHOLD,2876.0,11016.08
2011-06-20,TX_3,HOUSEHOLD,2892.0,10839.23
2011-06-27,TX_3,HOUSEHOLD,2737.0,10303.04
2011-07-04,TX_3,HOUSEHOLD,2864.0,10475.28
2011-07-11,TX_3,HOUSEHOLD,2923.0,11123.22
2011-07-18,TX_3,HOUSEHOLD,2787.0,10249.34
2011-07-25,TX_3,HOUSEHOLD,2975.0,11181.54
2011-08-01,TX_3,HOUSEHOLD,3149.0,11502.78
2011-08-08,TX_3,HOUSEHOLD,2803.0,10425.53
2011-08-15,TX_3,HOUSEHOLD,3193.0,11000.01
2011-08-22,TX_3,HOUSEHOLD,3084.0,11208.75
2011-08-29,TX_3,HOUSEHOLD,2871.0,9755.14
2011-09-05,TX_3,HOUSEHOLD,3333.0,11351.24
2011-09-12,TX_3,HOUSEHOLD,3207.0,11941.44
2011-09-19,TX_3,HOUSEHOLD,2975.0,11200.21
2011-09-26,TX_3,HOUSEHOLD,3389.0,12740.68
2011-10-03,TX_3,HOUSEHOLD,3012.0,10665.53
2011-10-10,TX_3,HOUSEHOLD,3296.0,12511.67
2011-10-17,TX_3,HOUSEHOLD,3212.0,12038.73
2011-10-24,TX_3,HOUSEHOLD,3209.0,12041.38
2011-10-31,TX_3,HOUSEHOLD,3721.0,13961.59
2011-11-07,TX_3,HOUSEHOLD,3288.0,11979.53
2011-11-14,TX_3,HOUSEHOLD,3291.0,12208.72
2011-11-21,TX_3,HOUSEHOLD,2998.0,11275.54
2011-11-28,TX_3,HOUSEHOLD,3000.0,11260.68
2011-12-05,TX_3,HOUSEHOLD,2900.0,10789.32
2011-12-12,TX_3,HOUSEHOLD,3026.0,11663.36
2011-12-19,TX_3,HOUSEHOLD,2498.0,9627.2
2011-12-26,TX_3,HOUSEHOLD,3236.0,12213.49
2012-01-02,TX_3,HOUSEHOLD,3370.0,12153.34
2012-01-09,TX_3,HOUSEHOLD,3031.0,11115.46
2012-01-16,TX_3,HOUSEHOLD,3159.0,12042.0
2012-01-23,TX_3,HOUSEHOLD,3106.0,11743.9
2012-01-30,TX_3,HOUSEHOLD,3856.0,14807.47
2012-02-06,TX_3,HOUSEHOLD,3518.0,13879.82
2012-02-13,TX_3,HOUSEHOLD,3374.0,12987.19
2012-02-20,TX_3,HOUSEHOLD,3522.0,13609.8
2012-02-27,TX_3,HOUSEHOLD,3798.0,14409.51
2012-03-05,TX_3,HOUSEHOLD,3916.0,14169.97
2012-03-12,TX_3,HOUSEHOLD,3843.0,13639.31
2012-03-19,TX_3,HOUSEHOLD,3385.0,13122.91
2012-03-26,TX_3,HOUSEHOLD,3448.0,13452.69
2012-04-02,TX_3,HOUSEHOLD,3441.0,13227.88
2012-04-09,TX_3,HOUSEHOLD,3550.0,13964.18
2012-04-16,TX_3,HOUSEHOLD,3266.0,12601.85
2012-04-23,TX_3,HOUSEHOLD,3218.0,12558.34
2012-04-30,TX_3,HOUSEHOLD,3662.0,14000.1
2012-05-07,TX_3,HOUSEHOLD,3173.0,12481.87
2012-05-14,TX_3,HOUSEHOLD,3344.0,12563.69
2012-05-21,TX_3,HOUSEHOLD,3513.0,13319.07
2012-05-28,TX_3,HOUSEHOLD,4492.0,15041.57
2012-06-04,TX_3,HOUSEHOLD,3827.0,14088.18
2012-06-11,TX_3,HOUSEHOLD,4522.0,14294.92
2012-06-18,TX_3,HOUSEHOLD,4606.0,15156.03
2012-06-25,TX_3,HOUSEHOLD,4657.0,15844.85
2012-07-02,TX_3,HOUSEHOLD,4602.0,15294.93
2012-07-09,TX_3,HOUSEHOLD,4476.0,14623.35
2012-07-16,TX_3,HOUSEHOLD,4486.0,15203.43
2012-07-23,TX_3,HOUSEHOLD,4011.0,14010.66
2012-07-30,TX_3,HOUSEHOLD,4911.0,17480.99
2012-08-06,TX_3,HOUSEHOLD,4693.0,16057.51
2012-08-13,TX_3,HOUSEHOLD,5226.0,16991.13
2012-08-20,TX_3,HOUSEHOLD,5259.0,18012.92
2012-08-27,TX_3,HOUSEHOLD,5293.0,18212.72
2012-09-03,TX_3,HOUSEHOLD,6248.0,19302.94
2012-09-10,TX_3,HOUSEHOLD,6139.0,19097.27
2012-09-17,TX_3,HOUSEHOLD,5419.0,17627.24
2012-09-24,TX_3,HOUSEHOLD,5677.0,18998.92
2012-10-01,TX_3,HOUSEHOLD,5435.0,18131.68
2012-10-08,TX_3,HOUSEHOLD,5632.0,17601.64
2012-10-15,TX_3,HOUSEHOLD,5425.0,18607.1
2012-10-22,TX_3,HOUSEHOLD,4660.0,16315.01
2012-10-29,TX_3,HOUSEHOLD,4935.0,17662.88
2012-11-05,TX_3,HOUSEHOLD,4892.0,17301.15
2012-11-12,TX_3,HOUSEHOLD,4366.0,15292.84
2012-11-19,TX_3,HOUSEHOLD,4291.0,15860.42
2012-11-26,TX_3,HOUSEHOLD,4830.0,17171.39
2012-12-03,TX_3,HOUSEHOLD,4810.0,17093.92
2012-12-10,TX_3,HOUSEHOLD,4155.0,14885.3
2012-12-17,TX_3,HOUSEHOLD,4332.0,15653.63
2012-12-24,TX_3,HOUSEHOLD,5103.0,14779.35
2012-12-31,TX_3,HOUSEHOLD,5522.0,15429.5
2013-01-07,TX_3,HOUSEHOLD,4370.0,14456.02
2013-01-14,TX_3,HOUSEHOLD,4558.0,15386.38
2013-01-21,TX_3,HOUSEHOLD,4476.0,15098.93
2013-01-28,TX_3,HOUSEHOLD,4943.0,16661.31
2013-02-04,TX_3,HOUSEHOLD,5856.0,19672.7
2013-02-11,TX_3,HOUSEHOLD,5643.0,18303.71
2013-02-18,TX_3,HOUSEHOLD,6163.0,19755.7
2013-02-25,TX_3,HOUSEHOLD,5712.0,19020.43
2013-03-04,TX_3,HOUSEHOLD,5821.0,17317.72
2013-03-11,TX_3,HOUSEHOLD,5140.0,17155.67
2013-03-18,TX_3,HOUSEHOLD,4934.0,17016.23
2013-03-25,TX_3,HOUSEHOLD,4507.0,15342.51
2013-04-01,TX_3,HOUSEHOLD,6345.0,18573.29
2013-04-08,TX_3,HOUSEHOLD,5625.0,17089.94
2013-04-15,TX_3,HOUSEHOLD,5471.0,17037.67
2013-04-22,TX_3,HOUSEHOLD,5357.0,17199.84
2013-04-29,TX_3,HOUSEHOLD,5503.0,17681.97
2013-05-06,TX_3,HOUSEHOLD,5186.0,16399.77
2013-05-13,TX_3,HOUSEHOLD,5740.0,18322.32
2013-05-20,TX_3,HOUSEHOLD,5120.0,16659.67
2013-05-27,TX_3,HOUSEHOLD,5729.0,18916.62
2013-06-03,TX_3,HOUSEHOLD,5495.0,18233.89
2013-06-10,TX_3,HOUSEHOLD,4710.0,15896.44
2013-06-17,TX_3,HOUSEHOLD,5010.0,17252.18
2013-06-24,TX_3,HOUSEHOLD,5014.0,17208.06
2013-07-01,TX_3,HOUSEHOLD,5431.0,19201.6
2013-07-08,TX_3,HOUSEHOLD,5307.0,17863.33
2013-07-15,TX_3,HOUSEHOLD,4648.0,17156.88
2013-07-22,TX_3,HOUSEHOLD,4566.0,17300.56
2013-07-29,TX_3,HOUSEHOLD,5088.0,17527.4
2013-08-05,TX_3,HOUSEHOLD,5338.0,18609.75
2013-08-12,TX_3,HOUSEHOLD,5337.0,17655.15
2013-08-19,TX_3,HOUSEHOLD,5551.0,19459.61
2013-08-26,TX_3,HOUSEHOLD,5369.0,18866.14
2013-09-02,TX_3,HOUSEHOLD,5684.0,19701.68
2013-09-09,TX_3,HOUSEHOLD,5457.0,18847.1
2013-09-16,TX_3,HOUSEHOLD,6072.0,19793.86
2013-09-23,TX_3,HOUSEHOLD,5324.0,18013.91
2013-09-30,TX_3,HOUSEHOLD,6412.0,21670.26
2013-10-07,TX_3,HOUSEHOLD,5278.0,19240.79
2013-10-14,TX_3,HOUSEHOLD,5163.0,18280.8
2013-10-21,TX_3,HOUSEHOLD,5273.0,18864.03
2013-10-28,TX_3,HOUSEHOLD,5463.0,19766.78
2013-11-04,TX_3,HOUSEHOLD,4990.0,18167.71
2013-11-11,TX_3,HOUSEHOLD,4724.0,17534.65
2013-11-18,TX_3,HOUSEHOLD,4662.0,17538.45
2013-11-25,TX_3,HOUSEHOLD,4609.0,17329.96
2013-12-02,TX_3,HOUSEHOLD,4992.0,18206.87
2013-12-09,TX_3,HOUSEHOLD,4437.0,16432.84
2013-12-16,TX_3,HOUSEHOLD,4695.0,17200.02
2013-12-23,TX_3,HOUSEHOLD,4400.0,16383.96
2013-12-30,TX_3,HOUSEHOLD,4785.0,17492.7
2014-01-06,TX_3,HOUSEHOLD,4715.0,17942.15
2014-01-13,TX_3,HOUSEHOLD,4495.0,16678.23
2014-01-20,TX_3,HOUSEHOLD,4445.0,16232.48
2014-01-27,TX_3,HOUSEHOLD,4830.0,17108.89
2014-02-03,TX_3,HOUSEHOLD,5379.0,19533.91
2014-02-10,TX_3,HOUSEHOLD,6835.0,22037.8
2014-02-17,TX_3,HOUSEHOLD,6566.0,23981.04
2014-02-24,TX_3,HOUSEHOLD,5659.0,21722.74
2014-03-03,TX_3,HOUSEHOLD,6019.0,21842.55
2014-03-10,TX_3,HOUSEHOLD,6326.0,23589.47
2014-03-17,TX_3,HOUSEHOLD,5623.0,20780.49
2014-03-24,TX_3,HOUSEHOLD,5374.0,19594.84
2014-03-31,TX_3,HOUSEHOLD,6435.0,23203.05
2014-04-07,TX_3,HOUSEHOLD,6012.0,21199.4
2014-04-14,TX_3,HOUSEHOLD,5749.0,19879.75
2014-04-21,TX_3,HOUSEHOLD,5452.0,21150.17
2014-04-28,TX_3,HOUSEHOLD,6136.0,22512.22
2014-05-05,TX_3,HOUSEHOLD,5138.0,19441.42
2014-05-12,TX_3,HOUSEHOLD,5290.0,20796.61
2014-05-19,TX_3,HOUSEHOLD,5123.0,19942.91
2014-05-26,TX_3,HOUSEHOLD,5323.0,20862.39
2014-06-02,TX_3,HOUSEHOLD,5897.0,22504.1
2014-06-09,TX_3,HOUSEHOLD,5441.0,20772.78
2014-06-16,TX_3,HOUSEHOLD,5700.0,22082.76
2014-06-23,TX_3,HOUSEHOLD,5522.0,20984.9
2014-06-30,TX_3,HOUSEHOLD,6143.0,23852.06
2014-07-07,TX_3,HOUSEHOLD,5655.0,22545.84
2014-07-14,TX_3,HOUSEHOLD,5887.0,22168.22
2014-07-21,TX_3,HOUSEHOLD,5377.0,20126.84
2014-07-28,TX_3,HOUSEHOLD,6360.0,23595.26
2014-08-04,TX_3,HOUSEHOLD,5823.0,20672.19
2014-08-11,TX_3,HOUSEHOLD,5926.0,21593.0
2014-08-18,TX_3,HOUSEHOLD,6413.0,22966.85
2014-08-25,TX_3,HOUSEHOLD,6142.0,22042.16
2014-09-01,TX_3,HOUSEHOLD,5774.0,21135.87
2014-09-08,TX_3,HOUSEHOLD,6198.0,22619.25
2014-09-15,TX_3,HOUSEHOLD,6202.0,23279.83
2014-09-22,TX_3,HOUSEHOLD,5561.0,21155.74
2014-09-29,TX_3,HOUSEHOLD,6662.0,23864.46
2014-10-06,TX_3,HOUSEHOLD,6021.0,21785.44
2014-10-13,TX_3,HOUSEHOLD,5693.0,21124.98
2014-10-20,TX_3,HOUSEHOLD,5699.0,21903.62
2014-10-27,TX_3,HOUSEHOLD,5600.0,21330.51
2014-11-03,TX_3,HOUSEHOLD,6047.0,23314.09
2014-11-10,TX_3,HOUSEHOLD,5201.0,19985.45
2014-11-17,TX_3,HOUSEHOLD,5491.0,22086.12
2014-11-24,TX_3,HOUSEHOLD,5247.0,20410.2
2014-12-01,TX_3,HOUSEHOLD,5861.0,22251.56
2014-12-08,TX_3,HOUSEHOLD,5411.0,20517.28
2014-12-15,TX_3,HOUSEHOLD,5369.0,20658.02
2014-12-22,TX_3,HOUSEHOLD,4894.0,18049.42
2014-12-29,TX_3,HOUSEHOLD,5289.0,20197.31
2015-01-05,TX_3,HOUSEHOLD,4850.0,18514.95
2015-01-12,TX_3,HOUSEHOLD,5731.0,21011.52
2015-01-19,TX_3,HOUSEHOLD,5651.0,20117.84
2015-01-26,TX_3,HOUSEHOLD,6309.0,22718.12
2015-02-02,TX_3,HOUSEHOLD,6665.0,23662.18
2015-02-09,TX_3,HOUSEHOLD,6678.0,24150.42
2015-02-16,TX_3,HOUSEHOLD,7430.0,26434.59
2015-02-23,TX_3,HOUSEHOLD,7619.0,26259.35
2015-03-02,TX_3,HOUSEHOLD,7225.0,27302.65
2015-03-09,TX_3,HOUSEHOLD,7207.0,26741.0
2015-03-16,TX_3,HOUSEHOLD,6545.0,25433.51
2015-03-23,TX_3,HOUSEHOLD,6556.0,25139.95
2015-03-30,TX_3,HOUSEHOLD,6900.0,26448.4
2015-04-06,TX_3,HOUSEHOLD,7706.0,27217.06
2015-04-13,TX_3,HOUSEHOLD,7473.0,26579.3
2015-04-20,TX_3,HOUSEHOLD,6670.0,25083.21
2015-04-27,TX_3,HOUSEHOLD,7059.0,26010.06
2015-05-04,TX_3,HOUSEHOLD,6830.0,25640.67
2015-05-11,TX_3,HOUSEHOLD,7701.0,27380.61
2015-05-18,TX_3,HOUSEHOLD,7162.0,25964.89
2015-05-25,TX_3,HOUSEHOLD,7211.0,25679.66
2015-06-01,TX_3,HOUSEHOLD,7771.0,27877.35
2015-06-08,TX_3,HOUSEHOLD,6928.0,25362.24
2015-06-15,TX_3,HOUSEHOLD,6974.0,24656.02
2015-06-22,TX_3,HOUSEHOLD,6784.0,24701.14
2015-06-29,TX_3,HOUSEHOLD,7306.0,26680.15
2015-07-06,TX_3,HOUSEHOLD,6618.0,25549.58
2015-07-13,TX_3,HOUSEHOLD,6561.0,25249.36
2015-07-20,TX_3,HOUSEHOLD,7212.0,26253.54
2015-07-27,TX_3,HOUSEHOLD,6986.0,26437.02
2015-08-03,TX_3,HOUSEHOLD,7193.0,27299.99
2015-08-10,TX_3,HOUSEHOLD,6788.0,25601.4
2015-08-17,TX_3,HOUSEHOLD,7456.0,27409.67
2015-08-24,TX_3,HOUSEHOLD,7023.0,26784.74
2015-08-31,TX_3,HOUSEHOLD,7448.0,26979.13
2015-09-07,TX_3,HOUSEHOLD,6863.0,25856.12
2015-09-14,TX_3,HOUSEHOLD,6719.0,25581.77
2015-09-21,TX_3,HOUSEHOLD,6498.0,25092.51
2015-09-28,TX_3,HOUSEHOLD,7439.0,27169.07
2015-10-05,TX_3,HOUSEHOLD,7543.0,26410.99
2015-10-12,TX_3,HOUSEHOLD,6514.0,24307.06
2015-10-19,TX_3,HOUSEHOLD,5991.0,23429.08
2015-10-26,TX_3,HOUSEHOLD,6777.0,25506.36
2015-11-02,TX_3,HOUSEHOLD,7202.0,27797.24
2015-11-09,TX_3,HOUSEHOLD,6516.0,24445.89
2015-11-16,TX_3,HOUSEHOLD,6333.0,24900.25
2015-11-23,TX_3,HOUSEHOLD,5269.0,21305.59
2015-11-30,TX_3,HOUSEHOLD,6783.0,25801.81
2015-12-07,TX_3,HOUSEHOLD,5974.0,23663.41
2015-12-14,TX_3,HOUSEHOLD,5925.0,23993.28
2015-12-21,TX_3,HOUSEHOLD,5742.0,21540.12
2015-12-28,TX_3,HOUSEHOLD,6380.0,26050.47
2016-01-04,TX_3,HOUSEHOLD,6589.0,25591.74
2016-01-11,TX_3,HOUSEHOLD,6056.0,23168.8
2016-01-18,TX_3,HOUSEHOLD,6052.0,24026.51
2016-01-25,TX_3,HOUSEHOLD,6000.0,24516.52
2016-02-01,TX_3,HOUSEHOLD,6913.0,27515.62
2016-02-08,TX_3,HOUSEHOLD,7164.0,29650.99
2016-02-15,TX_3,HOUSEHOLD,7179.0,29343.01
2016-02-22,TX_3,HOUSEHOLD,6935.0,26731.62
2016-02-29,TX_3,HOUSEHOLD,7420.0,29793.67
2016-03-07,TX_3,HOUSEHOLD,6675.0,26085.71
2016-03-14,TX_3,HOUSEHOLD,6879.0,27131.7
2016-03-21,TX_3,HOUSEHOLD,6085.0,25224.19
2016-03-28,TX_3,HOUSEHOLD,6873.0,27847.15
2016-04-04,TX_3,HOUSEHOLD,6818.0,27929.21
2016-04-11,TX_3,HOUSEHOLD,6353.0,26335.07
2016-04-18,TX_3,HOUSEHOLD,6360.0,26221.1
2016-04-25,TX_3,HOUSEHOLD,6787.0,27631.57
2016-05-02,TX_3,HOUSEHOLD,6849.0,27586.85
2016-05-09,TX_3,HOUSEHOLD,6911.0,28350.97
2016-05-16,TX_3,HOUSEHOLD,7337.0,29524.94
2011-01-24,WI_1,FOODS,2908.0,5432.86
2011-01-31,WI_1,FOODS,7965.0,14217.55
2011-02-07,WI_1,FOODS,7192.0,15234.85
2011-02-14,WI_1,FOODS,6375.0,13954.15
2011-02-21,WI_1,FOODS,6049.0,13098.95
2011-02-28,WI_1,FOODS,6632.0,14285.08
2011-03-07,WI_1,FOODS,6148.0,13154.2
2011-03-14,WI_1,FOODS,6382.0,13565.24
2011-03-21,WI_1,FOODS,6462.0,13358.45
2011-03-28,WI_1,FOODS,6525.0,14149.3
2011-04-04,WI_1,FOODS,6336.0,13259.62
2011-04-11,WI_1,FOODS,6083.0,12846.41
2011-04-18,WI_1,FOODS,5424.0,12332.79
2011-04-25,WI_1,FOODS,5533.0,12182.79
2011-05-02,WI_1,FOODS,5466.0,12375.85
2011-05-09,WI_1,FOODS,5604.0,12742.76
2011-05-16,WI_1,FOODS,5560.0,11938.37
2011-05-23,WI_1,FOODS,5281.0,11389.33
2011-05-30,WI_1,FOODS,6293.0,13371.41
2011-06-06,WI_1,FOODS,6087.0,13612.57
2011-06-13,WI_1,FOODS,6207.0,13322.73
2011-06-20,WI_1,FOODS,5950.0,12638.08
2011-06-27,WI_1,FOODS,6632.0,13553.21
2011-07-04,WI_1,FOODS,6151.0,13036.19
2011-07-11,WI_1,FOODS,6093.0,13562.6
2011-07-18,WI_1,FOODS,6200.0,13828.66
2011-07-25,WI_1,FOODS,5961.0,13374.05
2011-08-01,WI_1,FOODS,5174.0,11737.95
2011-08-08,WI_1,FOODS,5477.0,12281.97
2011-08-15,WI_1,FOODS,5648.0,12243.69
2011-08-22,WI_1,FOODS,5681.0,12330.28
2011-08-29,WI_1,FOODS,6498.0,13958.14
2011-09-05,WI_1,FOODS,5936.0,12816.38
2011-09-12,WI_1,FOODS,6073.0,13095.82
2011-09-19,WI_1,FOODS,5942.0,13165.87
2011-09-26,WI_1,FOODS,6437.0,13288.71
2011-10-03,WI_1,FOODS,6518.0,13676.99
2011-10-10,WI_1,FOODS,6656.0,13877.87
2011-10-17,WI_1,FOODS,6516.0,13558.58
2011-10-24,WI_1,FOODS,6621.0,13647.38
2011-10-31,WI_1,FOODS,6534.0,13282.85
2011-11-07,WI_1,FOODS,6886.0,14025.18
2011-11-14,WI_1,FOODS,6375.0,13206.65
2011-11-21,WI_1,FOODS,6722.0,13530.57
2011-11-28,WI_1,FOODS,7215.0,14662.82
2011-12-05,WI_1,FOODS,7554.0,15620.02
2011-12-12,WI_1,FOODS,7375.0,15765.77
2011-12-19,WI_1,FOODS,6705.0,14001.51
2011-12-26,WI_1,FOODS,6769.0,13858.04
2012-01-02,WI_1,FOODS,7258.0,14921.94
2012-01-09,WI_1,FOODS,6997.0,14004.6
2012-01-16,WI_1,FOODS,6965.0,14551.58
2012-01-23,WI_1,FOODS,6845.0,14438.41
2012-01-30,WI_1,FOODS,7630.0,15424.19
2012-02-06,WI_1,FOODS,7277.0,14581.08
2012-02-13,WI_1,FOODS,7291.0,15499.25
2012-02-20,WI_1,FOODS,7249.0,15503.51
2012-02-27,WI_1,FOODS,7425.0,15577.46
2012-03-05,WI_1,FOODS,7374.0,15810.83
2012-03-12,WI_1,FOODS,7572.0,16097.66
2012-03-19,WI_1,FOODS,7434.0,15853.14
2012-03-26,WI_1,FOODS,7310.0,15262.5
2012-04-02,WI_1,FOODS,8137.0,16975.18
2012-04-09,WI_1,FOODS,7086.0,14856.45
2012-04-16,WI_1,FOODS,6758.0,14569.39
2012-04-23,WI_1,FOODS,7472.0,16769.42
2012-04-30,WI_1,FOODS,8001.0,16787.68
2012-05-07,WI_1,FOODS,7739.0,15858.01
2012-05-14,WI_1,FOODS,8338.0,17146.15
2012-05-21,WI_1,FOODS,8626.0,17500.69
2012-05-28,WI_1,FOODS,7976.0,16004.34
2012-06-04,WI_1,FOODS,8130.0,16556.48
2012-06-11,WI_1,FOODS,8989.0,18684.02
2012-06-18,WI_1,FOODS,8968.0,17837.36
2012-06-25,WI_1,FOODS,8513.0,17360.46
2012-07-02,WI_1,FOODS,9042.0,18379.85
2012-07-09,WI_1,FOODS,8043.0,16233.07
2012-07-16,WI_1,FOODS,7793.0,16202.89
2012-07-23,WI_1,FOODS,7086.0,14671.66
2012-07-30,WI_1,FOODS,7551.0,15545.53
2012-08-06,WI_1,FOODS,6681.0,14338.01
2012-08-13,WI_1,FOODS,7400.0,16145.98
2012-08-20,WI_1,FOODS,7348.0,15966.57
2012-08-27,WI_1,FOODS,7739.0,16476.67
2012-09-03,WI_1,FOODS,7448.0,16117.35
2012-09-10,WI_1,FOODS,7162.0,15802.87
2012-09-17,WI_1,FOODS,7273.0,15852.94
2012-09-24,WI_1,FOODS,7331.0,15721.54
2012-10-01,WI_1,FOODS,6784.0,14280.86
2012-10-08,WI_1,FOODS,6737.0,14611.36
2012-10-15,WI_1,FOODS,4902.0,10694.51
2012-10-22,WI_1,FOODS,9352.0,20939.56
2012-10-29,WI_1,FOODS,13922.0,32327.98
2012-11-05,WI_1,FOODS,14686.0,33702.36
2012-11-12,WI_1,FOODS,14106.0,33441.64
2012-11-19,WI_1,FOODS,11796.0,27389.94
2012-11-26,WI_1,FOODS,12893.0,29591.51
2012-12-03,WI_1,FOODS,15354.0,34656.36
2012-12-10,WI_1,FOODS,14546.0,34044.36
2012-12-17,WI_1,FOODS,16407.0,38276.04
2012-12-24,WI_1,FOODS,11915.0,27171.14
2012-12-31,WI_1,FOODS,14991.0,34723.65
2013-01-07,WI_1,FOODS,13995.0,33683.32
2013-01-14,WI_1,FOODS,14781.0,34872.4
2013-01-21,WI_1,FOODS,11854.0,28976.4
2013-01-28,WI_1,FOODS,12715.0,30757.66
2013-02-04,WI_1,FOODS,13385.0,32112.92
2013-02-11,WI_1,FOODS,14477.0,33852.09
2013-02-18,WI_1,FOODS,12895.0,29489.97
2013-02-25,WI_1,FOODS,13356.0,31375.21
2013-03-04,WI_1,FOODS,12733.0,29073.81
2013-03-11,WI_1,FOODS,13594.0,31465.23
2013-03-18,WI_1,FOODS,13227.0,29993.15
2013-03-25,WI_1,FOODS,13954.0,31068.57
2013-04-01,WI_1,FOODS,12955.0,29536.73
2013-04-08,WI_1,FOODS,12261.0,28954.43
2013-04-15,WI_1,FOODS,11740.0,27943.36
2013-04-22,WI_1,FOODS,10888.0,25449.64
2013-04-29,WI_1,FOODS,12330.0,28305.36
2013-05-06,WI_1,FOODS,12180.0,29013.22
2013-05-13,WI_1,FOODS,13232.0,30203.02
2013-05-20,WI_1,FOODS,12791.0,29165.75
2013-05-27,WI_1,FOODS,13221.0,30100.47
2013-06-03,WI_1,FOODS,14405.0,32935.44
2013-06-10,WI_1,FOODS,14042.0,32688.35
2013-06-17,WI_1,FOODS,13561.0,31720.13
2013-06-24,WI_1,FOODS,13341.0,29894.38
2013-07-01,WI_1,FOODS,13849.0,31172.58
2013-07-08,WI_1,FOODS,14694.0,34322.46
2013-07-15,WI_1,FOODS,14701.0,33833.86
2013-07-22,WI_1,FOODS,13623.0,30973.61
2013-07-29,WI_1,FOODS,12938.0,30274.77
2013-08-05,WI_1,FOODS,14009.0,31562.98
2013-08-12,WI_1,FOODS,14650.0,32152.16
2013-08-19,WI_1,FOODS,14569.0,31079.06
2013-08-26,WI_1,FOODS,14891.0,32037.71
2013-09-02,WI_1,FOODS,15485.0,33655.51
2013-09-09,WI_1,FOODS,15494.0,34612.54
2013-09-16,WI_1,FOODS,13334.0,30458.69
2013-09-23,WI_1,FOODS,13409.0,30069.74
2013-09-30,WI_1,FOODS,13581.0,31501.06
2013-10-07,WI_1,FOODS,13589.0,32627.48
2013-10-14,WI_1,FOODS,13359.0,31796.52
2013-10-21,WI_1,FOODS,13406.0,32131.27
2013-10-28,WI_1,FOODS,13429.0,31191.79
2013-11-04,WI_1,FOODS,13825.0,33329.21
2013-11-11,WI_1,FOODS,13188.0,31322.34
2013-11-18,WI_1,FOODS,13714.0,32541.84
2013-11-25,WI_1,FOODS,13059.0,29485.65
2013-12-02,WI_1,FOODS,15474.0,35617.39
2013-12-09,WI_1,FOODS,14767.0,35830.46
2013-12-16,WI_1,FOODS,14651.0,34247.96
2013-12-23,WI_1,FOODS,13484.0,30937.71
2013-12-30,WI_1,FOODS,15241.0,36543.81
2014-01-06,WI_1,FOODS,14848.0,34914.25
2014-01-13,WI_1,FOODS,14018.0,33890.94
2014-01-20,WI_1,FOODS,13406.0,31996.54
2014-01-27,WI_1,FOODS,13032.0,31847.2
2014-02-03,WI_1,FOODS,14159.0,34502.99
2014-02-10,WI_1,FOODS,15071.0,36959.04
2014-02-17,WI_1,FOODS,13918.0,34303.69
2014-02-24,WI_1,FOODS,14226.0,35333.81
2014-03-03,WI_1,FOODS,14489.0,35855.64
2014-03-10,WI_1,FOODS,15085.0,37305.73
2014-03-17,WI_1,FOODS,13237.0,32567.27
2014-03-24,WI_1,FOODS,14015.0,33763.12
2014-03-31,WI_1,FOODS,15352.0,35754.08
2014-04-07,WI_1,FOODS,15482.0,37169.37
2014-04-14,WI_1,FOODS,16455.0,39277.62
2014-04-21,WI_1,FOODS,14385.0,34900.97
2014-04-28,WI_1,FOODS,14846.0,36272.34
2014-05-05,WI_1,FOODS,14834.0,36213.5
2014-05-12,WI_1,FOODS,16548.0,38910.64
2014-05-19,WI_1,FOODS,14751.0,36092.85
2014-05-26,WI_1,FOODS,15232.0,36019.22
2014-06-02,WI_1,FOODS,16381.0,38314.07
2014-06-09,WI_1,FOODS,16677.0,39012.71
2014-06-16,WI_1,FOODS,16341.0,38415.25
2014-06-23,WI_1,FOODS,15353.0,34993.85
2014-06-30,WI_1,FOODS,17075.0,39908.95
2014-07-07,WI_1,FOODS,17480.0,40802.55
2014-07-14,WI_1,FOODS,16382.0,38011.07
2014-07-21,WI_1,FOODS,15488.0,35821.58
2014-07-28,WI_1,FOODS,16054.0,38152.63
2014-08-04,WI_1,FOODS,15603.0,37173.79
2014-08-11,WI_1,FOODS,16643.0,39765.95
2014-08-18,WI_1,FOODS,16456.0,39801.24
2014-08-25,WI_1,FOODS,15725.0,39133.31
2014-09-01,WI_1,FOODS,17176.0,42751.39
2014-09-08,WI_1,FOODS,16150.0,41851.03
2014-09-15,WI_1,FOODS,15392.0,38832.87
2014-09-22,WI_1,FOODS,15494.0,38277.97
2014-09-29,WI_1,FOODS,16479.0,41242.34
2014-10-06,WI_1,FOODS,16387.0,41733.6
2014-10-13,WI_1,FOODS,16149.0,42281.83
2014-10-20,WI_1,FOODS,15099.0,40080.77
2014-10-27,WI_1,FOODS,14858.0,38873.35
2014-11-03,WI_1,FOODS,15949.0,43167.0
2014-11-10,WI_1,FOODS,15839.0,42572.39
2014-11-17,WI_1,FOODS,15851.0,42027.72
2014-11-24,WI_1,FOODS,14113.0,36460.12
2014-12-01,WI_1,FOODS,17000.0,45295.54
2014-12-08,WI_1,FOODS,16014.0,43403.7
2014-12-15,WI_1,FOODS,16364.0,43711.78
2014-12-22,WI_1,FOODS,13707.0,36333.27
2014-12-29,WI_1,FOODS,16546.0,43897.83
2015-01-05,WI_1,FOODS,16444.0,44227.3
2015-01-12,WI_1,FOODS,17524.0,46404.04
2015-01-19,WI_1,FOODS,16081.0,41320.95
2015-01-26,WI_1,FOODS,16206.0,41447.32
2015-02-02,WI_1,FOODS,19438.0,49324.06
2015-02-09,WI_1,FOODS,18394.0,48597.41
2015-02-16,WI_1,FOODS,16750.0,44176.75
2015-02-23,WI_1,FOODS,16351.0,42254.6
2015-03-02,WI_1,FOODS,17537.0,46043.22
2015-03-09,WI_1,FOODS,16684.0,43833.79
2015-03-16,WI_1,FOODS,15022.0,39017.75
2015-03-23,WI_1,FOODS,15104.0,38415.24
2015-03-30,WI_1,FOODS,16299.0,41254.48
2015-04-06,WI_1,FOODS,15705.0,41140.01
2015-04-13,WI_1,FOODS,15917.0,41885.83
2015-04-20,WI_1,FOODS,15422.0,41055.26
2015-04-27,WI_1,FOODS,16593.0,43355.27
2015-05-04,WI_1,FOODS,16702.0,43683.74
2015-05-11,WI_1,FOODS,16618.0,44100.36
2015-05-18,WI_1,FOODS,15137.0,39713.34
2015-05-25,WI_1,FOODS,15949.0,41421.24
2015-06-01,WI_1,FOODS,17824.0,45478.36
2015-06-08,WI_1,FOODS,17978.0,44271.52
2015-06-15,WI_1,FOODS,16966.0,41447.17
2015-06-22,WI_1,FOODS,15525.0,37643.96
2015-06-29,WI_1,FOODS,17476.0,42275.71
2015-07-06,WI_1,FOODS,17840.0,44488.69
2015-07-13,WI_1,FOODS,17588.0,44515.48
2015-07-20,WI_1,FOODS,15698.0,39468.02
2015-07-27,WI_1,FOODS,17140.0,41465.13
2015-08-03,WI_1,FOODS,16116.0,41232.67
2015-08-10,WI_1,FOODS,16002.0,40716.8
2015-08-17,WI_1,FOODS,15402.0,39510.9
2015-08-24,WI_1,FOODS,15492.0,39997.63
2015-08-31,WI_1,FOODS,16665.0,41648.94
2015-09-07,WI_1,FOODS,17082.0,43270.31
2015-09-14,WI_1,FOODS,16520.0,42123.27
2015-09-21,WI_1,FOODS,15568.0,40149.72
2015-09-28,WI_1,FOODS,16892.0,44046.88
2015-10-05,WI_1,FOODS,17514.0,45305.91
2015-10-12,WI_1,FOODS,17005.0,45004.43
2015-10-19,WI_1,FOODS,17041.0,44711.8
2015-10-26,WI_1,FOODS,16419.0,43359.9
2015-11-02,WI_1,FOODS,16425.0,44244.66
2015-11-09,WI_1,FOODS,16859.0,45892.37
2015-11-16,WI_1,FOODS,16352.0,44191.96
2015-11-23,WI_1,FOODS,14849.0,39212.23
2015-11-30,WI_1,FOODS,18375.0,49129.61
2015-12-07,WI_1,FOODS,17007.0,46574.12
2015-12-14,WI_1,FOODS,17804.0,47658.36
2015-12-21,WI_1,FOODS,15350.0,41756.34
2015-12-28,WI_1,FOODS,17103.0,46249.78
2016-01-04,WI_1,FOODS,17219.0,46574.23
2016-01-11,WI_1,FOODS,18398.0,49596.17
2016-01-18,WI_1,FOODS,16828.0,44897.12
2016-01-25,WI_1,FOODS,17594.0,46061.04
2016-02-01,WI_1,FOODS,17991.0,48484.15
2016-02-08,WI_1,FOODS,19258.0,51524.35
2016-02-15,WI_1,FOODS,19096.0,49969.85
2016-02-22,WI_1,FOODS,17403.0,45639.73
2016-02-29,WI_1,FOODS,18895.0,49252.82
2016-03-07,WI_1,FOODS,18370.0,48175.82
2016-03-14,WI_1,FOODS,18473.0,48218.87
2016-03-21,WI_1,FOODS,18821.0,48555.82
2016-03-28,WI_1,FOODS,17459.0,47048.24
2016-04-04,WI_1,FOODS,19234.0,52229.61
2016-04-11,WI_1,FOODS,18819.0,50999.74
2016-04-18,WI_1,FOODS,18341.0,48692.13
2016-04-25,WI_1,FOODS,18963.0,50473.96
2016-05-02,WI_1,FOODS,19621.0,52101.13
2016-05-09,WI_1,FOODS,21179.0,57511.38
2016-05-16,WI_1,FOODS,19170.0,50522.98
2011-01-24,WI_1,HOBBIES,1058.0,2357.93
2011-01-31,WI_1,HOBBIES,2627.0,5625.34
2011-02-07,WI_1,HOBBIES,2289.0,6671.02
2011-02-14,WI_1,HOBBIES,2552.0,6562.14
2011-02-21,WI_1,HOBBIES,2032.0,5510.96
2011-02-28,WI_1,HOBBIES,1525.0,5367.64
2011-03-07,WI_1,HOBBIES,2756.0,6597.2
2011-03-14,WI_1,HOBBIES,2544.0,6430.7
2011-03-21,WI_1,HOBBIES,2368.0,5838.66
2011-03-28,WI_1,HOBBIES,2800.0,6871.75
2011-04-04,WI_1,HOBBIES,2428.0,6216.03
2011-04-11,WI_1,HOBBIES,2411.0,6691.38
2011-04-18,WI_1,HOBBIES,1978.0,5926.06
2011-04-25,WI_1,HOBBIES,2609.0,7157.21
2011-05-02,WI_1,HOBBIES,2377.0,6333.4
2011-05-09,WI_1,HOBBIES,2632.0,7110.63
2011-05-16,WI_1,HOBBIES,2513.0,6156.35
2011-05-23,WI_1,HOBBIES,2130.0,6415.98
2011-05-30,WI_1,HOBBIES,1875.0,5992.31
2011-06-06,WI_1,HOBBIES,2314.0,6210.82
2011-06-13,WI_1,HOBBIES,2304.0,6449.33
2011-06-20,WI_1,HOBBIES,2110.0,6428.59
2011-06-27,WI_1,HOBBIES,2450.0,6647.21
2011-07-04,WI_1,HOBBIES,2440.0,6322.36
2011-07-11,WI_1,HOBBIES,2208.0,6453.12
2011-07-18,WI_1,HOBBIES,2121.0,6211.75
2011-07-25,WI_1,HOBBIES,2201.0,6015.94
2011-08-01,WI_1,HOBBIES,2466.0,7040.14
2011-08-08,WI_1,HOBBIES,2319.0,6110.75
2011-08-15,WI_1,HOBBIES,2172.0,6144.16
2011-08-22,WI_1,HOBBIES,1951.0,5725.02
2011-08-29,WI_1,HOBBIES,2283.0,6424.85
2011-09-05,WI_1,HOBBIES,2123.0,5880.36
2011-09-12,WI_1,HOBBIES,2289.0,6217.29
2011-09-19,WI_1,HOBBIES,2138.0,6424.06
2011-09-26,WI_1,HOBBIES,2160.0,6204.97
2011-10-03,WI_1,HOBBIES,2324.0,5964.11
2011-10-10,WI_1,HOBBIES,2371.0,6403.72
2011-10-17,WI_1,HOBBIES,2147.0,5667.27
2011-10-24,WI_1,HOBBIES,2324.0,5693.3
2011-10-31,WI_1,HOBBIES,2339.0,6034.41
2011-11-07,WI_1,HOBBIES,2188.0,5137.76
2011-11-14,WI_1,HOBBIES,2198.0,5324.24
2011-11-21,WI_1,HOBBIES,1866.0,4577.77
2011-11-28,WI_1,HOBBIES,2400.0,6288.46
2011-12-05,WI_1,HOBBIES,2268.0,5742.18
2011-12-12,WI_1,HOBBIES,2166.0,5685.05
2011-12-19,WI_1,HOBBIES,2305.0,5891.2
2011-12-26,WI_1,HOBBIES,2063.0,5337.72
2012-01-02,WI_1,HOBBIES,2183.0,5685.54
2012-01-09,WI_1,HOBBIES,2012.0,5596.43
2012-01-16,WI_1,HOBBIES,2243.0,5786.42
2012-01-23,WI_1,HOBBIES,2294.0,6048.09
2012-01-30,WI_1,HOBBIES,2187.0,5976.14
2012-02-06,WI_1,HOBBIES,2287.0,6009.01
2012-02-13,WI_1,HOBBIES,2151.0,6157.55
2012-02-20,WI_1,HOBBIES,2135.0,6146.75
2012-02-27,WI_1,HOBBIES,2174.0,6213.02
2012-03-05,WI_1,HOBBIES,2304.0,6986.5
2012-03-12,WI_1,HOBBIES,2228.0,6706.08
2012-03-19,WI_1,HOBBIES,2249.0,6515.64
2012-03-26,WI_1,HOBBIES,2205.0,6306.13
2012-04-02,WI_1,HOBBIES,2127.0,6393.0
2012-04-09,WI_1,HOBBIES,2264.0,6667.79
2012-04-16,WI_1,HOBBIES,1913.0,6072.87
2012-04-23,WI_1,HOBBIES,2122.0,6128.16
2012-04-30,WI_1,HOBBIES,2318.0,6893.46
2012-05-07,WI_1,HOBBIES,1672.0,6568.3
2012-05-14,WI_1,HOBBIES,1606.0,6366.33
2012-05-21,WI_1,HOBBIES,1759.0,6574.35
2012-05-28,WI_1,HOBBIES,2412.0,6914.4
2012-06-04,WI_1,HOBBIES,2328.0,6755.36
2012-06-11,WI_1,HOBBIES,2310.0,6715.35
2012-06-18,WI_1,HOBBIES,2419.0,6701.21
2012-06-25,WI_1,HOBBIES,2207.0,6434.25
2012-07-02,WI_1,HOBBIES,1741.0,7069.59
2012-07-09,WI_1,HOBBIES,2107.0,6696.2
2012-07-16,WI_1,HOBBIES,2164.0,7416.72
2012-07-23,WI_1,HOBBIES,1653.0,6634.74
2012-07-30,WI_1,HOBBIES,1712.0,7011.29
2012-08-06,WI_1,HOBBIES,1436.0,6187.59
2012-08-13,WI_1,HOBBIES,1774.0,7319.92
2012-08-20,WI_1,HOBBIES,1472.0,6410.48
2012-08-27,WI_1,HOBBIES,1777.0,7351.26
2012-09-03,WI_1,HOBBIES,1600.0,6505.52
2012-09-10,WI_1,HOBBIES,1714.0,7305.74
2012-09-17,WI_1,HOBBIES,1569.0,6893.69
2012-09-24,WI_1,HOBBIES,1491.0,6147.1
2012-10-01,WI_1,HOBBIES,1580.0,6828.46
2012-10-08,WI_1,HOBBIES,1246.0,5708.97
2012-10-15,WI_1,HOBBIES,803.0,4033.47
2012-10-22,WI_1,HOBBIES,1424.0,6440.74
2012-10-29,WI_1,HOBBIES,2201.0,9426.46
2012-11-05,WI_1,HOBBIES,2017.0,8498.22
2012-11-12,WI_1,HOBBIES,1883.0,8133.4
2012-11-19,WI_1,HOBBIES,1591.0,7077.37
2012-11-26,WI_1,HOBBIES,1999.0,8402.4
2012-12-03,WI_1,HOBBIES,2109.0,9735.07
2012-12-10,WI_1,HOBBIES,1886.0,8962.06
2012-12-17,WI_1,HOBBIES,2025.0,8624.28
2012-12-24,WI_1,HOBBIES,1320.0,6565.55
2012-12-31,WI_1,HOBBIES,1777.0,8246.74
2013-01-07,WI_1,HOBBIES,1592.0,7431.12
2013-01-14,WI_1,HOBBIES,1722.0,8486.69
2013-01-21,WI_1,HOBBIES,2186.0,7385.48
2013-01-28,WI_1,HOBBIES,2074.0,7478.59
2013-02-04,WI_1,HOBBIES,1698.0,7278.55
2013-02-11,WI_1,HOBBIES,2247.0,8151.78
2013-02-18,WI_1,HOBBIES,2191.0,7687.59
2013-02-25,WI_1,HOBBIES,2382.0,8967.39
2013-03-04,WI_1,HOBBIES,1698.0,7000.96
2013-03-11,WI_1,HOBBIES,2114.0,8442.44
2013-03-18,WI_1,HOBBIES,2313.0,8505.06
2013-03-25,WI_1,HOBBIES,1804.0,7922.29
2013-04-01,WI_1,HOBBIES,2623.0,8773.49
2013-04-08,WI_1,HOBBIES,2641.0,8532.35
2013-04-15,WI_1,HOBBIES,2326.0,8069.01
2013-04-22,WI_1,HOBBIES,2296.0,7817.28
2013-04-29,WI_1,HOBBIES,1861.0,7905.14
2013-05-06,WI_1,HOBBIES,2382.0,8075.62
2013-05-13,WI_1,HOBBIES,2376.0,8024.62
2013-05-20,WI_1,HOBBIES,2214.0,7549.23
2013-05-27,WI_1,HOBBIES,2712.0,9461.37
2013-06-03,WI_1,HOBBIES,2628.0,8923.24
2013-06-10,WI_1,HOBBIES,2361.0,7653.66
2013-06-17,WI_1,HOBBIES,2594.0,8866.36
2013-06-24,WI_1,HOBBIES,2460.0,8902.61
2013-07-01,WI_1,HOBBIES,2332.0,8616.3
2013-07-08,WI_1,HOBBIES,2182.0,8486.55
2013-07-15,WI_1,HOBBIES,2322.0,8808.69
2013-07-22,WI_1,HOBBIES,2159.0,8625.55
2013-07-29,WI_1,HOBBIES,2360.0,9005.27
2013-08-05,WI_1,HOBBIES,2059.0,8634.62
2013-08-12,WI_1,HOBBIES,2184.0,8788.44
2013-08-19,WI_1,HOBBIES,2077.0,7868.45
2013-08-26,WI_1,HOBBIES,2007.0,8521.85
2013-09-02,WI_1,HOBBIES,1646.0,7686.57
2013-09-09,WI_1,HOBBIES,2203.0,9258.07
2013-09-16,WI_1,HOBBIES,2105.0,8126.02
2013-09-23,WI_1,HOBBIES,2245.0,8530.79
2013-09-30,WI_1,HOBBIES,2337.0,8644.24
2013-10-07,WI_1,HOBBIES,2767.0,9391.42
2013-10-14,WI_1,HOBBIES,2563.0,8779.39
2013-10-21,WI_1,HOBBIES,2531.0,9088.63
2013-10-28,WI_1,HOBBIES,2668.0,9782.01
2013-11-04,WI_1,HOBBIES,2400.0,8633.68
2013-11-11,WI_1,HOBBIES,2367.0,8795.6
2013-11-18,WI_1,HOBBIES,2643.0,8839.6
2013-11-25,WI_1,HOBBIES,2321.0,8502.65
2013-12-02,WI_1,HOBBIES,2660.0,8923.87
2013-12-09,WI_1,HOBBIES,2556.0,8764.91
2013-12-16,WI_1,HOBBIES,2626.0,9341.3
2013-12-23,WI_1,HOBBIES,2388.0,8361.54
2013-12-30,WI_1,HOBBIES,2652.0,9539.55
2014-01-06,WI_1,HOBBIES,2399.0,8651.29
2014-01-13,WI_1,HOBBIES,2485.0,9179.2
2014-01-20,WI_1,HOBBIES,2568.0,8873.11
2014-01-27,WI_1,HOBBIES,2451.0,9061.38
2014-02-03,WI_1,HOBBIES,2585.0,9165.66
2014-02-10,WI_1,HOBBIES,2567.0,9312.39
2014-02-17,WI_1,HOBBIES,2381.0,8747.54
2014-02-24,WI_1,HOBBIES,2351.0,8865.43
2014-03-03,WI_1,HOBBIES,2566.0,9503.8
2014-03-10,WI_1,HOBBIES,2464.0,9529.28
2014-03-17,WI_1,HOBBIES,2394.0,9244.1
2014-03-24,WI_1,HOBBIES,2449.0,8646.25
2014-03-31,WI_1,HOBBIES,2633.0,9657.73
2014-04-07,WI_1,HOBBIES,2344.0,9526.49
2014-04-14,WI_1,HOBBIES,2337.0,9853.61
2014-04-21,WI_1,HOBBIES,2588.0,9768.11
2014-04-28,WI_1,HOBBIES,2575.0,9811.83
2014-05-05,WI_1,HOBBIES,2527.0,9254.12
2014-05-12,WI_1,HOBBIES,2458.0,9851.24
2014-05-19,WI_1,HOBBIES,2376.0,9280.06
2014-05-26,WI_1,HOBBIES,2622.0,9624.72
2014-06-02,WI_1,HOBBIES,2665.0,9825.11
2014-06-09,WI_1,HOBBIES,2431.0,9435.8
2014-06-16,WI_1,HOBBIES,2472.0,9975.2
2014-06-23,WI_1,HOBBIES,2594.0,10275.2
2014-06-30,WI_1,HOBBIES,2680.0,9883.19
2014-07-07,WI_1,HOBBIES,2594.0,10052.05
2014-07-14,WI_1,HOBBIES,2536.0,9350.41
2014-07-21,WI_1,HOBBIES,2559.0,9320.61
2014-07-28,WI_1,HOBBIES,2428.0,9216.96
2014-08-04,WI_1,HOBBIES,2205.0,9302.65
2014-08-11,WI_1,HOBBIES,2665.0,9905.25
2014-08-18,WI_1,HOBBIES,2291.0,9664.71
2014-08-25,WI_1,HOBBIES,2487.0,9861.39
2014-09-01,WI_1,HOBBIES,2381.0,10221.55
2014-09-08,WI_1,HOBBIES,2254.0,9903.86
2014-09-15,WI_1,HOBBIES,2245.0,10096.95
2014-09-22,WI_1,HOBBIES,2314.0,9988.11
2014-09-29,WI_1,HOBBIES,2687.0,10909.41
2014-10-06,WI_1,HOBBIES,2603.0,10348.19
2014-10-13,WI_1,HOBBIES,2782.0,10730.84
2014-10-20,WI_1,HOBBIES,2777.0,10579.03
2014-10-27,WI_1,HOBBIES,2635.0,11264.32
2014-11-03,WI_1,HOBBIES,2517.0,10287.11
2014-11-10,WI_1,HOBBIES,2673.0,10227.34
2014-11-17,WI_1,HOBBIES,2680.0,10328.83
2014-11-24,WI_1,HOBBIES,2269.0,8902.06
2014-12-01,WI_1,HOBBIES,3043.0,11875.7
2014-12-08,WI_1,HOBBIES,2668.0,10175.07
2014-12-15,WI_1,HOBBIES,3033.0,12017.19
2014-12-22,WI_1,HOBBIES,2494.0,10180.21
2014-12-29,WI_1,HOBBIES,2604.0,10888.4
2015-01-05,WI_1,HOBBIES,2286.0,9146.25
2015-01-12,WI_1,HOBBIES,2408.0,9844.92
2015-01-19,WI_1,HOBBIES,2462.0,10248.53
2015-01-26,WI_1,HOBBIES,2712.0,9523.3
2015-02-02,WI_1,HOBBIES,3126.0,11438.86
2015-02-09,WI_1,HOBBIES,2941.0,10831.77
2015-02-16,WI_1,HOBBIES,2754.0,10746.8
2015-02-23,WI_1,HOBBIES,2930.0,11248.65
2015-03-02,WI_1,HOBBIES,2873.0,11170.98
2015-03-09,WI_1,HOBBIES,2606.0,10366.97
2015-03-16,WI_1,HOBBIES,2741.0,9603.57
2015-03-23,WI_1,HOBBIES,2958.0,10370.51
2015-03-30,WI_1,HOBBIES,3181.0,10952.11
2015-04-06,WI_1,HOBBIES,2855.0,10712.14
2015-04-13,WI_1,HOBBIES,2761.0,10405.83
2015-04-20,WI_1,HOBBIES,2890.0,11002.29
2015-04-27,WI_1,HOBBIES,2722.0,10500.75
2015-05-04,WI_1,HOBBIES,2782.0,10301.83
2015-05-11,WI_1,HOBBIES,2690.0,9610.78
2015-05-18,WI_1,HOBBIES,2739.0,10115.93
2015-05-25,WI_1,HOBBIES,2948.0,10643.79
2015-06-01,WI_1,HOBBIES,2905.0,11486.01
2015-06-08,WI_1,HOBBIES,2635.0,10354.34
2015-06-15,WI_1,HOBBIES,2894.0,10199.33
2015-06-22,WI_1,HOBBIES,2631.0,10162.29
2015-06-29,WI_1,HOBBIES,3009.0,11751.5
2015-07-06,WI_1,HOBBIES,2961.0,10509.05
2015-07-13,WI_1,HOBBIES,2946.0,10609.54
2015-07-20,WI_1,HOBBIES,2818.0,10436.41
2015-07-27,WI_1,HOBBIES,2997.0,11116.92
2015-08-03,WI_1,HOBBIES,2684.0,10433.53
2015-08-10,WI_1,HOBBIES,2703.0,9435.82
2015-08-17,WI_1,HOBBIES,2896.0,10223.5
2015-08-24,WI_1,HOBBIES,2970.0,11048.07
2015-08-31,WI_1,HOBBIES,2694.0,10201.97
2015-09-07,WI_1,HOBBIES,2817.0,10485.45
2015-09-14,WI_1,HOBBIES,2628.0,10139.69
2015-09-21,WI_1,HOBBIES,2828.0,10019.55
2015-09-28,WI_1,HOBBIES,2956.0,11295.35
2015-10-05,WI_1,HOBBIES,3000.0,10758.44
2015-10-12,WI_1,HOBBIES,3024.0,10597.77
2015-10-19,WI_1,HOBBIES,3039.0,10214.45
2015-10-26,WI_1,HOBBIES,2845.0,11087.3
2015-11-02,WI_1,HOBBIES,3007.0,10558.71
2015-11-09,WI_1,HOBBIES,2781.0,10608.05
2015-11-16,WI_1,HOBBIES,2806.0,10825.36
2015-11-23,WI_1,HOBBIES,2490.0,9784.65
2015-11-30,WI_1,HOBBIES,3256.0,12221.82
2015-12-07,WI_1,HOBBIES,2944.0,10571.24
2015-12-14,WI_1,HOBBIES,3271.0,12122.66
2015-12-21,WI_1,HOBBIES,2821.0,10675.89
2015-12-28,WI_1,HOBBIES,2885.0,11044.22
2016-01-04,WI_1,HOBBIES,2714.0,10867.87
2016-01-11,WI_1,HOBBIES,2501.0,10238.13
2016-01-18,WI_1,HOBBIES,2804.0,10827.68
2016-01-25,WI_1,HOBBIES,2931.0,10541.22
2016-02-01,WI_1,HOBBIES,2813.0,11476.79
2016-02-08,WI_1,HOBBIES,2772.0,11447.03
2016-02-15,WI_1,HOBBIES,2847.0,11265.64
2016-02-22,WI_1,HOBBIES,2852.0,10881.2
2016-02-29,WI_1,HOBBIES,2976.0,11180.29
2016-03-07,WI_1,HOBBIES,2720.0,10786.77
2016-03-14,WI_1,HOBBIES,2809.0,10227.65
2016-03-21,WI_1,HOBBIES,2845.0,10947.66
2016-03-28,WI_1,HOBBIES,2953.0,11679.74
2016-04-04,WI_1,HOBBIES,2938.0,10636.24
2016-04-11,WI_1,HOBBIES,2864.0,10420.94
2016-04-18,WI_1,HOBBIES,2918.0,10878.39
2016-04-25,WI_1,HOBBIES,3236.0,11250.19
2016-05-02,WI_1,HOBBIES,2973.0,11040.68
2016-05-09,WI_1,HOBBIES,2878.0,11435.88
2016-05-16,WI_1,HOBBIES,2922.0,10528.67
2011-01-24,WI_1,HOUSEHOLD,932.0,4309.7
2011-01-31,WI_1,HOUSEHOLD,2009.0,9143.77
2011-02-07,WI_1,HOUSEHOLD,2560.0,11792.45
2011-02-14,WI_1,HOUSEHOLD,2600.0,12012.35
2011-02-21,WI_1,HOUSEHOLD,2577.0,11365.8
2011-02-28,WI_1,HOUSEHOLD,2562.0,11479.98
2011-03-07,WI_1,HOUSEHOLD,2681.0,11444.04
2011-03-14,WI_1,HOUSEHOLD,2671.0,11080.46
2011-03-21,WI_1,HOUSEHOLD,2661.0,11037.92
2011-03-28,WI_1,HOUSEHOLD,2736.0,11857.21
2011-04-04,WI_1,HOUSEHOLD,2214.0,9547.96
2011-04-11,WI_1,HOUSEHOLD,2541.0,10872.95
2011-04-18,WI_1,HOUSEHOLD,2120.0,9352.22
2011-04-25,WI_1,HOUSEHOLD,2568.0,11273.88
2011-05-02,WI_1,HOUSEHOLD,2266.0,9860.51
2011-05-09,WI_1,HOUSEHOLD,2543.0,11119.03
2011-05-16,WI_1,HOUSEHOLD,2344.0,10072.09
2011-05-23,WI_1,HOUSEHOLD,2396.0,10560.9
2011-05-30,WI_1,HOUSEHOLD,2514.0,11158.74
2011-06-06,WI_1,HOUSEHOLD,2558.0,11263.65
2011-06-13,WI_1,HOUSEHOLD,2552.0,11231.17
2011-06-20,WI_1,HOUSEHOLD,2604.0,11158.02
2011-06-27,WI_1,HOUSEHOLD,2495.0,10435.01
2011-07-04,WI_1,HOUSEHOLD,2774.0,11847.85
2011-07-11,WI_1,HOUSEHOLD,2634.0,10980.6
2011-07-18,WI_1,HOUSEHOLD,2498.0,10398.65
2011-07-25,WI_1,HOUSEHOLD,2428.0,10364.98
2011-08-01,WI_1,HOUSEHOLD,2733.0,10854.23
2011-08-08,WI_1,HOUSEHOLD,2904.0,10908.61
2011-08-15,WI_1,HOUSEHOLD,2788.0,10811.49
2011-08-22,WI_1,HOUSEHOLD,2717.0,10859.49
2011-08-29,WI_1,HOUSEHOLD,3011.0,11434.19
2011-09-05,WI_1,HOUSEHOLD,2798.0,11601.03
2011-09-12,WI_1,HOUSEHOLD,2960.0,12348.84
2011-09-19,WI_1,HOUSEHOLD,2738.0,11194.56
2011-09-26,WI_1,HOUSEHOLD,2915.0,12264.98
2011-10-03,WI_1,HOUSEHOLD,2788.0,11367.29
2011-10-10,WI_1,HOUSEHOLD,2818.0,11782.67
2011-10-17,WI_1,HOUSEHOLD,2792.0,11952.88
2011-10-24,WI_1,HOUSEHOLD,2817.0,12194.03
2011-10-31,WI_1,HOUSEHOLD,2888.0,12131.03
2011-11-07,WI_1,HOUSEHOLD,2659.0,11164.3
2011-11-14,WI_1,HOUSEHOLD,2641.0,11085.23
2011-11-21,WI_1,HOUSEHOLD,2392.0,9959.74
2011-11-28,WI_1,HOUSEHOLD,2613.0,10984.63
2011-12-05,WI_1,HOUSEHOLD,2521.0,10639.17
2011-12-12,WI_1,HOUSEHOLD,2409.0,10576.88
2011-12-19,WI_1,HOUSEHOLD,2102.0,8992.87
2011-12-26,WI_1,HOUSEHOLD,2770.0,11245.03
2012-01-02,WI_1,HOUSEHOLD,3171.0,12478.53
2012-01-09,WI_1,HOUSEHOLD,2502.0,10272.46
2012-01-16,WI_1,HOUSEHOLD,2654.0,11326.31
2012-01-23,WI_1,HOUSEHOLD,2642.0,11509.56
2012-01-30,WI_1,HOUSEHOLD,3254.0,13826.24
2012-02-06,WI_1,HOUSEHOLD,2942.0,13155.72
2012-02-13,WI_1,HOUSEHOLD,3234.0,14186.75
2012-02-20,WI_1,HOUSEHOLD,3570.0,14206.17
2012-02-27,WI_1,HOUSEHOLD,3300.0,14182.14
2012-03-05,WI_1,HOUSEHOLD,3017.0,13518.65
2012-03-12,WI_1,HOUSEHOLD,3446.0,12827.43
2012-03-19,WI_1,HOUSEHOLD,3319.0,13518.28
2012-03-26,WI_1,HOUSEHOLD,3060.0,13166.79
2012-04-02,WI_1,HOUSEHOLD,2929.0,11741.38
2012-04-09,WI_1,HOUSEHOLD,3550.0,13647.27
2012-04-16,WI_1,HOUSEHOLD,3038.0,12726.35
2012-04-23,WI_1,HOUSEHOLD,3128.0,12885.65
2012-04-30,WI_1,HOUSEHOLD,2968.0,12548.76
2012-05-07,WI_1,HOUSEHOLD,2596.0,11274.65
2012-05-14,WI_1,HOUSEHOLD,2912.0,12177.91
2012-05-21,WI_1,HOUSEHOLD,2928.0,12614.93
2012-05-28,WI_1,HOUSEHOLD,3227.0,13795.72
2012-06-04,WI_1,HOUSEHOLD,3029.0,13140.29
2012-06-11,WI_1,HOUSEHOLD,3727.0,13469.82
2012-06-18,WI_1,HOUSEHOLD,3599.0,13002.89
2012-06-25,WI_1,HOUSEHOLD,3596.0,13305.52
2012-07-02,WI_1,HOUSEHOLD,3471.0,12961.28
2012-07-09,WI_1,HOUSEHOLD,3409.0,12862.44
2012-07-16,WI_1,HOUSEHOLD,3256.0,12243.96
2012-07-23,WI_1,HOUSEHOLD,3251.0,12433.82
2012-07-30,WI_1,HOUSEHOLD,3365.0,12786.86
2012-08-06,WI_1,HOUSEHOLD,3070.0,12084.45
2012-08-13,WI_1,HOUSEHOLD,3571.0,12969.25
2012-08-20,WI_1,HOUSEHOLD,3469.0,13054.14
2012-08-27,WI_1,HOUSEHOLD,3416.0,13534.32
2012-09-03,WI_1,HOUSEHOLD,3391.0,11972.03
2012-09-10,WI_1,HOUSEHOLD,3653.0,13060.76
2012-09-17,WI_1,HOUSEHOLD,3690.0,12982.39
2012-09-24,WI_1,HOUSEHOLD,3053.0,11082.1
2012-10-01,WI_1,HOUSEHOLD,2782.0,10223.37
2012-10-08,WI_1,HOUSEHOLD,2445.0,9475.98
2012-10-15,WI_1,HOUSEHOLD,1690.0,6194.06
2012-10-22,WI_1,HOUSEHOLD,3039.0,12724.2
2012-10-29,WI_1,HOUSEHOLD,4852.0,20196.71
2012-11-05,WI_1,HOUSEHOLD,4060.0,16520.91
2012-11-12,WI_1,HOUSEHOLD,4011.0,15691.42
2012-11-19,WI_1,HOUSEHOLD,3615.0,15073.68
2012-11-26,WI_1,HOUSEHOLD,3778.0,15580.99
2012-12-03,WI_1,HOUSEHOLD,3884.0,15764.69
2012-12-10,WI_1,HOUSEHOLD,3562.0,14713.69
2012-12-17,WI_1,HOUSEHOLD,3726.0,15114.96
2012-12-24,WI_1,HOUSEHOLD,3288.0,13896.61
2012-12-31,WI_1,HOUSEHOLD,4027.0,15934.65
2013-01-07,WI_1,HOUSEHOLD,3577.0,15090.17
2013-01-14,WI_1,HOUSEHOLD,3918.0,16255.18
2013-01-21,WI_1,HOUSEHOLD,3288.0,13887.08
2013-01-28,WI_1,HOUSEHOLD,3323.0,13875.33
2013-02-04,WI_1,HOUSEHOLD,3375.0,14100.41
2013-02-11,WI_1,HOUSEHOLD,4610.0,16188.35
2013-02-18,WI_1,HOUSEHOLD,4002.0,14812.26
2013-02-25,WI_1,HOUSEHOLD,4318.0,16247.96
2013-03-04,WI_1,HOUSEHOLD,4012.0,13503.1
2013-03-11,WI_1,HOUSEHOLD,4116.0,14012.31
2013-03-18,WI_1,HOUSEHOLD,3990.0,14647.18
2013-03-25,WI_1,HOUSEHOLD,3942.0,14496.29
2013-04-01,WI_1,HOUSEHOLD,4342.0,14895.26
2013-04-08,WI_1,HOUSEHOLD,4038.0,14489.12
2013-04-15,WI_1,HOUSEHOLD,3588.0,13854.89
2013-04-22,WI_1,HOUSEHOLD,3394.0,13204.51
2013-04-29,WI_1,HOUSEHOLD,3546.0,13635.48
2013-05-06,WI_1,HOUSEHOLD,3479.0,13366.91
2013-05-13,WI_1,HOUSEHOLD,3890.0,13982.78
2013-05-20,WI_1,HOUSEHOLD,3681.0,13762.32
2013-05-27,WI_1,HOUSEHOLD,4043.0,15549.37
2013-06-03,WI_1,HOUSEHOLD,3528.0,13925.08
2013-06-10,WI_1,HOUSEHOLD,3330.0,12451.22
2013-06-17,WI_1,HOUSEHOLD,3471.0,13480.46
2013-06-24,WI_1,HOUSEHOLD,3715.0,14183.36
2013-07-01,WI_1,HOUSEHOLD,3667.0,13919.13
2013-07-08,WI_1,HOUSEHOLD,4248.0,14987.74
2013-07-15,WI_1,HOUSEHOLD,4015.0,13961.17
2013-07-22,WI_1,HOUSEHOLD,3891.0,14232.48
2013-07-29,WI_1,HOUSEHOLD,3630.0,13834.48
2013-08-05,WI_1,HOUSEHOLD,3569.0,13898.42
2013-08-12,WI_1,HOUSEHOLD,3885.0,15274.27
2013-08-19,WI_1,HOUSEHOLD,3791.0,14501.03
2013-08-26,WI_1,HOUSEHOLD,3918.0,15332.52
2013-09-02,WI_1,HOUSEHOLD,3719.0,13991.02
2013-09-09,WI_1,HOUSEHOLD,3788.0,14408.76
2013-09-16,WI_1,HOUSEHOLD,3654.0,13787.04
2013-09-23,WI_1,HOUSEHOLD,3777.0,13636.63
2013-09-30,WI_1,HOUSEHOLD,3967.0,14603.03
2013-10-07,WI_1,HOUSEHOLD,3421.0,13580.93
2013-10-14,WI_1,HOUSEHOLD,3278.0,13109.76
2013-10-21,WI_1,HOUSEHOLD,3506.0,14220.48
2013-10-28,WI_1,HOUSEHOLD,3573.0,14412.24
2013-11-04,WI_1,HOUSEHOLD,3452.0,13386.76
2013-11-11,WI_1,HOUSEHOLD,3358.0,13087.48
2013-11-18,WI_1,HOUSEHOLD,3685.0,14747.07
2013-11-25,WI_1,HOUSEHOLD,3201.0,12652.32
2013-12-02,WI_1,HOUSEHOLD,3495.0,14252.66
2013-12-09,WI_1,HOUSEHOLD,3123.0,13079.96
2013-12-16,WI_1,HOUSEHOLD,3190.0,13486.47
2013-12-23,WI_1,HOUSEHOLD,3208.0,13031.52
2013-12-30,WI_1,HOUSEHOLD,3459.0,13931.12
2014-01-06,WI_1,HOUSEHOLD,3408.0,13635.89
2014-01-13,WI_1,HOUSEHOLD,3688.0,14677.98
2014-01-20,WI_1,HOUSEHOLD,3379.0,13720.57
2014-01-27,WI_1,HOUSEHOLD,3645.0,14540.33
2014-02-03,WI_1,HOUSEHOLD,3824.0,15045.92
2014-02-10,WI_1,HOUSEHOLD,4266.0,17045.96
2014-02-17,WI_1,HOUSEHOLD,4545.0,16957.23
2014-02-24,WI_1,HOUSEHOLD,4563.0,17634.89
2014-03-03,WI_1,HOUSEHOLD,4333.0,16562.98
2014-03-10,WI_1,HOUSEHOLD,4500.0,17338.43
2014-03-17,WI_1,HOUSEHOLD,4184.0,16354.01
2014-03-24,WI_1,HOUSEHOLD,4037.0,15794.26
2014-03-31,WI_1,HOUSEHOLD,4336.0,17025.46
2014-04-07,WI_1,HOUSEHOLD,4276.0,16786.65
2014-04-14,WI_1,HOUSEHOLD,4105.0,15872.46
2014-04-21,WI_1,HOUSEHOLD,4028.0,16427.74
2014-04-28,WI_1,HOUSEHOLD,4272.0,17170.21
2014-05-05,WI_1,HOUSEHOLD,3558.0,14584.78
2014-05-12,WI_1,HOUSEHOLD,4048.0,16335.7
2014-05-19,WI_1,HOUSEHOLD,3708.0,15189.36
2014-05-26,WI_1,HOUSEHOLD,4157.0,16893.11
2014-06-02,WI_1,HOUSEHOLD,4362.0,18115.22
2014-06-09,WI_1,HOUSEHOLD,3887.0,15790.36
2014-06-16,WI_1,HOUSEHOLD,4320.0,17271.92
2014-06-23,WI_1,HOUSEHOLD,4082.0,16274.65
2014-06-30,WI_1,HOUSEHOLD,4496.0,17743.22
2014-07-07,WI_1,HOUSEHOLD,4453.0,18172.65
2014-07-14,WI_1,HOUSEHOLD,4355.0,17142.68
2014-07-21,WI_1,HOUSEHOLD,4303.0,16654.6
2014-07-28,WI_1,HOUSEHOLD,4546.0,17483.63
2014-08-04,WI_1,HOUSEHOLD,4122.0,15802.02
2014-08-11,WI_1,HOUSEHOLD,4895.0,18858.82
2014-08-18,WI_1,HOUSEHOLD,4626.0,17826.97
2014-08-25,WI_1,HOUSEHOLD,4874.0,18289.24
2014-09-01,WI_1,HOUSEHOLD,4561.0,17613.05
2014-09-08,WI_1,HOUSEHOLD,4270.0,16781.24
2014-09-15,WI_1,HOUSEHOLD,4240.0,16629.88
2014-09-22,WI_1,HOUSEHOLD,3993.0,15857.61
2014-09-29,WI_1,HOUSEHOLD,4549.0,18551.26
2014-10-06,WI_1,HOUSEHOLD,4049.0,16500.59
2014-10-13,WI_1,HOUSEHOLD,4316.0,17612.2
2014-10-20,WI_1,HOUSEHOLD,4035.0,16450.29
2014-10-27,WI_1,HOUSEHOLD,4406.0,18260.58
2014-11-03,WI_1,HOUSEHOLD,4400.0,17608.63
2014-11-10,WI_1,HOUSEHOLD,4126.0,16114.64
2014-11-17,WI_1,HOUSEHOLD,4321.0,17816.48
2014-11-24,WI_1,HOUSEHOLD,3824.0,16151.89
2014-12-01,WI_1,HOUSEHOLD,4424.0,17942.35
2014-12-08,WI_1,HOUSEHOLD,3697.0,15370.41
2014-12-15,WI_1,HOUSEHOLD,4027.0,16424.26
2014-12-22,WI_1,HOUSEHOLD,3703.0,14934.76
2014-12-29,WI_1,HOUSEHOLD,4363.0,17553.04
2015-01-05,WI_1,HOUSEHOLD,3864.0,15965.35
2015-01-12,WI_1,HOUSEHOLD,5046.0,19279.76
2015-01-19,WI_1,HOUSEHOLD,4775.0,18206.32
2015-01-26,WI_1,HOUSEHOLD,4735.0,17811.42
2015-02-02,WI_1,HOUSEHOLD,5236.0,19661.58
2015-02-09,WI_1,HOUSEHOLD,4994.0,18786.27
2015-02-16,WI_1,HOUSEHOLD,4955.0,19570.78
2015-02-23,WI_1,HOUSEHOLD,5555.0,21758.33
2015-03-02,WI_1,HOUSEHOLD,4948.0,19918.47
2015-03-09,WI_1,HOUSEHOLD,5344.0,19883.65
2015-03-16,WI_1,HOUSEHOLD,4899.0,18373.04
2015-03-23,WI_1,HOUSEHOLD,4922.0,18821.85
2015-03-30,WI_1,HOUSEHOLD,4909.0,18248.68
2015-04-06,WI_1,HOUSEHOLD,5189.0,19639.6
2015-04-13,WI_1,HOUSEHOLD,5160.0,20062.62
2015-04-20,WI_1,HOUSEHOLD,4810.0,18895.72
2015-04-27,WI_1,HOUSEHOLD,4658.0,17288.33
2015-05-04,WI_1,HOUSEHOLD,4936.0,19036.56
2015-05-11,WI_1,HOUSEHOLD,5095.0,19558.43
2015-05-18,WI_1,HOUSEHOLD,4824.0,18097.72
2015-05-25,WI_1,HOUSEHOLD,5192.0,19718.09
2015-06-01,WI_1,HOUSEHOLD,5264.0,20017.11
2015-06-08,WI_1,HOUSEHOLD,5011.0,19075.87
2015-06-15,WI_1,HOUSEHOLD,4888.0,18511.39
2015-06-22,WI_1,HOUSEHOLD,4757.0,18399.81
2015-06-29,WI_1,HOUSEHOLD,5236.0,20883.72
2015-07-06,WI_1,HOUSEHOLD,5010.0,19644.82
2015-07-13,WI_1,HOUSEHOLD,5286.0,19748.01
2015-07-20,WI_1,HOUSEHOLD,5034.0,18981.68
2015-07-27,WI_1,HOUSEHOLD,5614.0,20462.31
2015-08-03,WI_1,HOUSEHOLD,5369.0,19291.8
2015-08-10,WI_1,HOUSEHOLD,5307.0,18802.72
2015-08-17,WI_1,HOUSEHOLD,5472.0,19998.62
2015-08-24,WI_1,HOUSEHOLD,5782.0,20940.56
2015-08-31,WI_1,HOUSEHOLD,5214.0,19230.9
2015-09-07,WI_1,HOUSEHOLD,5253.0,19737.61
2015-09-14,WI_1,HOUSEHOLD,4955.0,18587.67
2015-09-21,WI_1,HOUSEHOLD,4766.0,18558.75
2015-09-28,WI_1,HOUSEHOLD,5141.0,19418.24
2015-10-05,WI_1,HOUSEHOLD,5084.0,19100.66
2015-10-12,WI_1,HOUSEHOLD,4819.0,18401.44
2015-10-19,WI_1,HOUSEHOLD,4931.0,18919.74
2015-10-26,WI_1,HOUSEHOLD,4730.0,18343.79
2015-11-02,WI_1,HOUSEHOLD,5074.0,19295.28
2015-11-09,WI_1,HOUSEHOLD,5179.0,19251.61
2015-11-16,WI_1,HOUSEHOLD,4911.0,18301.2
2015-11-23,WI_1,HOUSEHOLD,4623.0,17187.21
2015-11-30,WI_1,HOUSEHOLD,5583.0,21633.65
2015-12-07,WI_1,HOUSEHOLD,4772.0,19119.53
2015-12-14,WI_1,HOUSEHOLD,4836.0,18716.11
2015-12-21,WI_1,HOUSEHOLD,4483.0,16931.42
2015-12-28,WI_1,HOUSEHOLD,5416.0,20212.39
2016-01-04,WI_1,HOUSEHOLD,5480.0,19914.1
2016-01-11,WI_1,HOUSEHOLD,4821.0,18236.19
2016-01-18,WI_1,HOUSEHOLD,4880.0,18836.61
2016-01-25,WI_1,HOUSEHOLD,5129.0,19497.35
2016-02-01,WI_1,HOUSEHOLD,5015.0,19380.83
2016-02-08,WI_1,HOUSEHOLD,5224.0,20173.93
2016-02-15,WI_1,HOUSEHOLD,5529.0,20943.88
2016-02-22,WI_1,HOUSEHOLD,5371.0,20525.06
2016-02-29,WI_1,HOUSEHOLD,5431.0,20932.74
2016-03-07,WI_1,HOUSEHOLD,5165.0,19059.46
2016-03-14,WI_1,HOUSEHOLD,5046.0,19003.85
2016-03-21,WI_1,HOUSEHOLD,4879.0,18780.45
2016-03-28,WI_1,HOUSEHOLD,5808.0,21916.58
2016-04-04,WI_1,HOUSEHOLD,5554.0,21283.87
2016-04-11,WI_1,HOUSEHOLD,5144.0,20115.58
2016-04-18,WI_1,HOUSEHOLD,5249.0,20630.73
2016-04-25,WI_1,HOUSEHOLD,5318.0,20663.12
2016-05-02,WI_1,HOUSEHOLD,5171.0,20289.56
2016-05-09,WI_1,HOUSEHOLD,5688.0,21647.05
2016-05-16,WI_1,HOUSEHOLD,5325.0,20734.18
2011-01-24,WI_2,FOODS,3048.0,5388.14
2011-01-31,WI_2,FOODS,11793.0,22359.04
2011-02-07,WI_2,FOODS,10418.0,22421.42
2011-02-14,WI_2,FOODS,8856.0,19498.13
2011-02-21,WI_2,FOODS,7981.0,17417.34
2011-02-28,WI_2,FOODS,9054.0,19795.99
2011-03-07,WI_2,FOODS,9093.0,19594.44
2011-03-14,WI_2,FOODS,8307.0,18443.44
2011-03-21,WI_2,FOODS,7186.0,15453.52
2011-03-28,WI_2,FOODS,8263.0,17559.94
2011-04-04,WI_2,FOODS,8756.0,18241.45
2011-04-11,WI_2,FOODS,8880.0,18005.17
2011-04-18,WI_2,FOODS,6374.0,13917.58
2011-04-25,WI_2,FOODS,6421.0,13712.41
2011-05-02,WI_2,FOODS,7792.0,16322.22
2011-05-09,WI_2,FOODS,8284.0,17228.73
2011-05-16,WI_2,FOODS,6339.0,14158.72
2011-05-23,WI_2,FOODS,6429.0,13387.07
2011-05-30,WI_2,FOODS,8756.0,17823.65
2011-06-06,WI_2,FOODS,10417.0,20998.57
2011-06-13,WI_2,FOODS,8425.0,17556.28
2011-06-20,WI_2,FOODS,7151.0,14794.65
2011-06-27,WI_2,FOODS,7717.0,16070.8
2011-07-04,WI_2,FOODS,9096.0,18387.37
2011-07-11,WI_2,FOODS,10012.0,20449.1
2011-07-18,WI_2,FOODS,8652.0,17454.49
2011-07-25,WI_2,FOODS,7561.0,15159.82
2011-08-01,WI_2,FOODS,8700.0,17928.77
2011-08-08,WI_2,FOODS,8721.0,18478.07
2011-08-15,WI_2,FOODS,7736.0,16285.86
2011-08-22,WI_2,FOODS,7824.0,16739.35
2011-08-29,WI_2,FOODS,8835.0,17912.76
2011-09-05,WI_2,FOODS,9029.0,18695.98
2011-09-12,WI_2,FOODS,8512.0,17548.95
2011-09-19,WI_2,FOODS,7024.0,14755.32
2011-09-26,WI_2,FOODS,8299.0,16788.77
2011-10-03,WI_2,FOODS,10005.0,19723.54
2011-10-10,WI_2,FOODS,9550.0,19281.08
2011-10-17,WI_2,FOODS,7340.0,15357.01
2011-10-24,WI_2,FOODS,7538.0,15167.78
2011-10-31,WI_2,FOODS,9487.0,18952.9
2011-11-07,WI_2,FOODS,9033.0,18382.35
2011-11-14,WI_2,FOODS,8672.0,18138.17
2011-11-21,WI_2,FOODS,7117.0,14408.54
2011-11-28,WI_2,FOODS,9293.0,18063.67
2011-12-05,WI_2,FOODS,9910.0,19863.65
2011-12-12,WI_2,FOODS,10301.0,21066.82
2011-12-19,WI_2,FOODS,8458.0,17723.94
2011-12-26,WI_2,FOODS,7922.0,16136.74
2012-01-02,WI_2,FOODS,10349.0,21296.66
2012-01-09,WI_2,FOODS,10998.0,22439.0
2012-01-16,WI_2,FOODS,9148.0,19513.98
2012-01-23,WI_2,FOODS,9521.0,18994.35
2012-01-30,WI_2,FOODS,11271.0,22547.2
2012-02-06,WI_2,FOODS,12017.0,24965.33
2012-02-13,WI_2,FOODS,9753.0,21326.36
2012-02-20,WI_2,FOODS,9244.0,18495.87
2012-02-27,WI_2,FOODS,10584.0,21559.74
2012-03-05,WI_2,FOODS,9890.0,21070.17
2012-03-12,WI_2,FOODS,9362.0,19458.94
2012-03-19,WI_2,FOODS,7944.0,16379.03
2012-03-26,WI_2,FOODS,8369.0,17158.6
2012-04-02,WI_2,FOODS,10284.0,21205.59
2012-04-09,WI_2,FOODS,9537.0,20606.86
2012-04-16,WI_2,FOODS,7448.0,15985.55
2012-04-23,WI_2,FOODS,6557.0,13191.57
2012-04-30,WI_2,FOODS,8962.0,20420.16
2012-05-07,WI_2,FOODS,10397.0,24027.03
2012-05-14,WI_2,FOODS,10875.0,24383.06
2012-05-21,WI_2,FOODS,10440.0,23392.57
2012-05-28,WI_2,FOODS,14439.0,31661.47
2012-06-04,WI_2,FOODS,19065.0,43728.75
2012-06-11,WI_2,FOODS,18944.0,43186.99
2012-06-18,WI_2,FOODS,14707.0,31558.16
2012-06-25,WI_2,FOODS,14347.0,31472.53
2012-07-02,WI_2,FOODS,22235.0,51384.83
2012-07-09,WI_2,FOODS,21137.0,51493.05
2012-07-16,WI_2,FOODS,15568.0,35011.76
2012-07-23,WI_2,FOODS,14103.0,30119.36
2012-07-30,WI_2,FOODS,19174.0,41240.29
2012-08-06,WI_2,FOODS,21594.0,50025.01
2012-08-13,WI_2,FOODS,19593.0,43653.73
2012-08-20,WI_2,FOODS,14905.0,33073.85
2012-08-27,WI_2,FOODS,16525.0,36729.03
2012-09-03,WI_2,FOODS,21401.0,52345.16
2012-09-10,WI_2,FOODS,21724.0,50014.76
2012-09-17,WI_2,FOODS,15793.0,36144.41
2012-09-24,WI_2,FOODS,13623.0,30420.93
2012-10-01,WI_2,FOODS,19956.0,45746.16
2012-10-08,WI_2,FOODS,20832.0,48833.89
2012-10-15,WI_2,FOODS,16473.0,37117.52
2012-10-22,WI_2,FOODS,14018.0,29139.82
2012-10-29,WI_2,FOODS,17315.0,37421.45
2012-11-05,WI_2,FOODS,22259.0,51290.08
2012-11-12,WI_2,FOODS,19235.0,46180.81
2012-11-19,WI_2,FOODS,12662.0,28560.17
2012-11-26,WI_2,FOODS,14971.0,33155.23
2012-12-03,WI_2,FOODS,20789.0,48566.73
2012-12-10,WI_2,FOODS,21612.0,49756.18
2012-12-17,WI_2,FOODS,17695.0,40249.02
2012-12-24,WI_2,FOODS,13775.0,29511.7
2012-12-31,WI_2,FOODS,22830.0,48702.21
2013-01-07,WI_2,FOODS,24171.0,53472.96
2013-01-14,WI_2,FOODS,21018.0,49347.2
2013-01-21,WI_2,FOODS,15336.0,35071.49
2013-01-28,WI_2,FOODS,18621.0,40980.16
2013-02-04,WI_2,FOODS,22441.0,54164.46
2013-02-11,WI_2,FOODS,25610.0,58524.6
2013-02-18,WI_2,FOODS,17922.0,40899.93
2013-02-25,WI_2,FOODS,19301.0,44226.99
2013-03-04,WI_2,FOODS,22555.0,52387.32
2013-03-11,WI_2,FOODS,23254.0,56290.84
2013-03-18,WI_2,FOODS,16564.0,39394.94
2013-03-25,WI_2,FOODS,15706.0,35384.11
2013-04-01,WI_2,FOODS,21484.0,49396.36
2013-04-08,WI_2,FOODS,23462.0,54261.72
2013-04-15,WI_2,FOODS,17704.0,42016.44
2013-04-22,WI_2,FOODS,12327.0,29954.74
2013-04-29,WI_2,FOODS,18542.0,42010.74
2013-05-06,WI_2,FOODS,20939.0,50910.8
2013-05-13,WI_2,FOODS,19236.0,47223.76
2013-05-20,WI_2,FOODS,14553.0,34676.98
2013-05-27,WI_2,FOODS,15343.0,36211.44
2013-06-03,WI_2,FOODS,22004.0,52952.02
2013-06-10,WI_2,FOODS,20945.0,52631.36
2013-06-17,WI_2,FOODS,16330.0,37023.2
2013-06-24,WI_2,FOODS,14981.0,33725.18
2013-07-01,WI_2,FOODS,20301.0,48188.92
2013-07-08,WI_2,FOODS,24218.0,55574.17
2013-07-15,WI_2,FOODS,19410.0,44486.14
2013-07-22,WI_2,FOODS,14063.0,31946.49
2013-07-29,WI_2,FOODS,17110.0,38702.75
2013-08-05,WI_2,FOODS,22488.0,52277.56
2013-08-12,WI_2,FOODS,22380.0,49156.1
2013-08-19,WI_2,FOODS,15276.0,34053.95
2013-08-26,WI_2,FOODS,17312.0,37486.05
2013-09-02,WI_2,FOODS,23860.0,55051.57
2013-09-09,WI_2,FOODS,26031.0,59287.95
2013-09-16,WI_2,FOODS,18732.0,41242.35
2013-09-23,WI_2,FOODS,17330.0,36333.8
2013-09-30,WI_2,FOODS,22665.0,51465.53
2013-10-07,WI_2,FOODS,24180.0,59447.36
2013-10-14,WI_2,FOODS,21100.0,50184.84
2013-10-21,WI_2,FOODS,16451.0,37025.49
2013-10-28,WI_2,FOODS,19457.0,41366.46
2013-11-04,WI_2,FOODS,23376.0,55477.1
2013-11-11,WI_2,FOODS,23093.0,52975.58
2013-11-18,WI_2,FOODS,17705.0,38705.89
2013-11-25,WI_2,FOODS,14574.0,31105.15
2013-12-02,WI_2,FOODS,23677.0,54019.89
2013-12-09,WI_2,FOODS,25427.0,60222.77
2013-12-16,WI_2,FOODS,18268.0,42940.9
2013-12-23,WI_2,FOODS,13727.0,29272.42
2013-12-30,WI_2,FOODS,21840.0,49868.48
2014-01-06,WI_2,FOODS,22894.0,53343.26
2014-01-13,WI_2,FOODS,21539.0,50183.87
2014-01-20,WI_2,FOODS,16568.0,37225.67
2014-01-27,WI_2,FOODS,19353.0,40975.86
2014-02-03,WI_2,FOODS,26220.0,57737.4
2014-02-10,WI_2,FOODS,25207.0,58975.3
2014-02-17,WI_2,FOODS,19192.0,44447.35
2014-02-24,WI_2,FOODS,19099.0,44344.63
2014-03-03,WI_2,FOODS,25349.0,59432.16
2014-03-10,WI_2,FOODS,23904.0,61507.31
2014-03-17,WI_2,FOODS,17426.0,42015.6
2014-03-24,WI_2,FOODS,16953.0,38979.79
2014-03-31,WI_2,FOODS,24408.0,54340.81
2014-04-07,WI_2,FOODS,24686.0,56582.65
2014-04-14,WI_2,FOODS,21007.0,50672.06
2014-04-21,WI_2,FOODS,17263.0,39579.32
2014-04-28,WI_2,FOODS,19479.0,46250.09
2014-05-05,WI_2,FOODS,21534.0,55569.84
2014-05-12,WI_2,FOODS,22795.0,59318.82
2014-05-19,WI_2,FOODS,16322.0,38607.35
2014-05-26,WI_2,FOODS,15339.0,35760.26
2014-06-02,WI_2,FOODS,24466.0,58233.13
2014-06-09,WI_2,FOODS,24841.0,60475.49
2014-06-16,WI_2,FOODS,19048.0,44861.8
2014-06-23,WI_2,FOODS,15773.0,36209.63
2014-06-30,WI_2,FOODS,23173.0,54637.09
2014-07-07,WI_2,FOODS,24854.0,58196.38
2014-07-14,WI_2,FOODS,21647.0,46483.64
2014-07-21,WI_2,FOODS,16254.0,34331.99
2014-07-28,WI_2,FOODS,19290.0,41984.26
2014-08-04,WI_2,FOODS,23303.0,50895.1
2014-08-11,WI_2,FOODS,24403.0,52563.36
2014-08-18,WI_2,FOODS,17698.0,40037.25
2014-08-25,WI_2,FOODS,17927.0,41127.87
2014-09-01,WI_2,FOODS,24044.0,55230.87
2014-09-08,WI_2,FOODS,24155.0,59994.94
2014-09-15,WI_2,FOODS,18558.0,46573.16
2014-09-22,WI_2,FOODS,16193.0,38623.53
2014-09-29,WI_2,FOODS,21621.0,53215.27
2014-10-06,WI_2,FOODS,25229.0,67870.31
2014-10-13,WI_2,FOODS,22363.0,59760.22
2014-10-20,WI_2,FOODS,16649.0,42094.97
2014-10-27,WI_2,FOODS,17728.0,44011.69
2014-11-03,WI_2,FOODS,25425.0,69492.92
2014-11-10,WI_2,FOODS,25068.0,64447.49
2014-11-17,WI_2,FOODS,17274.0,44174.7
2014-11-24,WI_2,FOODS,14372.0,35304.85
2014-12-01,WI_2,FOODS,23305.0,61346.38
2014-12-08,WI_2,FOODS,23677.0,63875.32
2014-12-15,WI_2,FOODS,18520.0,49693.57
2014-12-22,WI_2,FOODS,13072.0,33246.76
2014-12-29,WI_2,FOODS,19355.0,50010.47
2015-01-05,WI_2,FOODS,24966.0,67404.17
2015-01-12,WI_2,FOODS,24586.0,60304.89
2015-01-19,WI_2,FOODS,16067.0,39819.11
2015-01-26,WI_2,FOODS,17785.0,43738.32
2015-02-02,WI_2,FOODS,26020.0,65562.98
2015-02-09,WI_2,FOODS,24107.0,64581.79
2015-02-16,WI_2,FOODS,18212.0,48172.56
2015-02-23,WI_2,FOODS,16189.0,40472.28
2015-03-02,WI_2,FOODS,23177.0,60055.3
2015-03-09,WI_2,FOODS,22246.0,63109.77
2015-03-16,WI_2,FOODS,16580.0,44636.77
2015-03-23,WI_2,FOODS,16354.0,39751.13
2015-03-30,WI_2,FOODS,18429.0,48174.57
2015-04-06,WI_2,FOODS,22576.0,62681.24
2015-04-13,WI_2,FOODS,20379.0,53483.16
2015-04-20,WI_2,FOODS,16762.0,43438.18
2015-04-27,WI_2,FOODS,19728.0,49067.43
2015-05-04,WI_2,FOODS,22552.0,59146.77
2015-05-11,WI_2,FOODS,22309.0,60282.21
2015-05-18,WI_2,FOODS,16035.0,41654.86
2015-05-25,WI_2,FOODS,14979.0,36577.89
2015-06-01,WI_2,FOODS,22900.0,55406.59
2015-06-08,WI_2,FOODS,24531.0,59697.19
2015-06-15,WI_2,FOODS,19777.0,47331.88
2015-06-22,WI_2,FOODS,14970.0,35621.01
2015-06-29,WI_2,FOODS,19778.0,47150.85
2015-07-06,WI_2,FOODS,24963.0,62057.0
2015-07-13,WI_2,FOODS,21553.0,55616.54
2015-07-20,WI_2,FOODS,16560.0,40334.13
2015-07-27,WI_2,FOODS,17411.0,40041.84
2015-08-03,WI_2,FOODS,24456.0,60432.25
2015-08-10,WI_2,FOODS,23015.0,58976.77
2015-08-17,WI_2,FOODS,17801.0,43483.1
2015-08-24,WI_2,FOODS,17010.0,42685.99
2015-08-31,WI_2,FOODS,23827.0,58789.8
2015-09-07,WI_2,FOODS,25859.0,64511.48
2015-09-14,WI_2,FOODS,22622.0,57709.53
2015-09-21,WI_2,FOODS,18084.0,44923.72
2015-09-28,WI_2,FOODS,21758.0,56223.51
2015-10-05,WI_2,FOODS,26364.0,74787.06
2015-10-12,WI_2,FOODS,24200.0,69397.94
2015-10-19,WI_2,FOODS,17861.0,46992.61
2015-10-26,WI_2,FOODS,17608.0,45837.7
2015-11-02,WI_2,FOODS,23285.0,67469.71
2015-11-09,WI_2,FOODS,24874.0,66581.5
2015-11-16,WI_2,FOODS,18444.0,50640.84
2015-11-23,WI_2,FOODS,14331.0,37112.13
2015-11-30,WI_2,FOODS,22766.0,60686.52
2015-12-07,WI_2,FOODS,23721.0,65988.58
2015-12-14,WI_2,FOODS,20730.0,58212.36
2015-12-21,WI_2,FOODS,14233.0,36764.25
2015-12-28,WI_2,FOODS,20340.0,55040.52
2016-01-04,WI_2,FOODS,25482.0,72189.72
2016-01-11,WI_2,FOODS,26996.0,77463.52
2016-01-18,WI_2,FOODS,20426.0,54853.95
2016-01-25,WI_2,FOODS,19388.0,52537.05
2016-02-01,WI_2,FOODS,27215.0,76058.75
2016-02-08,WI_2,FOODS,29291.0,85103.74
2016-02-15,WI_2,FOODS,27199.0,70250.6
2016-02-22,WI_2,FOODS,20828.0,53375.0
2016-02-29,WI_2,FOODS,28467.0,76009.26
2016-03-07,WI_2,FOODS,28999.0,77690.49
2016-03-14,WI_2,FOODS,27789.0,74023.52
2016-03-21,WI_2,FOODS,22296.0,55986.06
2016-03-28,WI_2,FOODS,24749.0,63374.34
2016-04-04,WI_2,FOODS,32520.0,87426.75
2016-04-11,WI_2,FOODS,30631.0,84529.12
2016-04-18,WI_2,FOODS,23400.0,60885.76
2016-04-25,WI_2,FOODS,22566.0,57644.01
2016-05-02,WI_2,FOODS,31758.0,83054.66
2016-05-09,WI_2,FOODS,35664.0,95506.05
2016-05-16,WI_2,FOODS,24145.0,63111.49
2011-01-24,WI_2,HOBBIES,317.0,1033.52
2011-01-31,WI_2,HOBBIES,851.0,3088.93
2011-02-07,WI_2,HOBBIES,852.0,3040.16
2011-02-14,WI_2,HOBBIES,871.0,3230.82
2011-02-21,WI_2,HOBBIES,787.0,2748.42
2011-02-28,WI_2,HOBBIES,640.0,3054.2
2011-03-07,WI_2,HOBBIES,921.0,3174.18
2011-03-14,WI_2,HOBBIES,806.0,2975.49
2011-03-21,WI_2,HOBBIES,783.0,2899.66
2011-03-28,WI_2,HOBBIES,926.0,2827.1
2011-04-04,WI_2,HOBBIES,966.0,2888.12
2011-04-11,WI_2,HOBBIES,840.0,3056.66
2011-04-18,WI_2,HOBBIES,787.0,3187.78
2011-04-25,WI_2,HOBBIES,917.0,3253.94
2011-05-02,WI_2,HOBBIES,913.0,3044.52
2011-05-09,WI_2,HOBBIES,796.0,2810.18
2011-05-16,WI_2,HOBBIES,849.0,2863.01
2011-05-23,WI_2,HOBBIES,832.0,3160.51
2011-05-30,WI_2,HOBBIES,795.0,3272.78
2011-06-06,WI_2,HOBBIES,833.0,2877.63
2011-06-13,WI_2,HOBBIES,783.0,2666.27
2011-06-20,WI_2,HOBBIES,1004.0,3071.81
2011-06-27,WI_2,HOBBIES,945.0,3187.52
2011-07-04,WI_2,HOBBIES,796.0,2808.22
2011-07-11,WI_2,HOBBIES,906.0,2899.53
2011-07-18,WI_2,HOBBIES,858.0,3157.63
2011-07-25,WI_2,HOBBIES,997.0,2891.95
2011-08-01,WI_2,HOBBIES,882.0,2873.78
2011-08-08,WI_2,HOBBIES,821.0,2634.65
2011-08-15,WI_2,HOBBIES,829.0,2627.99
2011-08-22,WI_2,HOBBIES,902.0,2463.22
2011-08-29,WI_2,HOBBIES,732.0,2626.44
2011-09-05,WI_2,HOBBIES,925.0,2596.04
2011-09-12,WI_2,HOBBIES,671.0,2371.16
2011-09-19,WI_2,HOBBIES,724.0,2363.14
2011-09-26,WI_2,HOBBIES,883.0,2896.59
2011-10-03,WI_2,HOBBIES,851.0,2404.18
2011-10-10,WI_2,HOBBIES,825.0,2305.86
2011-10-17,WI_2,HOBBIES,856.0,2197.76
2011-10-24,WI_2,HOBBIES,782.0,1966.98
2011-10-31,WI_2,HOBBIES,929.0,2578.84
2011-11-07,WI_2,HOBBIES,756.0,1893.31
2011-11-14,WI_2,HOBBIES,880.0,2049.09
2011-11-21,WI_2,HOBBIES,706.0,1778.98
2011-11-28,WI_2,HOBBIES,963.0,2733.04
2011-12-05,WI_2,HOBBIES,810.0,2150.77
2011-12-12,WI_2,HOBBIES,894.0,2493.17
2011-12-19,WI_2,HOBBIES,764.0,2067.4
2011-12-26,WI_2,HOBBIES,784.0,2483.97
2012-01-02,WI_2,HOBBIES,1021.0,2543.78
2012-01-09,WI_2,HOBBIES,799.0,2389.92
2012-01-16,WI_2,HOBBIES,765.0,2504.9
2012-01-23,WI_2,HOBBIES,806.0,2465.51
2012-01-30,WI_2,HOBBIES,1021.0,3458.26
2012-02-06,WI_2,HOBBIES,791.0,2607.25
2012-02-13,WI_2,HOBBIES,919.0,2902.19
2012-02-20,WI_2,HOBBIES,722.0,2333.03
2012-02-27,WI_2,HOBBIES,872.0,2951.29
2012-03-05,WI_2,HOBBIES,838.0,2843.11
2012-03-12,WI_2,HOBBIES,703.0,2540.09
2012-03-19,WI_2,HOBBIES,916.0,2949.62
2012-03-26,WI_2,HOBBIES,833.0,3093.54
2012-04-02,WI_2,HOBBIES,760.0,2675.86
2012-04-09,WI_2,HOBBIES,819.0,2792.57
2012-04-16,WI_2,HOBBIES,874.0,2944.55
2012-04-23,WI_2,HOBBIES,853.0,2797.08
2012-04-30,WI_2,HOBBIES,941.0,3426.25
2012-05-07,WI_2,HOBBIES,915.0,2770.87
2012-05-14,WI_2,HOBBIES,1028.0,3376.2
2012-05-21,WI_2,HOBBIES,1048.0,3786.73
2012-05-28,WI_2,HOBBIES,1212.0,4071.9
2012-06-04,WI_2,HOBBIES,1080.0,3788.17
2012-06-11,WI_2,HOBBIES,1143.0,3929.08
2012-06-18,WI_2,HOBBIES,1103.0,3655.48
2012-06-25,WI_2,HOBBIES,1119.0,4478.83
2012-07-02,WI_2,HOBBIES,942.0,4106.4
2012-07-09,WI_2,HOBBIES,1142.0,4612.39
2012-07-16,WI_2,HOBBIES,1096.0,4239.33
2012-07-23,WI_2,HOBBIES,1116.0,4370.1
2012-07-30,WI_2,HOBBIES,1003.0,4674.63
2012-08-06,WI_2,HOBBIES,929.0,4047.07
2012-08-13,WI_2,HOBBIES,878.0,4125.15
2012-08-20,WI_2,HOBBIES,941.0,4362.32
2012-08-27,WI_2,HOBBIES,1192.0,5148.73
2012-09-03,WI_2,HOBBIES,1146.0,4918.36
2012-09-10,WI_2,HOBBIES,1174.0,4809.72
2012-09-17,WI_2,HOBBIES,1167.0,4697.53
2012-09-24,WI_2,HOBBIES,1044.0,4463.95
2012-10-01,WI_2,HOBBIES,1256.0,5671.57
2012-10-08,WI_2,HOBBIES,1100.0,4856.6
2012-10-15,WI_2,HOBBIES,991.0,4822.53
2012-10-22,WI_2,HOBBIES,1084.0,4940.09
2012-10-29,WI_2,HOBBIES,1262.0,5681.07
2012-11-05,WI_2,HOBBIES,931.0,4464.1
2012-11-12,WI_2,HOBBIES,1048.0,4658.72
2012-11-19,WI_2,HOBBIES,878.0,3953.71
2012-11-26,WI_2,HOBBIES,1029.0,4968.25
2012-12-03,WI_2,HOBBIES,1189.0,5508.2
2012-12-10,WI_2,HOBBIES,1104.0,4950.33
2012-12-17,WI_2,HOBBIES,1195.0,5445.79
2012-12-24,WI_2,HOBBIES,770.0,4007.19
2012-12-31,WI_2,HOBBIES,1077.0,5387.77
2013-01-07,WI_2,HOBBIES,1008.0,4578.79
2013-01-14,WI_2,HOBBIES,946.0,4929.46
2013-01-21,WI_2,HOBBIES,1444.0,4919.13
2013-01-28,WI_2,HOBBIES,1706.0,6158.71
2013-02-04,WI_2,HOBBIES,1280.0,5654.38
2013-02-11,WI_2,HOBBIES,1882.0,6462.32
2013-02-18,WI_2,HOBBIES,1547.0,5557.81
2013-02-25,WI_2,HOBBIES,1769.0,6236.28
2013-03-04,WI_2,HOBBIES,1390.0,5927.38
2013-03-11,WI_2,HOBBIES,1623.0,5041.5
2013-03-18,WI_2,HOBBIES,1532.0,4989.67
2013-03-25,WI_2,HOBBIES,1220.0,5206.92
2013-04-01,WI_2,HOBBIES,1757.0,6127.23
2013-04-08,WI_2,HOBBIES,1765.0,5533.35
2013-04-15,WI_2,HOBBIES,1538.0,5235.33
2013-04-22,WI_2,HOBBIES,1618.0,5537.45
2013-04-29,WI_2,HOBBIES,1315.0,5061.83
2013-05-06,WI_2,HOBBIES,1637.0,5312.01
2013-05-13,WI_2,HOBBIES,1709.0,5224.35
2013-05-20,WI_2,HOBBIES,1574.0,5207.6
2013-05-27,WI_2,HOBBIES,1723.0,5608.25
2013-06-03,WI_2,HOBBIES,1874.0,5790.89
2013-06-10,WI_2,HOBBIES,1817.0,5849.11
2013-06-17,WI_2,HOBBIES,1574.0,4831.96
2013-06-24,WI_2,HOBBIES,1725.0,5857.03
2013-07-01,WI_2,HOBBIES,1628.0,5342.05
2013-07-08,WI_2,HOBBIES,1501.0,5302.14
2013-07-15,WI_2,HOBBIES,1355.0,4746.27
2013-07-22,WI_2,HOBBIES,1424.0,5292.73
2013-07-29,WI_2,HOBBIES,1487.0,6183.46
2013-08-05,WI_2,HOBBIES,1311.0,5034.34
2013-08-12,WI_2,HOBBIES,1406.0,5937.64
2013-08-19,WI_2,HOBBIES,1416.0,5138.17
2013-08-26,WI_2,HOBBIES,1533.0,6027.91
2013-09-02,WI_2,HOBBIES,1007.0,5004.59
2013-09-09,WI_2,HOBBIES,1534.0,6045.22
2013-09-16,WI_2,HOBBIES,1400.0,5178.43
2013-09-23,WI_2,HOBBIES,1557.0,5481.24
2013-09-30,WI_2,HOBBIES,2086.0,6876.55
2013-10-07,WI_2,HOBBIES,1573.0,5777.91
2013-10-14,WI_2,HOBBIES,1697.0,5954.79
2013-10-21,WI_2,HOBBIES,1791.0,5769.12
2013-10-28,WI_2,HOBBIES,1949.0,6658.1
2013-11-04,WI_2,HOBBIES,1543.0,5130.38
2013-11-11,WI_2,HOBBIES,1487.0,5628.46
2013-11-18,WI_2,HOBBIES,1727.0,5600.64
2013-11-25,WI_2,HOBBIES,1509.0,4986.24
2013-12-02,WI_2,HOBBIES,1741.0,5629.67
2013-12-09,WI_2,HOBBIES,1665.0,5649.79
2013-12-16,WI_2,HOBBIES,1598.0,5987.72
2013-12-23,WI_2,HOBBIES,1381.0,4695.06
2013-12-30,WI_2,HOBBIES,1642.0,5657.78
2014-01-06,WI_2,HOBBIES,1536.0,5109.58
2014-01-13,WI_2,HOBBIES,1690.0,5930.72
2014-01-20,WI_2,HOBBIES,1444.0,5032.87
2014-01-27,WI_2,HOBBIES,1684.0,5393.65
2014-02-03,WI_2,HOBBIES,1666.0,6038.93
2014-02-10,WI_2,HOBBIES,1621.0,6174.97
2014-02-17,WI_2,HOBBIES,1614.0,5369.76
2014-02-24,WI_2,HOBBIES,1728.0,6035.61
2014-03-03,WI_2,HOBBIES,1683.0,6210.22
2014-03-10,WI_2,HOBBIES,1752.0,5395.11
2014-03-17,WI_2,HOBBIES,1525.0,5536.99
2014-03-24,WI_2,HOBBIES,1472.0,5859.97
2014-03-31,WI_2,HOBBIES,1495.0,6052.55
2014-04-07,WI_2,HOBBIES,1598.0,5724.58
2014-04-14,WI_2,HOBBIES,1521.0,5833.88
2014-04-21,WI_2,HOBBIES,1419.0,5869.25
2014-04-28,WI_2,HOBBIES,1546.0,5821.77
2014-05-05,WI_2,HOBBIES,1499.0,5647.69
2014-05-12,WI_2,HOBBIES,1436.0,5805.66
2014-05-19,WI_2,HOBBIES,1605.0,5943.16
2014-05-26,WI_2,HOBBIES,1738.0,6482.19
2014-06-02,WI_2,HOBBIES,1603.0,6452.37
2014-06-09,WI_2,HOBBIES,1611.0,6760.87
2014-06-16,WI_2,HOBBIES,1408.0,6042.19
2014-06-23,WI_2,HOBBIES,1323.0,5885.97
2014-06-30,WI_2,HOBBIES,1512.0,6460.12
2014-07-07,WI_2,HOBBIES,1489.0,6203.15
2014-07-14,WI_2,HOBBIES,1440.0,5971.33
2014-07-21,WI_2,HOBBIES,1331.0,5140.96
2014-07-28,WI_2,HOBBIES,1634.0,6668.57
2014-08-04,WI_2,HOBBIES,1426.0,5705.85
2014-08-11,WI_2,HOBBIES,1339.0,5660.44
2014-08-18,WI_2,HOBBIES,1202.0,5884.0
2014-08-25,WI_2,HOBBIES,1457.0,6545.87
2014-09-01,WI_2,HOBBIES,1355.0,6314.68
2014-09-08,WI_2,HOBBIES,1358.0,6364.12
2014-09-15,WI_2,HOBBIES,1326.0,5892.17
2014-09-22,WI_2,HOBBIES,1468.0,6173.73
2014-09-29,WI_2,HOBBIES,1632.0,7179.74
2014-10-06,WI_2,HOBBIES,1503.0,6240.49
2014-10-13,WI_2,HOBBIES,1643.0,6862.42
2014-10-20,WI_2,HOBBIES,1503.0,6129.39
2014-10-27,WI_2,HOBBIES,1893.0,7595.29
2014-11-03,WI_2,HOBBIES,1380.0,6275.72
2014-11-10,WI_2,HOBBIES,1341.0,6026.74
2014-11-17,WI_2,HOBBIES,1500.0,6457.85
2014-11-24,WI_2,HOBBIES,1212.0,5279.47
2014-12-01,WI_2,HOBBIES,1649.0,6823.31
2014-12-08,WI_2,HOBBIES,1409.0,5718.03
2014-12-15,WI_2,HOBBIES,1437.0,6497.11
2014-12-22,WI_2,HOBBIES,1182.0,5136.27
2014-12-29,WI_2,HOBBIES,1509.0,6581.96
2015-01-05,WI_2,HOBBIES,1112.0,5555.62
2015-01-12,WI_2,HOBBIES,1244.0,5470.78
2015-01-19,WI_2,HOBBIES,1561.0,5707.53
2015-01-26,WI_2,HOBBIES,1663.0,6532.52
2015-02-02,WI_2,HOBBIES,1904.0,7333.71
2015-02-09,WI_2,HOBBIES,1679.0,7156.59
2015-02-16,WI_2,HOBBIES,1706.0,7452.2
2015-02-23,WI_2,HOBBIES,1580.0,7369.97
2015-03-02,WI_2,HOBBIES,1694.0,6840.06
2015-03-09,WI_2,HOBBIES,1624.0,6652.31
2015-03-16,WI_2,HOBBIES,1662.0,6751.86
2015-03-23,WI_2,HOBBIES,1465.0,6273.42
2015-03-30,WI_2,HOBBIES,1720.0,7276.72
2015-04-06,WI_2,HOBBIES,1634.0,6787.57
2015-04-13,WI_2,HOBBIES,1436.0,5988.87
2015-04-20,WI_2,HOBBIES,1573.0,6589.18
2015-04-27,WI_2,HOBBIES,1560.0,6294.87
2015-05-04,WI_2,HOBBIES,1570.0,5874.83
2015-05-11,WI_2,HOBBIES,1565.0,6291.19
2015-05-18,WI_2,HOBBIES,1683.0,6118.86
2015-05-25,WI_2,HOBBIES,1659.0,6991.65
2015-06-01,WI_2,HOBBIES,1744.0,7379.0
2015-06-08,WI_2,HOBBIES,1644.0,6477.66
2015-06-15,WI_2,HOBBIES,1581.0,6636.59
2015-06-22,WI_2,HOBBIES,1579.0,6467.15
2015-06-29,WI_2,HOBBIES,1880.0,7543.11
2015-07-06,WI_2,HOBBIES,1638.0,6259.07
2015-07-13,WI_2,HOBBIES,1613.0,6545.87
2015-07-20,WI_2,HOBBIES,1554.0,5953.92
2015-07-27,WI_2,HOBBIES,1770.0,6888.0
2015-08-03,WI_2,HOBBIES,1890.0,7477.94
2015-08-10,WI_2,HOBBIES,1589.0,6269.4
2015-08-17,WI_2,HOBBIES,1716.0,6383.57
2015-08-24,WI_2,HOBBIES,1670.0,6907.46
2015-08-31,WI_2,HOBBIES,1960.0,7502.05
2015-09-07,WI_2,HOBBIES,1713.0,6855.91
2015-09-14,WI_2,HOBBIES,1527.0,6128.69
2015-09-21,WI_2,HOBBIES,1709.0,6926.38
2015-09-28,WI_2,HOBBIES,1851.0,7669.3
2015-10-05,WI_2,HOBBIES,1717.0,6568.03
2015-10-12,WI_2,HOBBIES,1851.0,7190.0
2015-10-19,WI_2,HOBBIES,1936.0,6549.96
2015-10-26,WI_2,HOBBIES,2102.0,7690.68
2015-11-02,WI_2,HOBBIES,1882.0,7412.89
2015-11-09,WI_2,HOBBIES,1628.0,6213.89
2015-11-16,WI_2,HOBBIES,1917.0,7350.55
2015-11-23,WI_2,HOBBIES,1558.0,5622.0
2015-11-30,WI_2,HOBBIES,1955.0,8387.5
2015-12-07,WI_2,HOBBIES,1867.0,6481.86
2015-12-14,WI_2,HOBBIES,1906.0,7431.25
2015-12-21,WI_2,HOBBIES,1420.0,5759.84
2015-12-28,WI_2,HOBBIES,1764.0,7312.38
2016-01-04,WI_2,HOBBIES,1542.0,6396.27
2016-01-11,WI_2,HOBBIES,1560.0,6615.57
2016-01-18,WI_2,HOBBIES,1537.0,6013.18
2016-01-25,WI_2,HOBBIES,1769.0,7475.17
2016-02-01,WI_2,HOBBIES,2072.0,8737.35
2016-02-08,WI_2,HOBBIES,2034.0,8181.48
2016-02-15,WI_2,HOBBIES,1828.0,7473.56
2016-02-22,WI_2,HOBBIES,1984.0,8118.99
2016-02-29,WI_2,HOBBIES,2081.0,8663.84
2016-03-07,WI_2,HOBBIES,2079.0,8180.9
2016-03-14,WI_2,HOBBIES,1846.0,7427.53
2016-03-21,WI_2,HOBBIES,1729.0,7734.41
2016-03-28,WI_2,HOBBIES,2187.0,8517.86
2016-04-04,WI_2,HOBBIES,2173.0,8435.19
2016-04-11,WI_2,HOBBIES,1851.0,7347.35
2016-04-18,WI_2,HOBBIES,1924.0,7780.44
2016-04-25,WI_2,HOBBIES,2128.0,8957.98
2016-05-02,WI_2,HOBBIES,2027.0,8105.56
2016-05-09,WI_2,HOBBIES,2112.0,8509.19
2016-05-16,WI_2,HOBBIES,2137.0,8446.31
2011-01-24,WI_2,HOUSEHOLD,813.0,3666.66
2011-01-31,WI_2,HOUSEHOLD,2330.0,9526.26
2011-02-07,WI_2,HOUSEHOLD,2516.0,10609.56
2011-02-14,WI_2,HOUSEHOLD,2590.0,10722.04
2011-02-21,WI_2,HOUSEHOLD,2344.0,9690.43
2011-02-28,WI_2,HOUSEHOLD,2711.0,10748.23
2011-03-07,WI_2,HOUSEHOLD,2420.0,9602.53
2011-03-14,WI_2,HOUSEHOLD,2654.0,9266.5
2011-03-21,WI_2,HOUSEHOLD,2319.0,8322.55
2011-03-28,WI_2,HOUSEHOLD,2842.0,10776.67
2011-04-04,WI_2,HOUSEHOLD,2090.0,8070.35
2011-04-11,WI_2,HOUSEHOLD,2140.0,8595.31
2011-04-18,WI_2,HOUSEHOLD,1985.0,7917.29
2011-04-25,WI_2,HOUSEHOLD,2859.0,10738.75
2011-05-02,WI_2,HOUSEHOLD,2160.0,7808.02
2011-05-09,WI_2,HOUSEHOLD,2343.0,8725.22
2011-05-16,WI_2,HOUSEHOLD,2152.0,8014.86
2011-05-23,WI_2,HOUSEHOLD,2273.0,8127.62
2011-05-30,WI_2,HOUSEHOLD,2798.0,10520.36
2011-06-06,WI_2,HOUSEHOLD,2473.0,9685.96
2011-06-13,WI_2,HOUSEHOLD,2245.0,8396.34
2011-06-20,WI_2,HOUSEHOLD,2482.0,9106.47
2011-06-27,WI_2,HOUSEHOLD,2576.0,9600.28
2011-07-04,WI_2,HOUSEHOLD,2446.0,9334.09
2011-07-11,WI_2,HOUSEHOLD,2337.0,9309.17
2011-07-18,WI_2,HOUSEHOLD,2313.0,8850.71
2011-07-25,WI_2,HOUSEHOLD,2475.0,9732.27
2011-08-01,WI_2,HOUSEHOLD,2722.0,10689.57
2011-08-08,WI_2,HOUSEHOLD,2299.0,8628.62
2011-08-15,WI_2,HOUSEHOLD,2475.0,9302.6
2011-08-22,WI_2,HOUSEHOLD,2526.0,9621.18
2011-08-29,WI_2,HOUSEHOLD,2805.0,10337.2
2011-09-05,WI_2,HOUSEHOLD,2586.0,10881.08
2011-09-12,WI_2,HOUSEHOLD,2632.0,10649.92
2011-09-19,WI_2,HOUSEHOLD,2330.0,9243.25
2011-09-26,WI_2,HOUSEHOLD,2803.0,11288.75
2011-10-03,WI_2,HOUSEHOLD,2218.0,8870.37
2011-10-10,WI_2,HOUSEHOLD,2517.0,10243.46
2011-10-17,WI_2,HOUSEHOLD,2108.0,8740.24
2011-10-24,WI_2,HOUSEHOLD,2244.0,9615.08
2011-10-31,WI_2,HOUSEHOLD,2796.0,11801.08
2011-11-07,WI_2,HOUSEHOLD,2240.0,8593.61
2011-11-14,WI_2,HOUSEHOLD,2134.0,8453.68
2011-11-21,WI_2,HOUSEHOLD,1945.0,7720.94
2011-11-28,WI_2,HOUSEHOLD,2658.0,10486.28
2011-12-05,WI_2,HOUSEHOLD,2163.0,8572.18
2011-12-12,WI_2,HOUSEHOLD,2003.0,7458.34
2011-12-19,WI_2,HOUSEHOLD,1666.0,6474.22
2011-12-26,WI_2,HOUSEHOLD,2739.0,10073.62
2012-01-02,WI_2,HOUSEHOLD,2563.0,9558.51
2012-01-09,WI_2,HOUSEHOLD,2108.0,8016.61
2012-01-16,WI_2,HOUSEHOLD,2623.0,9967.73
2012-01-23,WI_2,HOUSEHOLD,2284.0,9401.89
2012-01-30,WI_2,HOUSEHOLD,3277.0,13658.39
2012-02-06,WI_2,HOUSEHOLD,2916.0,12211.54
2012-02-13,WI_2,HOUSEHOLD,2504.0,10480.69
2012-02-20,WI_2,HOUSEHOLD,2438.0,10308.91
2012-02-27,WI_2,HOUSEHOLD,2817.0,11592.55
2012-03-05,WI_2,HOUSEHOLD,2890.0,10477.89
2012-03-12,WI_2,HOUSEHOLD,2421.0,9235.41
2012-03-19,WI_2,HOUSEHOLD,2431.0,9283.56
2012-03-26,WI_2,HOUSEHOLD,2770.0,11265.67
2012-04-02,WI_2,HOUSEHOLD,2326.0,9551.42
2012-04-09,WI_2,HOUSEHOLD,2344.0,9902.0
2012-04-16,WI_2,HOUSEHOLD,2112.0,8730.67
2012-04-23,WI_2,HOUSEHOLD,2178.0,9119.48
2012-04-30,WI_2,HOUSEHOLD,2899.0,11948.07
2012-05-07,WI_2,HOUSEHOLD,2096.0,8359.55
2012-05-14,WI_2,HOUSEHOLD,2392.0,9644.19
2012-05-21,WI_2,HOUSEHOLD,2791.0,11107.54
2012-05-28,WI_2,HOUSEHOLD,4264.0,16084.54
2012-06-04,WI_2,HOUSEHOLD,3625.0,14268.05
2012-06-11,WI_2,HOUSEHOLD,4264.0,13575.92
2012-06-18,WI_2,HOUSEHOLD,4284.0,13940.07
2012-06-25,WI_2,HOUSEHOLD,5187.0,16645.91
2012-07-02,WI_2,HOUSEHOLD,4970.0,15560.41
2012-07-09,WI_2,HOUSEHOLD,4338.0,14240.23
2012-07-16,WI_2,HOUSEHOLD,4229.0,14496.82
2012-07-23,WI_2,HOUSEHOLD,4010.0,13880.8
2012-07-30,WI_2,HOUSEHOLD,5892.0,20622.58
2012-08-06,WI_2,HOUSEHOLD,5155.0,16904.46
2012-08-13,WI_2,HOUSEHOLD,4995.0,16897.02
2012-08-20,WI_2,HOUSEHOLD,4697.0,16658.61
2012-08-27,WI_2,HOUSEHOLD,7118.0,24600.32
2012-09-03,WI_2,HOUSEHOLD,5842.0,19830.88
2012-09-10,WI_2,HOUSEHOLD,5683.0,19408.1
2012-09-17,WI_2,HOUSEHOLD,5793.0,18582.84
2012-09-24,WI_2,HOUSEHOLD,5777.0,19500.24
2012-10-01,WI_2,HOUSEHOLD,6074.0,21474.75
2012-10-08,WI_2,HOUSEHOLD,5702.0,18827.89
2012-10-15,WI_2,HOUSEHOLD,5212.0,18352.66
2012-10-22,WI_2,HOUSEHOLD,4545.0,16416.75
2012-10-29,WI_2,HOUSEHOLD,5813.0,20177.29
2012-11-05,WI_2,HOUSEHOLD,5041.0,18065.5
2012-11-12,WI_2,HOUSEHOLD,4689.0,16536.08
2012-11-19,WI_2,HOUSEHOLD,4323.0,15261.29
2012-11-26,WI_2,HOUSEHOLD,5813.0,20364.81
2012-12-03,WI_2,HOUSEHOLD,5123.0,18186.3
2012-12-10,WI_2,HOUSEHOLD,4278.0,14968.74
2012-12-17,WI_2,HOUSEHOLD,4415.0,16122.12
2012-12-24,WI_2,HOUSEHOLD,4399.0,15563.86
2012-12-31,WI_2,HOUSEHOLD,6149.0,19300.1
2013-01-07,WI_2,HOUSEHOLD,4577.0,15966.48
2013-01-14,WI_2,HOUSEHOLD,4629.0,17212.03
2013-01-21,WI_2,HOUSEHOLD,4144.0,15133.53
2013-01-28,WI_2,HOUSEHOLD,6011.0,22323.61
2013-02-04,WI_2,HOUSEHOLD,5572.0,20549.07
2013-02-11,WI_2,HOUSEHOLD,7957.0,23843.56
2013-02-18,WI_2,HOUSEHOLD,6353.0,20740.94
2013-02-25,WI_2,HOUSEHOLD,6694.0,23332.82
2013-03-04,WI_2,HOUSEHOLD,5620.0,18651.33
2013-03-11,WI_2,HOUSEHOLD,5697.0,17670.92
2013-03-18,WI_2,HOUSEHOLD,4963.0,16209.01
2013-03-25,WI_2,HOUSEHOLD,5788.0,17999.58
2013-04-01,WI_2,HOUSEHOLD,7434.0,20515.34
2013-04-08,WI_2,HOUSEHOLD,5459.0,17224.87
2013-04-15,WI_2,HOUSEHOLD,5527.0,16670.05
2013-04-22,WI_2,HOUSEHOLD,5011.0,16100.43
2013-04-29,WI_2,HOUSEHOLD,6426.0,20627.18
2013-05-06,WI_2,HOUSEHOLD,4772.0,15885.0
2013-05-13,WI_2,HOUSEHOLD,5633.0,16930.21
2013-05-20,WI_2,HOUSEHOLD,5206.0,16533.0
2013-05-27,WI_2,HOUSEHOLD,6320.0,20506.58
2013-06-03,WI_2,HOUSEHOLD,5660.0,18460.66
2013-06-10,WI_2,HOUSEHOLD,5292.0,17226.42
2013-06-17,WI_2,HOUSEHOLD,5000.0,16642.97
2013-06-24,WI_2,HOUSEHOLD,5342.0,17530.65
2013-07-01,WI_2,HOUSEHOLD,6111.0,19571.11
2013-07-08,WI_2,HOUSEHOLD,6235.0,18473.2
2013-07-15,WI_2,HOUSEHOLD,4797.0,16835.0
2013-07-22,WI_2,HOUSEHOLD,4887.0,16627.31
2013-07-29,WI_2,HOUSEHOLD,6395.0,21574.25
2013-08-05,WI_2,HOUSEHOLD,5791.0,19679.83
2013-08-12,WI_2,HOUSEHOLD,5958.0,20065.6
2013-08-19,WI_2,HOUSEHOLD,5652.0,19056.8
2013-08-26,WI_2,HOUSEHOLD,6930.0,23355.29
2013-09-02,WI_2,HOUSEHOLD,6380.0,21543.31
2013-09-09,WI_2,HOUSEHOLD,6236.0,21572.4
2013-09-16,WI_2,HOUSEHOLD,5889.0,18951.37
2013-09-23,WI_2,HOUSEHOLD,5978.0,20320.15
2013-09-30,WI_2,HOUSEHOLD,7605.0,24974.86
2013-10-07,WI_2,HOUSEHOLD,5928.0,20560.15
2013-10-14,WI_2,HOUSEHOLD,5192.0,17399.09
2013-10-21,WI_2,HOUSEHOLD,5146.0,18366.69
2013-10-28,WI_2,HOUSEHOLD,6448.0,22219.67
2013-11-04,WI_2,HOUSEHOLD,5232.0,18113.98
2013-11-11,WI_2,HOUSEHOLD,4725.0,16586.1
2013-11-18,WI_2,HOUSEHOLD,4786.0,17137.62
2013-11-25,WI_2,HOUSEHOLD,5137.0,18207.71
2013-12-02,WI_2,HOUSEHOLD,5384.0,18284.04
2013-12-09,WI_2,HOUSEHOLD,4522.0,15791.34
2013-12-16,WI_2,HOUSEHOLD,4271.0,15146.38
2013-12-23,WI_2,HOUSEHOLD,4107.0,14228.16
2013-12-30,WI_2,HOUSEHOLD,5344.0,18006.45
2014-01-06,WI_2,HOUSEHOLD,4241.0,15016.98
2014-01-13,WI_2,HOUSEHOLD,5282.0,18252.14
2014-01-20,WI_2,HOUSEHOLD,4587.0,16664.95
2014-01-27,WI_2,HOUSEHOLD,5442.0,18467.18
2014-02-03,WI_2,HOUSEHOLD,5719.0,19831.1
2014-02-10,WI_2,HOUSEHOLD,6355.0,22775.98
2014-02-17,WI_2,HOUSEHOLD,6819.0,22546.75
2014-02-24,WI_2,HOUSEHOLD,7227.0,25141.49
2014-03-03,WI_2,HOUSEHOLD,6452.0,22322.01
2014-03-10,WI_2,HOUSEHOLD,5623.0,20150.53
2014-03-17,WI_2,HOUSEHOLD,5078.0,17594.63
2014-03-24,WI_2,HOUSEHOLD,5428.0,19568.18
2014-03-31,WI_2,HOUSEHOLD,6239.0,21902.37
2014-04-07,WI_2,HOUSEHOLD,5663.0,18266.02
2014-04-14,WI_2,HOUSEHOLD,5110.0,16449.54
2014-04-21,WI_2,HOUSEHOLD,5232.0,18748.25
2014-04-28,WI_2,HOUSEHOLD,6423.0,21585.59
2014-05-05,WI_2,HOUSEHOLD,5068.0,17636.49
2014-05-12,WI_2,HOUSEHOLD,5196.0,18451.48
2014-05-19,WI_2,HOUSEHOLD,4647.0,16421.69
2014-05-26,WI_2,HOUSEHOLD,5750.0,19931.02
2014-06-02,WI_2,HOUSEHOLD,6317.0,21744.33
2014-06-09,WI_2,HOUSEHOLD,4849.0,16642.87
2014-06-16,WI_2,HOUSEHOLD,5132.0,17977.96
2014-06-23,WI_2,HOUSEHOLD,5334.0,18819.38
2014-06-30,WI_2,HOUSEHOLD,6502.0,22874.13
2014-07-07,WI_2,HOUSEHOLD,5751.0,20256.03
2014-07-14,WI_2,HOUSEHOLD,5924.0,20285.23
2014-07-21,WI_2,HOUSEHOLD,5155.0,17421.86
2014-07-28,WI_2,HOUSEHOLD,7453.0,25917.57
2014-08-04,WI_2,HOUSEHOLD,6342.0,21024.91
2014-08-11,WI_2,HOUSEHOLD,6614.0,21370.2
2014-08-18,WI_2,HOUSEHOLD,6512.0,21155.84
2014-08-25,WI_2,HOUSEHOLD,7834.0,26885.89
2014-09-01,WI_2,HOUSEHOLD,7027.0,23616.26
2014-09-08,WI_2,HOUSEHOLD,6422.0,21697.35
2014-09-15,WI_2,HOUSEHOLD,5995.0,21103.06
2014-09-22,WI_2,HOUSEHOLD,5695.0,20144.8
2014-09-29,WI_2,HOUSEHOLD,7659.0,27053.89
2014-10-06,WI_2,HOUSEHOLD,6234.0,22035.81
2014-10-13,WI_2,HOUSEHOLD,5538.0,20067.0
2014-10-20,WI_2,HOUSEHOLD,5505.0,20006.59
2014-10-27,WI_2,HOUSEHOLD,6320.0,23888.81
2014-11-03,WI_2,HOUSEHOLD,6472.0,22925.39
2014-11-10,WI_2,HOUSEHOLD,4999.0,17687.56
2014-11-17,WI_2,HOUSEHOLD,4950.0,18624.6
2014-11-24,WI_2,HOUSEHOLD,4840.0,17941.8
2014-12-01,WI_2,HOUSEHOLD,6695.0,23396.28
2014-12-08,WI_2,HOUSEHOLD,4688.0,17534.53
2014-12-15,WI_2,HOUSEHOLD,4612.0,16569.08
2014-12-22,WI_2,HOUSEHOLD,4121.0,14600.79
2014-12-29,WI_2,HOUSEHOLD,6042.0,21893.92
2015-01-05,WI_2,HOUSEHOLD,4275.0,15880.65
2015-01-12,WI_2,HOUSEHOLD,5630.0,19423.97
2015-01-19,WI_2,HOUSEHOLD,4764.0,17266.9
2015-01-26,WI_2,HOUSEHOLD,7332.0,24183.6
2015-02-02,WI_2,HOUSEHOLD,7775.0,26668.56
2015-02-09,WI_2,HOUSEHOLD,6763.0,24071.49
2015-02-16,WI_2,HOUSEHOLD,6986.0,22989.61
2015-02-23,WI_2,HOUSEHOLD,7750.0,26690.08
2015-03-02,WI_2,HOUSEHOLD,5899.0,22972.02
2015-03-09,WI_2,HOUSEHOLD,7210.0,22902.97
2015-03-16,WI_2,HOUSEHOLD,6030.0,20810.16
2015-03-23,WI_2,HOUSEHOLD,5766.0,19914.7
2015-03-30,WI_2,HOUSEHOLD,6948.0,23390.4
2015-04-06,WI_2,HOUSEHOLD,7057.0,22511.26
2015-04-13,WI_2,HOUSEHOLD,6080.0,19759.85
2015-04-20,WI_2,HOUSEHOLD,5970.0,20522.89
2015-04-27,WI_2,HOUSEHOLD,6756.0,22995.54
2015-05-04,WI_2,HOUSEHOLD,6390.0,22075.34
2015-05-11,WI_2,HOUSEHOLD,6265.0,20967.69
2015-05-18,WI_2,HOUSEHOLD,6037.0,20049.83
2015-05-25,WI_2,HOUSEHOLD,6578.0,22216.71
2015-06-01,WI_2,HOUSEHOLD,7917.0,25100.42
2015-06-08,WI_2,HOUSEHOLD,6438.0,21332.82
2015-06-15,WI_2,HOUSEHOLD,6123.0,20091.2
2015-06-22,WI_2,HOUSEHOLD,6004.0,19313.04
2015-06-29,WI_2,HOUSEHOLD,7877.0,25350.04
2015-07-06,WI_2,HOUSEHOLD,6494.0,21508.35
2015-07-13,WI_2,HOUSEHOLD,7098.0,22563.91
2015-07-20,WI_2,HOUSEHOLD,6567.0,20891.32
2015-07-27,WI_2,HOUSEHOLD,7970.0,27246.67
2015-08-03,WI_2,HOUSEHOLD,7538.0,24751.9
2015-08-10,WI_2,HOUSEHOLD,6784.0,22463.07
2015-08-17,WI_2,HOUSEHOLD,6823.0,22640.55
2015-08-24,WI_2,HOUSEHOLD,7817.0,26080.04
2015-08-31,WI_2,HOUSEHOLD,9179.0,29424.75
2015-09-07,WI_2,HOUSEHOLD,7831.0,25704.46
2015-09-14,WI_2,HOUSEHOLD,6950.0,23368.82
2015-09-21,WI_2,HOUSEHOLD,7180.0,23613.06
2015-09-28,WI_2,HOUSEHOLD,8681.0,28480.37
2015-10-05,WI_2,HOUSEHOLD,7578.0,24893.57
2015-10-12,WI_2,HOUSEHOLD,6345.0,22218.0
2015-10-19,WI_2,HOUSEHOLD,6135.0,21291.86
2015-10-26,WI_2,HOUSEHOLD,7239.0,25458.2
2015-11-02,WI_2,HOUSEHOLD,7584.0,25427.03
2015-11-09,WI_2,HOUSEHOLD,6350.0,22384.29
2015-11-16,WI_2,HOUSEHOLD,6365.0,21428.9
2015-11-23,WI_2,HOUSEHOLD,5641.0,18877.6
2015-11-30,WI_2,HOUSEHOLD,8174.0,27872.69
2015-12-07,WI_2,HOUSEHOLD,6031.0,21118.85
2015-12-14,WI_2,HOUSEHOLD,6248.0,20961.78
2015-12-21,WI_2,HOUSEHOLD,5372.0,18310.96
2015-12-28,WI_2,HOUSEHOLD,7483.0,25089.61
2016-01-04,WI_2,HOUSEHOLD,6139.0,20708.01
2016-01-11,WI_2,HOUSEHOLD,6722.0,22748.98
2016-01-18,WI_2,HOUSEHOLD,6795.0,23642.26
2016-01-25,WI_2,HOUSEHOLD,8061.0,27617.53
2016-02-01,WI_2,HOUSEHOLD,9591.0,32520.8
2016-02-08,WI_2,HOUSEHOLD,9472.0,33031.69
2016-02-15,WI_2,HOUSEHOLD,9207.0,31907.44
2016-02-22,WI_2,HOUSEHOLD,9002.0,31433.9
2016-02-29,WI_2,HOUSEHOLD,9640.0,34014.86
2016-03-07,WI_2,HOUSEHOLD,8283.0,28263.86
2016-03-14,WI_2,HOUSEHOLD,7447.0,26615.49
2016-03-21,WI_2,HOUSEHOLD,7112.0,24269.56
2016-03-28,WI_2,HOUSEHOLD,9061.0,30695.24
2016-04-04,WI_2,HOUSEHOLD,8041.0,27355.83
2016-04-11,WI_2,HOUSEHOLD,6930.0,24342.07
2016-04-18,WI_2,HOUSEHOLD,7593.0,26428.69
2016-04-25,WI_2,HOUSEHOLD,8331.0,28236.17
2016-05-02,WI_2,HOUSEHOLD,7789.0,26147.36
2016-05-09,WI_2,HOUSEHOLD,7640.0,26570.82
2016-05-16,WI_2,HOUSEHOLD,7679.0,26957.12
2011-01-24,WI_3,FOODS,6134.0,11666.69
2011-01-31,WI_3,FOODS,23090.0,43796.88
2011-02-07,WI_3,FOODS,20856.0,45337.91
2011-02-14,WI_3,FOODS,17567.0,39097.64
2011-02-21,WI_3,FOODS,15102.0,32756.65
2011-02-28,WI_3,FOODS,19032.0,40231.07
2011-03-07,WI_3,FOODS,18223.0,40237.19
2011-03-14,WI_3,FOODS,17287.0,36616.53
2011-03-21,WI_3,FOODS,14084.0,29936.0
2011-03-28,WI_3,FOODS,15400.0,32224.08
2011-04-04,WI_3,FOODS,17285.0,38090.73
2011-04-11,WI_3,FOODS,17865.0,38439.83
2011-04-18,WI_3,FOODS,13537.0,30135.62
2011-04-25,WI_3,FOODS,12384.0,26816.94
2011-05-02,WI_3,FOODS,15250.0,34279.08
2011-05-09,WI_3,FOODS,17206.0,37764.04
2011-05-16,WI_3,FOODS,12807.0,29145.96
2011-05-23,WI_3,FOODS,12230.0,26732.12
2011-05-30,WI_3,FOODS,15362.0,35203.57
2011-06-06,WI_3,FOODS,17569.0,41580.83
2011-06-13,WI_3,FOODS,15880.0,36950.77
2011-06-20,WI_3,FOODS,12499.0,27966.42
2011-06-27,WI_3,FOODS,14548.0,31817.87
2011-07-04,WI_3,FOODS,17231.0,38900.75
2011-07-11,WI_3,FOODS,19317.0,43370.5
2011-07-18,WI_3,FOODS,15911.0,35611.31
2011-07-25,WI_3,FOODS,13413.0,29801.8
2011-08-01,WI_3,FOODS,19095.0,41098.33
2011-08-08,WI_3,FOODS,19194.0,44205.55
2011-08-15,WI_3,FOODS,17194.0,36158.48
2011-08-22,WI_3,FOODS,14119.0,30947.41
2011-08-29,WI_3,FOODS,16467.0,34644.53
2011-09-05,WI_3,FOODS,19290.0,43695.47
2011-09-12,WI_3,FOODS,19108.0,42810.25
2011-09-19,WI_3,FOODS,15070.0,32435.72
2011-09-26,WI_3,FOODS,17004.0,35190.62
2011-10-03,WI_3,FOODS,22627.0,48501.54
2011-10-10,WI_3,FOODS,22118.0,48396.36
2011-10-17,WI_3,FOODS,16164.0,34614.46
2011-10-24,WI_3,FOODS,15195.0,31916.8
2011-10-31,WI_3,FOODS,20561.0,44156.09
2011-11-07,WI_3,FOODS,21470.0,46382.12
2011-11-14,WI_3,FOODS,19308.0,41254.84
2011-11-21,WI_3,FOODS,15361.0,31519.93
2011-11-28,WI_3,FOODS,18514.0,38257.53
2011-12-05,WI_3,FOODS,23194.0,49963.77
2011-12-12,WI_3,FOODS,21818.0,48290.77
2011-12-19,WI_3,FOODS,16269.0,34867.08
2011-12-26,WI_3,FOODS,16852.0,35025.35
2012-01-02,WI_3,FOODS,24297.0,51489.21
2012-01-09,WI_3,FOODS,25633.0,55428.72
2012-01-16,WI_3,FOODS,19634.0,42356.06
2012-01-23,WI_3,FOODS,16245.0,34858.88
2012-01-30,WI_3,FOODS,22270.0,49286.23
2012-02-06,WI_3,FOODS,25031.0,55753.47
2012-02-13,WI_3,FOODS,20513.0,46901.08
2012-02-20,WI_3,FOODS,17567.0,37300.21
2012-02-27,WI_3,FOODS,20623.0,44638.23
2012-03-05,WI_3,FOODS,25273.0,56504.54
2012-03-12,WI_3,FOODS,23024.0,50549.46
2012-03-19,WI_3,FOODS,18827.0,40395.28
2012-03-26,WI_3,FOODS,17114.0,36645.86
2012-04-02,WI_3,FOODS,24795.0,52931.41
2012-04-09,WI_3,FOODS,23727.0,53475.24
2012-04-16,WI_3,FOODS,17958.0,39189.28
2012-04-23,WI_3,FOODS,17441.0,37548.25
2012-04-30,WI_3,FOODS,25350.0,54614.02
2012-05-07,WI_3,FOODS,25176.0,54710.72
2012-05-14,WI_3,FOODS,25607.0,52521.16
2012-05-21,WI_3,FOODS,19997.0,39410.64
2012-05-28,WI_3,FOODS,21944.0,43708.06
2012-06-04,WI_3,FOODS,26724.0,54690.28
2012-06-11,WI_3,FOODS,26744.0,54934.82
2012-06-18,WI_3,FOODS,21906.0,44414.87
2012-06-25,WI_3,FOODS,20751.0,41367.46
2012-07-02,WI_3,FOODS,29514.0,61542.13
2012-07-09,WI_3,FOODS,26691.0,56893.64
2012-07-16,WI_3,FOODS,20642.0,43108.44
2012-07-23,WI_3,FOODS,18056.0,37761.07
2012-07-30,WI_3,FOODS,21321.0,44945.49
2012-08-06,WI_3,FOODS,23544.0,48869.97
2012-08-13,WI_3,FOODS,21081.0,44565.21
2012-08-20,WI_3,FOODS,17105.0,35897.87
2012-08-27,WI_3,FOODS,18371.0,37370.96
2012-09-03,WI_3,FOODS,23765.0,51310.64
2012-09-10,WI_3,FOODS,22356.0,49266.43
2012-09-17,WI_3,FOODS,17710.0,37893.15
2012-09-24,WI_3,FOODS,16704.0,35438.53
2012-10-01,WI_3,FOODS,21655.0,46124.74
2012-10-08,WI_3,FOODS,22687.0,48753.84
2012-10-15,WI_3,FOODS,17217.0,37930.71
2012-10-22,WI_3,FOODS,15487.0,32279.22
2012-10-29,WI_3,FOODS,17927.0,38297.28
2012-11-05,WI_3,FOODS,21340.0,47207.17
2012-11-12,WI_3,FOODS,20341.0,44882.38
2012-11-19,WI_3,FOODS,15597.0,33599.74
2012-11-26,WI_3,FOODS,15983.0,34610.09
2012-12-03,WI_3,FOODS,21519.0,47832.28
2012-12-10,WI_3,FOODS,20125.0,46130.19
2012-12-17,WI_3,FOODS,18812.0,41445.0
2012-12-24,WI_3,FOODS,14335.0,30974.54
2012-12-31,WI_3,FOODS,20749.0,47698.44
2013-01-07,WI_3,FOODS,21285.0,49448.22
2013-01-14,WI_3,FOODS,19113.0,45556.13
2013-01-21,WI_3,FOODS,15613.0,35202.97
2013-01-28,WI_3,FOODS,17929.0,39023.55
2013-02-04,WI_3,FOODS,21309.0,50747.76
2013-02-11,WI_3,FOODS,23303.0,53611.38
2013-02-18,WI_3,FOODS,17064.0,38047.07
2013-02-25,WI_3,FOODS,19749.0,43766.06
2013-03-04,WI_3,FOODS,21720.0,50664.66
2013-03-11,WI_3,FOODS,21677.0,51580.54
2013-03-18,WI_3,FOODS,16307.0,38004.66
2013-03-25,WI_3,FOODS,16606.0,36242.34
2013-04-01,WI_3,FOODS,21371.0,50225.42
2013-04-08,WI_3,FOODS,18804.0,44819.66
2013-04-15,WI_3,FOODS,13851.0,32953.56
2013-04-22,WI_3,FOODS,11861.0,26048.7
2013-04-29,WI_3,FOODS,15014.0,33101.41
2013-05-06,WI_3,FOODS,16918.0,38491.89
2013-05-13,WI_3,FOODS,15312.0,34902.79
2013-05-20,WI_3,FOODS,12597.0,27559.3
2013-05-27,WI_3,FOODS,13411.0,28325.26
2013-06-03,WI_3,FOODS,17168.0,38160.79
2013-06-10,WI_3,FOODS,17076.0,37508.1
2013-06-17,WI_3,FOODS,14008.0,29682.1
2013-06-24,WI_3,FOODS,13668.0,28351.37
2013-07-01,WI_3,FOODS,18385.0,38608.55
2013-07-08,WI_3,FOODS,19710.0,42052.23
2013-07-15,WI_3,FOODS,16623.0,35920.4
2013-07-22,WI_3,FOODS,12809.0,26714.69
2013-07-29,WI_3,FOODS,14946.0,31112.28
2013-08-05,WI_3,FOODS,17678.0,37460.84
2013-08-12,WI_3,FOODS,17821.0,36955.31
2013-08-19,WI_3,FOODS,14213.0,29453.0
2013-08-26,WI_3,FOODS,16760.0,31657.39
2013-09-02,WI_3,FOODS,20283.0,41120.74
2013-09-09,WI_3,FOODS,20238.0,42586.17
2013-09-16,WI_3,FOODS,15334.0,31302.47
2013-09-23,WI_3,FOODS,13917.0,28677.9
2013-09-30,WI_3,FOODS,17574.0,37639.63
2013-10-07,WI_3,FOODS,18049.0,39556.61
2013-10-14,WI_3,FOODS,15564.0,35581.03
2013-10-21,WI_3,FOODS,13101.0,28695.9
2013-10-28,WI_3,FOODS,15779.0,33799.9
2013-11-04,WI_3,FOODS,17889.0,38485.33
2013-11-11,WI_3,FOODS,16777.0,37309.52
2013-11-18,WI_3,FOODS,13840.0,30133.17
2013-11-25,WI_3,FOODS,13945.0,28708.66
2013-12-02,WI_3,FOODS,18527.0,39269.47
2013-12-09,WI_3,FOODS,17752.0,40538.84
2013-12-16,WI_3,FOODS,14000.0,33172.29
2013-12-23,WI_3,FOODS,12636.0,28717.48
2013-12-30,WI_3,FOODS,18076.0,41397.55
2014-01-06,WI_3,FOODS,20316.0,42924.7
2014-01-13,WI_3,FOODS,17954.0,39263.37
2014-01-20,WI_3,FOODS,13533.0,30856.7
2014-01-27,WI_3,FOODS,14320.0,32190.68
2014-02-03,WI_3,FOODS,17597.0,40177.41
2014-02-10,WI_3,FOODS,18160.0,43733.21
2014-02-17,WI_3,FOODS,14405.0,33924.95
2014-02-24,WI_3,FOODS,14074.0,33329.41
2014-03-03,WI_3,FOODS,17074.0,41185.78
2014-03-10,WI_3,FOODS,18010.0,44002.95
2014-03-17,WI_3,FOODS,14334.0,32695.18
2014-03-24,WI_3,FOODS,13037.0,29903.0
2014-03-31,WI_3,FOODS,15404.0,35352.28
2014-04-07,WI_3,FOODS,15893.0,37256.92
2014-04-14,WI_3,FOODS,15766.0,36781.5
2014-04-21,WI_3,FOODS,12418.0,29234.02
2014-04-28,WI_3,FOODS,13397.0,32024.72
2014-05-05,WI_3,FOODS,14539.0,35536.41
2014-05-12,WI_3,FOODS,15733.0,38026.79
2014-05-19,WI_3,FOODS,12105.0,28944.07
2014-05-26,WI_3,FOODS,11752.0,27395.86
2014-06-02,WI_3,FOODS,15940.0,37102.0
2014-06-09,WI_3,FOODS,16213.0,38381.89
2014-06-16,WI_3,FOODS,13553.0,31053.46
2014-06-23,WI_3,FOODS,11604.0,25561.93
2014-06-30,WI_3,FOODS,16012.0,35464.13
2014-07-07,WI_3,FOODS,15796.0,36803.94
2014-07-14,WI_3,FOODS,14281.0,32256.86
2014-07-21,WI_3,FOODS,11603.0,26874.01
2014-07-28,WI_3,FOODS,13875.0,31355.75
2014-08-04,WI_3,FOODS,15061.0,33653.81
2014-08-11,WI_3,FOODS,15914.0,35435.4
2014-08-18,WI_3,FOODS,13074.0,29373.69
2014-08-25,WI_3,FOODS,12765.0,28729.19
2014-09-01,WI_3,FOODS,17023.0,38748.54
2014-09-08,WI_3,FOODS,16651.0,40002.9
2014-09-15,WI_3,FOODS,12945.0,31358.97
2014-09-22,WI_3,FOODS,11948.0,28245.67
2014-09-29,WI_3,FOODS,15198.0,37210.09
2014-10-06,WI_3,FOODS,15803.0,40155.44
2014-10-13,WI_3,FOODS,14679.0,37353.22
2014-10-20,WI_3,FOODS,12670.0,30924.44
2014-10-27,WI_3,FOODS,13012.0,31181.15
2014-11-03,WI_3,FOODS,16647.0,41648.19
2014-11-10,WI_3,FOODS,15443.0,39889.3
2014-11-17,WI_3,FOODS,12378.0,31785.45
2014-11-24,WI_3,FOODS,12529.0,30581.3
2014-12-01,WI_3,FOODS,13657.0,36745.55
2014-12-08,WI_3,FOODS,14126.0,38708.43
2014-12-15,WI_3,FOODS,12800.0,35257.28
2014-12-22,WI_3,FOODS,10976.0,28056.23
2014-12-29,WI_3,FOODS,14462.0,37301.53
2015-01-05,WI_3,FOODS,16608.0,43534.16
2015-01-12,WI_3,FOODS,16154.0,42474.03
2015-01-19,WI_3,FOODS,12676.0,31705.81
2015-01-26,WI_3,FOODS,12972.0,31260.51
2015-02-02,WI_3,FOODS,18309.0,46842.44
2015-02-09,WI_3,FOODS,18802.0,47818.56
2015-02-16,WI_3,FOODS,13678.0,35812.16
2015-02-23,WI_3,FOODS,13058.0,32949.4
2015-03-02,WI_3,FOODS,16730.0,43182.15
2015-03-09,WI_3,FOODS,16209.0,42955.86
2015-03-16,WI_3,FOODS,13328.0,33771.39
2015-03-23,WI_3,FOODS,12030.0,29659.63
2015-03-30,WI_3,FOODS,14956.0,36623.72
2015-04-06,WI_3,FOODS,17615.0,44616.79
2015-04-13,WI_3,FOODS,16493.0,40803.01
2015-04-20,WI_3,FOODS,13102.0,32740.97
2015-04-27,WI_3,FOODS,14921.0,36892.4
2015-05-04,WI_3,FOODS,16764.0,41961.03
2015-05-11,WI_3,FOODS,15959.0,41103.94
2015-05-18,WI_3,FOODS,12411.0,31053.91
2015-05-25,WI_3,FOODS,12123.0,29641.88
2015-06-01,WI_3,FOODS,15641.0,37565.8
2015-06-08,WI_3,FOODS,16974.0,40926.15
2015-06-15,WI_3,FOODS,15749.0,35724.67
2015-06-22,WI_3,FOODS,13189.0,29769.5
2015-06-29,WI_3,FOODS,16631.0,38148.37
2015-07-06,WI_3,FOODS,18070.0,43782.06
2015-07-13,WI_3,FOODS,17772.0,41754.1
2015-07-20,WI_3,FOODS,14021.0,31756.91
2015-07-27,WI_3,FOODS,14911.0,33452.87
2015-08-03,WI_3,FOODS,18038.0,41722.17
2015-08-10,WI_3,FOODS,17168.0,39281.09
2015-08-17,WI_3,FOODS,14361.0,32516.67
2015-08-24,WI_3,FOODS,13771.0,30947.78
2015-08-31,WI_3,FOODS,18285.0,40264.89
2015-09-07,WI_3,FOODS,18984.0,42913.96
2015-09-14,WI_3,FOODS,17742.0,41302.4
2015-09-21,WI_3,FOODS,15157.0,34436.51
2015-09-28,WI_3,FOODS,17448.0,40752.68
2015-10-05,WI_3,FOODS,20232.0,48737.56
2015-10-12,WI_3,FOODS,19174.0,46654.49
2015-10-19,WI_3,FOODS,15578.0,36605.32
2015-10-26,WI_3,FOODS,15286.0,36957.77
2015-11-02,WI_3,FOODS,18923.0,46926.49
2015-11-09,WI_3,FOODS,19215.0,48674.45
2015-11-16,WI_3,FOODS,16476.0,40933.26
2015-11-23,WI_3,FOODS,15430.0,37243.67
2015-11-30,WI_3,FOODS,18216.0,44883.96
2015-12-07,WI_3,FOODS,17522.0,45220.18
2015-12-14,WI_3,FOODS,16757.0,43875.74
2015-12-21,WI_3,FOODS,14217.0,35423.51
2015-12-28,WI_3,FOODS,17353.0,43790.28
2016-01-04,WI_3,FOODS,19507.0,49822.83
2016-01-11,WI_3,FOODS,21076.0,52336.3
2016-01-18,WI_3,FOODS,16873.0,40733.31
2016-01-25,WI_3,FOODS,16083.0,39631.76
2016-02-01,WI_3,FOODS,20659.0,51537.76
2016-02-08,WI_3,FOODS,23300.0,57362.85
2016-02-15,WI_3,FOODS,20209.0,49891.46
2016-02-22,WI_3,FOODS,17097.0,41029.85
2016-02-29,WI_3,FOODS,20826.0,50699.09
2016-03-07,WI_3,FOODS,21310.0,53232.71
2016-03-14,WI_3,FOODS,20465.0,51015.89
2016-03-21,WI_3,FOODS,18045.0,43989.85
2016-03-28,WI_3,FOODS,19000.0,46237.34
2016-04-04,WI_3,FOODS,21617.0,55150.25
2016-04-11,WI_3,FOODS,21598.0,54986.09
2016-04-18,WI_3,FOODS,18541.0,46569.94
2016-04-25,WI_3,FOODS,17634.0,42681.81
2016-05-02,WI_3,FOODS,22960.0,57965.98
2016-05-09,WI_3,FOODS,23955.0,61222.07
2016-05-16,WI_3,FOODS,19627.0,48772.91
2011-01-24,WI_3,HOBBIES,634.0,1635.79
2011-01-31,WI_3,HOBBIES,1801.0,4839.26
2011-02-07,WI_3,HOBBIES,1921.0,5614.25
2011-02-14,WI_3,HOBBIES,1694.0,5201.38
2011-02-21,WI_3,HOBBIES,1753.0,4932.69
2011-02-28,WI_3,HOBBIES,1463.0,5597.06
2011-03-07,WI_3,HOBBIES,1854.0,4806.73
2011-03-14,WI_3,HOBBIES,1777.0,5048.19
2011-03-21,WI_3,HOBBIES,1929.0,5050.31
2011-03-28,WI_3,HOBBIES,2113.0,5865.17
2011-04-04,WI_3,HOBBIES,1947.0,5212.75
2011-04-11,WI_3,HOBBIES,1784.0,5248.88
2011-04-18,WI_3,HOBBIES,1748.0,4559.2
2011-04-25,WI_3,HOBBIES,1945.0,5995.76
2011-05-02,WI_3,HOBBIES,1843.0,5649.07
2011-05-09,WI_3,HOBBIES,1768.0,5272.08
2011-05-16,WI_3,HOBBIES,1844.0,5537.28
2011-05-23,WI_3,HOBBIES,1862.0,5934.4
2011-05-30,WI_3,HOBBIES,1839.0,6148.46
2011-06-06,WI_3,HOBBIES,1906.0,5630.77
2011-06-13,WI_3,HOBBIES,1732.0,5151.51
2011-06-20,WI_3,HOBBIES,1653.0,5194.3
2011-06-27,WI_3,HOBBIES,1894.0,6205.03
2011-07-04,WI_3,HOBBIES,1663.0,5090.03
2011-07-11,WI_3,HOBBIES,1679.0,5415.96
2011-07-18,WI_3,HOBBIES,1749.0,5172.66
2011-07-25,WI_3,HOBBIES,1557.0,5026.05
2011-08-01,WI_3,HOBBIES,1791.0,5516.19
2011-08-08,WI_3,HOBBIES,1787.0,5296.09
2011-08-15,WI_3,HOBBIES,1610.0,4838.46
2011-08-22,WI_3,HOBBIES,1603.0,4817.34
2011-08-29,WI_3,HOBBIES,1659.0,5512.16
2011-09-05,WI_3,HOBBIES,1548.0,5086.09
2011-09-12,WI_3,HOBBIES,1882.0,5322.41
2011-09-19,WI_3,HOBBIES,1652.0,5061.37
2011-09-26,WI_3,HOBBIES,1785.0,5807.75
2011-10-03,WI_3,HOBBIES,1802.0,5297.26
2011-10-10,WI_3,HOBBIES,1747.0,5067.95
2011-10-17,WI_3,HOBBIES,1617.0,4624.35
2011-10-24,WI_3,HOBBIES,2090.0,5294.76
2011-10-31,WI_3,HOBBIES,2230.0,5945.49
2011-11-07,WI_3,HOBBIES,1762.0,4637.91
2011-11-14,WI_3,HOBBIES,1892.0,4693.84
2011-11-21,WI_3,HOBBIES,1795.0,4338.32
2011-11-28,WI_3,HOBBIES,2213.0,6302.25
2011-12-05,WI_3,HOBBIES,2120.0,5394.56
2011-12-12,WI_3,HOBBIES,1996.0,5438.84
2011-12-19,WI_3,HOBBIES,1552.0,4324.78
2011-12-26,WI_3,HOBBIES,1959.0,6056.09
2012-01-02,WI_3,HOBBIES,2078.0,6511.11
2012-01-09,WI_3,HOBBIES,1734.0,4963.79
2012-01-16,WI_3,HOBBIES,1664.0,5090.46
2012-01-23,WI_3,HOBBIES,1534.0,5126.85
2012-01-30,WI_3,HOBBIES,2165.0,6842.45
2012-02-06,WI_3,HOBBIES,1802.0,5811.51
2012-02-13,WI_3,HOBBIES,1821.0,5626.67
2012-02-20,WI_3,HOBBIES,1755.0,5282.63
2012-02-27,WI_3,HOBBIES,2109.0,6400.46
2012-03-05,WI_3,HOBBIES,1829.0,6076.05
2012-03-12,WI_3,HOBBIES,1794.0,5695.61
2012-03-19,WI_3,HOBBIES,1954.0,6089.99
2012-03-26,WI_3,HOBBIES,1863.0,6436.06
2012-04-02,WI_3,HOBBIES,1851.0,5914.78
2012-04-09,WI_3,HOBBIES,2103.0,6685.6
2012-04-16,WI_3,HOBBIES,1641.0,6049.21
2012-04-23,WI_3,HOBBIES,1914.0,6053.65
2012-04-30,WI_3,HOBBIES,1983.0,6594.66
2012-05-07,WI_3,HOBBIES,1732.0,6292.77
2012-05-14,WI_3,HOBBIES,1623.0,5917.64
2012-05-21,WI_3,HOBBIES,1636.0,5904.84
2012-05-28,WI_3,HOBBIES,2020.0,6831.75
2012-06-04,WI_3,HOBBIES,1845.0,6127.7
2012-06-11,WI_3,HOBBIES,1876.0,6033.47
2012-06-18,WI_3,HOBBIES,1964.0,6522.47
2012-06-25,WI_3,HOBBIES,1869.0,6800.23
2012-07-02,WI_3,HOBBIES,1607.0,6719.52
2012-07-09,WI_3,HOBBIES,1984.0,6756.32
2012-07-16,WI_3,HOBBIES,1885.0,6997.63
2012-07-23,WI_3,HOBBIES,1749.0,6686.14
2012-07-30,WI_3,HOBBIES,1815.0,7391.11
2012-08-06,WI_3,HOBBIES,1584.0,6180.99
2012-08-13,WI_3,HOBBIES,1635.0,6613.06
2012-08-20,WI_3,HOBBIES,1556.0,6320.55
2012-08-27,WI_3,HOBBIES,1709.0,7005.05
2012-09-03,WI_3,HOBBIES,1727.0,7168.44
2012-09-10,WI_3,HOBBIES,1670.0,7037.83
2012-09-17,WI_3,HOBBIES,1619.0,6931.45
2012-09-24,WI_3,HOBBIES,1646.0,7314.16
2012-10-01,WI_3,HOBBIES,1923.0,8380.06
2012-10-08,WI_3,HOBBIES,1701.0,7350.57
2012-10-15,WI_3,HOBBIES,1673.0,7196.72
2012-10-22,WI_3,HOBBIES,1677.0,7077.63
2012-10-29,WI_3,HOBBIES,1827.0,7979.53
2012-11-05,WI_3,HOBBIES,1524.0,6480.89
2012-11-12,WI_3,HOBBIES,1461.0,6104.12
2012-11-19,WI_3,HOBBIES,1390.0,5636.02
2012-11-26,WI_3,HOBBIES,1765.0,7361.09
2012-12-03,WI_3,HOBBIES,1540.0,6842.82
2012-12-10,WI_3,HOBBIES,1636.0,7170.18
2012-12-17,WI_3,HOBBIES,1606.0,6715.34
2012-12-24,WI_3,HOBBIES,1265.0,6109.66
2012-12-31,WI_3,HOBBIES,1484.0,6961.45
2013-01-07,WI_3,HOBBIES,1263.0,5927.14
2013-01-14,WI_3,HOBBIES,1360.0,6682.97
2013-01-21,WI_3,HOBBIES,1702.0,6446.49
2013-01-28,WI_3,HOBBIES,2066.0,8309.6
2013-02-04,WI_3,HOBBIES,1549.0,7441.18
2013-02-11,WI_3,HOBBIES,1916.0,7338.45
2013-02-18,WI_3,HOBBIES,1824.0,7191.32
2013-02-25,WI_3,HOBBIES,2207.0,8286.35
2013-03-04,WI_3,HOBBIES,1777.0,7389.08
2013-03-11,WI_3,HOBBIES,1860.0,7190.38
2013-03-18,WI_3,HOBBIES,1754.0,7130.97
2013-03-25,WI_3,HOBBIES,1511.0,6769.02
2013-04-01,WI_3,HOBBIES,2212.0,8244.52
2013-04-08,WI_3,HOBBIES,1771.0,6361.36
2013-04-15,WI_3,HOBBIES,1516.0,5385.04
2013-04-22,WI_3,HOBBIES,1466.0,5574.41
2013-04-29,WI_3,HOBBIES,1190.0,5139.66
2013-05-06,WI_3,HOBBIES,1644.0,5651.77
2013-05-13,WI_3,HOBBIES,1442.0,5172.83
2013-05-20,WI_3,HOBBIES,1479.0,5627.98
2013-05-27,WI_3,HOBBIES,1638.0,6066.27
2013-06-03,WI_3,HOBBIES,1856.0,6580.27
2013-06-10,WI_3,HOBBIES,1672.0,5609.57
2013-06-17,WI_3,HOBBIES,1793.0,5805.84
2013-06-24,WI_3,HOBBIES,1810.0,6048.01
2013-07-01,WI_3,HOBBIES,1666.0,6087.29
2013-07-08,WI_3,HOBBIES,1439.0,5811.33
2013-07-15,WI_3,HOBBIES,1477.0,5489.77
2013-07-22,WI_3,HOBBIES,1542.0,5803.13
2013-07-29,WI_3,HOBBIES,2075.0,6979.25
2013-08-05,WI_3,HOBBIES,1583.0,5477.02
2013-08-12,WI_3,HOBBIES,1534.0,6041.06
2013-08-19,WI_3,HOBBIES,1558.0,5605.83
2013-08-26,WI_3,HOBBIES,1527.0,5950.31
2013-09-02,WI_3,HOBBIES,1203.0,5535.23
2013-09-09,WI_3,HOBBIES,1651.0,5673.55
2013-09-16,WI_3,HOBBIES,1599.0,5836.61
2013-09-23,WI_3,HOBBIES,1548.0,5235.59
2013-09-30,WI_3,HOBBIES,1992.0,7051.25
2013-10-07,WI_3,HOBBIES,1797.0,6049.82
2013-10-14,WI_3,HOBBIES,1901.0,6248.45
2013-10-21,WI_3,HOBBIES,1586.0,5260.89
2013-10-28,WI_3,HOBBIES,1788.0,6095.57
2013-11-04,WI_3,HOBBIES,1616.0,5030.27
2013-11-11,WI_3,HOBBIES,1614.0,5218.8
2013-11-18,WI_3,HOBBIES,1555.0,5115.07
2013-11-25,WI_3,HOBBIES,1547.0,5111.95
2013-12-02,WI_3,HOBBIES,1571.0,5469.48
2013-12-09,WI_3,HOBBIES,1655.0,4926.32
2013-12-16,WI_3,HOBBIES,1728.0,5503.24
2013-12-23,WI_3,HOBBIES,1549.0,5090.73
2013-12-30,WI_3,HOBBIES,1566.0,5813.18
2014-01-06,WI_3,HOBBIES,1359.0,4784.92
2014-01-13,WI_3,HOBBIES,1598.0,5341.83
2014-01-20,WI_3,HOBBIES,1454.0,4709.88
2014-01-27,WI_3,HOBBIES,1610.0,5527.74
2014-02-03,WI_3,HOBBIES,1748.0,5704.19
2014-02-10,WI_3,HOBBIES,1778.0,5783.44
2014-02-17,WI_3,HOBBIES,1585.0,5309.82
2014-02-24,WI_3,HOBBIES,1467.0,5293.23
2014-03-03,WI_3,HOBBIES,1684.0,5987.25
2014-03-10,WI_3,HOBBIES,1606.0,5093.37
2014-03-17,WI_3,HOBBIES,1580.0,5520.66
2014-03-24,WI_3,HOBBIES,1560.0,5102.56
2014-03-31,WI_3,HOBBIES,1509.0,5100.14
2014-04-07,WI_3,HOBBIES,1449.0,4973.3
2014-04-14,WI_3,HOBBIES,1474.0,4445.04
2014-04-21,WI_3,HOBBIES,1334.0,4434.95
2014-04-28,WI_3,HOBBIES,1483.0,4751.62
2014-05-05,WI_3,HOBBIES,1335.0,4441.77
2014-05-12,WI_3,HOBBIES,1307.0,4042.82
2014-05-19,WI_3,HOBBIES,1283.0,4299.13
2014-05-26,WI_3,HOBBIES,1338.0,4555.1
2014-06-02,WI_3,HOBBIES,1505.0,4740.6
2014-06-09,WI_3,HOBBIES,1414.0,4837.18
2014-06-16,WI_3,HOBBIES,1448.0,5158.55
2014-06-23,WI_3,HOBBIES,1390.0,4903.13
2014-06-30,WI_3,HOBBIES,1663.0,5704.07
2014-07-07,WI_3,HOBBIES,1421.0,5009.75
2014-07-14,WI_3,HOBBIES,1406.0,4955.1
2014-07-21,WI_3,HOBBIES,1385.0,4078.23
2014-07-28,WI_3,HOBBIES,1752.0,5656.86
2014-08-04,WI_3,HOBBIES,1224.0,4224.7
2014-08-11,WI_3,HOBBIES,1556.0,4949.41
2014-08-18,WI_3,HOBBIES,1373.0,4434.64
2014-08-25,WI_3,HOBBIES,1496.0,5077.45
2014-09-01,WI_3,HOBBIES,1566.0,5901.21
2014-09-08,WI_3,HOBBIES,1367.0,4957.07
2014-09-15,WI_3,HOBBIES,1372.0,5134.19
2014-09-22,WI_3,HOBBIES,1349.0,4932.62
2014-09-29,WI_3,HOBBIES,1422.0,5957.28
2014-10-06,WI_3,HOBBIES,1638.0,5498.75
2014-10-13,WI_3,HOBBIES,1668.0,5585.14
2014-10-20,WI_3,HOBBIES,1423.0,5176.45
2014-10-27,WI_3,HOBBIES,1748.0,6259.38
2014-11-03,WI_3,HOBBIES,1420.0,5696.8
2014-11-10,WI_3,HOBBIES,1504.0,5280.41
2014-11-17,WI_3,HOBBIES,1512.0,5466.23
2014-11-24,WI_3,HOBBIES,1200.0,4553.48
2014-12-01,WI_3,HOBBIES,1690.0,6038.72
2014-12-08,WI_3,HOBBIES,1611.0,5689.05
2014-12-15,WI_3,HOBBIES,1576.0,5613.9
2014-12-22,WI_3,HOBBIES,1205.0,5202.03
2014-12-29,WI_3,HOBBIES,1636.0,6371.59
2015-01-05,WI_3,HOBBIES,1355.0,4591.98
2015-01-12,WI_3,HOBBIES,1385.0,5346.82
2015-01-19,WI_3,HOBBIES,1448.0,5126.46
2015-01-26,WI_3,HOBBIES,1573.0,5556.97
2015-02-02,WI_3,HOBBIES,1792.0,6519.31
2015-02-09,WI_3,HOBBIES,1774.0,6278.95
2015-02-16,WI_3,HOBBIES,1985.0,6624.58
2015-02-23,WI_3,HOBBIES,1910.0,7195.42
2015-03-02,WI_3,HOBBIES,1715.0,6428.29
2015-03-09,WI_3,HOBBIES,1817.0,6408.91
2015-03-16,WI_3,HOBBIES,1795.0,5642.64
2015-03-23,WI_3,HOBBIES,1903.0,5907.79
2015-03-30,WI_3,HOBBIES,1720.0,6189.11
2015-04-06,WI_3,HOBBIES,1747.0,6260.1
2015-04-13,WI_3,HOBBIES,1742.0,6167.02
2015-04-20,WI_3,HOBBIES,1910.0,6463.67
2015-04-27,WI_3,HOBBIES,1765.0,6533.25
2015-05-04,WI_3,HOBBIES,1814.0,5921.02
2015-05-11,WI_3,HOBBIES,1655.0,6270.47
2015-05-18,WI_3,HOBBIES,1628.0,6106.74
2015-05-25,WI_3,HOBBIES,1738.0,6015.22
2015-06-01,WI_3,HOBBIES,2036.0,7066.0
2015-06-08,WI_3,HOBBIES,1620.0,6004.52
2015-06-15,WI_3,HOBBIES,1723.0,6366.12
2015-06-22,WI_3,HOBBIES,1497.0,5687.76
2015-06-29,WI_3,HOBBIES,1916.0,7129.01
2015-07-06,WI_3,HOBBIES,1851.0,6419.51
2015-07-13,WI_3,HOBBIES,1583.0,5606.08
2015-07-20,WI_3,HOBBIES,1706.0,5899.18
2015-07-27,WI_3,HOBBIES,1692.0,6505.43
2015-08-03,WI_3,HOBBIES,1761.0,5912.95
2015-08-10,WI_3,HOBBIES,1933.0,6349.37
2015-08-17,WI_3,HOBBIES,1750.0,6108.98
2015-08-24,WI_3,HOBBIES,1789.0,6577.12
2015-08-31,WI_3,HOBBIES,1866.0,7079.3
2015-09-07,WI_3,HOBBIES,1855.0,6595.38
2015-09-14,WI_3,HOBBIES,1840.0,6424.14
2015-09-21,WI_3,HOBBIES,1807.0,6568.18
2015-09-28,WI_3,HOBBIES,1947.0,7454.31
2015-10-05,WI_3,HOBBIES,1802.0,6289.55
2015-10-12,WI_3,HOBBIES,1883.0,6771.99
2015-10-19,WI_3,HOBBIES,1980.0,6770.29
2015-10-26,WI_3,HOBBIES,2175.0,7380.43
2015-11-02,WI_3,HOBBIES,2031.0,7311.29
2015-11-09,WI_3,HOBBIES,2023.0,6514.37
2015-11-16,WI_3,HOBBIES,1897.0,6705.92
2015-11-23,WI_3,HOBBIES,1679.0,6126.01
2015-11-30,WI_3,HOBBIES,2093.0,7378.05
2015-12-07,WI_3,HOBBIES,1830.0,6385.94
2015-12-14,WI_3,HOBBIES,1876.0,6913.46
2015-12-21,WI_3,HOBBIES,1731.0,6330.96
2015-12-28,WI_3,HOBBIES,1913.0,7102.44
2016-01-04,WI_3,HOBBIES,1875.0,6429.89
2016-01-11,WI_3,HOBBIES,1681.0,6138.57
2016-01-18,WI_3,HOBBIES,1591.0,5563.88
2016-01-25,WI_3,HOBBIES,1972.0,7146.69
2016-02-01,WI_3,HOBBIES,1927.0,7344.54
2016-02-08,WI_3,HOBBIES,1885.0,7202.15
2016-02-15,WI_3,HOBBIES,1860.0,6966.72
2016-02-22,WI_3,HOBBIES,1716.0,6490.73
2016-02-29,WI_3,HOBBIES,1868.0,7290.95
2016-03-07,WI_3,HOBBIES,1831.0,6975.82
2016-03-14,WI_3,HOBBIES,1790.0,6346.41
2016-03-21,WI_3,HOBBIES,1680.0,6284.46
2016-03-28,WI_3,HOBBIES,1923.0,7486.11
2016-04-04,WI_3,HOBBIES,1914.0,7143.28
2016-04-11,WI_3,HOBBIES,2155.0,7053.92
2016-04-18,WI_3,HOBBIES,1857.0,7310.79
2016-04-25,WI_3,HOBBIES,1943.0,7429.83
2016-05-02,WI_3,HOBBIES,2174.0,7486.14
2016-05-09,WI_3,HOBBIES,1901.0,7207.82
2016-05-16,WI_3,HOBBIES,1930.0,7672.05
2011-01-24,WI_3,HOUSEHOLD,1468.0,5934.2
2011-01-31,WI_3,HOUSEHOLD,3686.0,14724.68
2011-02-07,WI_3,HOUSEHOLD,3808.0,16004.37
2011-02-14,WI_3,HOUSEHOLD,3797.0,15692.41
2011-02-21,WI_3,HOUSEHOLD,3576.0,14299.98
2011-02-28,WI_3,HOUSEHOLD,4488.0,17161.33
2011-03-07,WI_3,HOUSEHOLD,3910.0,15373.49
2011-03-14,WI_3,HOUSEHOLD,3815.0,15546.59
2011-03-21,WI_3,HOUSEHOLD,3488.0,14292.89
2011-03-28,WI_3,HOUSEHOLD,3872.0,15982.35
2011-04-04,WI_3,HOUSEHOLD,3397.0,13856.87
2011-04-11,WI_3,HOUSEHOLD,3427.0,13567.84
2011-04-18,WI_3,HOUSEHOLD,3333.0,13349.41
2011-04-25,WI_3,HOUSEHOLD,3623.0,14700.06
2011-05-02,WI_3,HOUSEHOLD,3512.0,13868.33
2011-05-09,WI_3,HOUSEHOLD,3644.0,14793.67
2011-05-16,WI_3,HOUSEHOLD,3130.0,12847.66
2011-05-23,WI_3,HOUSEHOLD,3037.0,11988.05
2011-05-30,WI_3,HOUSEHOLD,3771.0,15061.85
2011-06-06,WI_3,HOUSEHOLD,3623.0,14129.04
2011-06-13,WI_3,HOUSEHOLD,3547.0,13829.98
2011-06-20,WI_3,HOUSEHOLD,3521.0,14158.2
2011-06-27,WI_3,HOUSEHOLD,3572.0,14358.31
2011-07-04,WI_3,HOUSEHOLD,3674.0,15081.31
2011-07-11,WI_3,HOUSEHOLD,3397.0,13783.15
2011-07-18,WI_3,HOUSEHOLD,3240.0,13315.28
2011-07-25,WI_3,HOUSEHOLD,3603.0,14326.7
2011-08-01,WI_3,HOUSEHOLD,3966.0,14905.52
2011-08-08,WI_3,HOUSEHOLD,3416.0,13669.79
2011-08-15,WI_3,HOUSEHOLD,3608.0,13514.55
2011-08-22,WI_3,HOUSEHOLD,3350.0,13176.65
2011-08-29,WI_3,HOUSEHOLD,4096.0,14810.86
2011-09-05,WI_3,HOUSEHOLD,3939.0,15675.94
2011-09-12,WI_3,HOUSEHOLD,3830.0,15613.83
2011-09-19,WI_3,HOUSEHOLD,3646.0,14747.18
2011-09-26,WI_3,HOUSEHOLD,4344.0,16498.89
2011-10-03,WI_3,HOUSEHOLD,3980.0,15411.27
2011-10-10,WI_3,HOUSEHOLD,4232.0,16419.23
2011-10-17,WI_3,HOUSEHOLD,3722.0,15109.09
2011-10-24,WI_3,HOUSEHOLD,3669.0,14909.89
2011-10-31,WI_3,HOUSEHOLD,4350.0,17434.0
2011-11-07,WI_3,HOUSEHOLD,3887.0,15434.81
2011-11-14,WI_3,HOUSEHOLD,3637.0,14602.52
2011-11-21,WI_3,HOUSEHOLD,3230.0,12800.03
2011-11-28,WI_3,HOUSEHOLD,3951.0,15282.6
2011-12-05,WI_3,HOUSEHOLD,3558.0,14121.91
2011-12-12,WI_3,HOUSEHOLD,3357.0,13733.03
2011-12-19,WI_3,HOUSEHOLD,2699.0,11181.73
2011-12-26,WI_3,HOUSEHOLD,3521.0,14847.77
2012-01-02,WI_3,HOUSEHOLD,3974.0,16332.01
2012-01-09,WI_3,HOUSEHOLD,3464.0,14836.7
2012-01-16,WI_3,HOUSEHOLD,3490.0,14787.52
2012-01-23,WI_3,HOUSEHOLD,3767.0,15505.01
2012-01-30,WI_3,HOUSEHOLD,4655.0,19665.11
2012-02-06,WI_3,HOUSEHOLD,4289.0,18778.34
2012-02-13,WI_3,HOUSEHOLD,4669.0,20186.56
2012-02-20,WI_3,HOUSEHOLD,3859.0,16825.78
2012-02-27,WI_3,HOUSEHOLD,4663.0,19414.39
2012-03-05,WI_3,HOUSEHOLD,4753.0,18185.46
2012-03-12,WI_3,HOUSEHOLD,4455.0,17032.02
2012-03-19,WI_3,HOUSEHOLD,4034.0,16714.92
2012-03-26,WI_3,HOUSEHOLD,4345.0,17918.57
2012-04-02,WI_3,HOUSEHOLD,3929.0,16328.82
2012-04-09,WI_3,HOUSEHOLD,4130.0,16989.15
2012-04-16,WI_3,HOUSEHOLD,3922.0,15834.97
2012-04-23,WI_3,HOUSEHOLD,3716.0,15629.14
2012-04-30,WI_3,HOUSEHOLD,4312.0,18247.35
2012-05-07,WI_3,HOUSEHOLD,3754.0,15229.95
2012-05-14,WI_3,HOUSEHOLD,3679.0,15619.6
2012-05-21,WI_3,HOUSEHOLD,3803.0,15630.55
2012-05-28,WI_3,HOUSEHOLD,4772.0,19175.25
2012-06-04,WI_3,HOUSEHOLD,4081.0,17370.21
2012-06-11,WI_3,HOUSEHOLD,5125.0,17938.52
2012-06-18,WI_3,HOUSEHOLD,5229.0,18016.42
2012-06-25,WI_3,HOUSEHOLD,5304.0,18590.73
2012-07-02,WI_3,HOUSEHOLD,5219.0,18528.16
2012-07-09,WI_3,HOUSEHOLD,4920.0,17999.6
2012-07-16,WI_3,HOUSEHOLD,4770.0,17358.01
2012-07-23,WI_3,HOUSEHOLD,4448.0,16141.13
2012-07-30,WI_3,HOUSEHOLD,5567.0,20912.2
2012-08-06,WI_3,HOUSEHOLD,5737.0,19955.36
2012-08-13,WI_3,HOUSEHOLD,5881.0,20285.96
2012-08-20,WI_3,HOUSEHOLD,5231.0,18872.29
2012-08-27,WI_3,HOUSEHOLD,6244.0,22890.95
2012-09-03,WI_3,HOUSEHOLD,5946.0,21133.91
2012-09-10,WI_3,HOUSEHOLD,5487.0,20615.79
2012-09-17,WI_3,HOUSEHOLD,6055.0,20867.18
2012-09-24,WI_3,HOUSEHOLD,6233.0,20835.94
2012-10-01,WI_3,HOUSEHOLD,6354.0,22415.11
2012-10-08,WI_3,HOUSEHOLD,5481.0,20379.99
2012-10-15,WI_3,HOUSEHOLD,4938.0,18782.33
2012-10-22,WI_3,HOUSEHOLD,4823.0,18299.67
2012-10-29,WI_3,HOUSEHOLD,5352.0,20244.28
2012-11-05,WI_3,HOUSEHOLD,5172.0,19270.69
2012-11-12,WI_3,HOUSEHOLD,4687.0,17714.36
2012-11-19,WI_3,HOUSEHOLD,4051.0,16243.11
2012-11-26,WI_3,HOUSEHOLD,5314.0,18984.38
2012-12-03,WI_3,HOUSEHOLD,5068.0,18154.11
2012-12-10,WI_3,HOUSEHOLD,4690.0,17701.82
2012-12-17,WI_3,HOUSEHOLD,4372.0,16510.9
2012-12-24,WI_3,HOUSEHOLD,4255.0,16011.43
2012-12-31,WI_3,HOUSEHOLD,5036.0,19182.69
2013-01-07,WI_3,HOUSEHOLD,4280.0,16399.9
2013-01-14,WI_3,HOUSEHOLD,4739.0,17862.96
2013-01-21,WI_3,HOUSEHOLD,4386.0,16623.73
2013-01-28,WI_3,HOUSEHOLD,5293.0,20097.66
2013-02-04,WI_3,HOUSEHOLD,5408.0,20325.17
2013-02-11,WI_3,HOUSEHOLD,6546.0,21689.66
2013-02-18,WI_3,HOUSEHOLD,5153.0,18645.91
2013-02-25,WI_3,HOUSEHOLD,6321.0,22787.02
2013-03-04,WI_3,HOUSEHOLD,5650.0,19592.76
2013-03-11,WI_3,HOUSEHOLD,5300.0,19159.0
2013-03-18,WI_3,HOUSEHOLD,5110.0,18077.65
2013-03-25,WI_3,HOUSEHOLD,4911.0,17401.16
2013-04-01,WI_3,HOUSEHOLD,5734.0,19692.62
2013-04-08,WI_3,HOUSEHOLD,4455.0,15438.61
2013-04-15,WI_3,HOUSEHOLD,4053.0,13753.23
2013-04-22,WI_3,HOUSEHOLD,4024.0,13900.64
2013-04-29,WI_3,HOUSEHOLD,4542.0,15454.94
2013-05-06,WI_3,HOUSEHOLD,3908.0,13548.76
2013-05-13,WI_3,HOUSEHOLD,3696.0,13862.46
2013-05-20,WI_3,HOUSEHOLD,4238.0,14200.33
2013-05-27,WI_3,HOUSEHOLD,5149.0,17099.54
2013-06-03,WI_3,HOUSEHOLD,4534.0,15068.96
2013-06-10,WI_3,HOUSEHOLD,3771.0,12846.83
2013-06-17,WI_3,HOUSEHOLD,4017.0,14415.31
2013-06-24,WI_3,HOUSEHOLD,3957.0,14042.23
2013-07-01,WI_3,HOUSEHOLD,4472.0,15699.47
2013-07-08,WI_3,HOUSEHOLD,4432.0,14921.4
2013-07-15,WI_3,HOUSEHOLD,3633.0,13858.69
2013-07-22,WI_3,HOUSEHOLD,4260.0,15481.17
2013-07-29,WI_3,HOUSEHOLD,5394.0,17376.43
2013-08-05,WI_3,HOUSEHOLD,4233.0,15436.63
2013-08-12,WI_3,HOUSEHOLD,4534.0,16600.22
2013-08-19,WI_3,HOUSEHOLD,4531.0,15844.44
2013-08-26,WI_3,HOUSEHOLD,4570.0,16736.44
2013-09-02,WI_3,HOUSEHOLD,4751.0,16582.09
2013-09-09,WI_3,HOUSEHOLD,4555.0,15915.37
2013-09-16,WI_3,HOUSEHOLD,4332.0,15296.91
2013-09-23,WI_3,HOUSEHOLD,4214.0,15485.51
2013-09-30,WI_3,HOUSEHOLD,5556.0,18867.19
2013-10-07,WI_3,HOUSEHOLD,4642.0,16715.23
2013-10-14,WI_3,HOUSEHOLD,4107.0,15044.79
2013-10-21,WI_3,HOUSEHOLD,3993.0,15058.16
2013-10-28,WI_3,HOUSEHOLD,4561.0,16537.1
2013-11-04,WI_3,HOUSEHOLD,3937.0,13967.06
2013-11-11,WI_3,HOUSEHOLD,3812.0,13617.15
2013-11-18,WI_3,HOUSEHOLD,3879.0,14297.85
2013-11-25,WI_3,HOUSEHOLD,3957.0,14818.35
2013-12-02,WI_3,HOUSEHOLD,4076.0,14750.89
2013-12-09,WI_3,HOUSEHOLD,3761.0,13530.96
2013-12-16,WI_3,HOUSEHOLD,3428.0,13154.1
2013-12-23,WI_3,HOUSEHOLD,3591.0,13707.56
2013-12-30,WI_3,HOUSEHOLD,4340.0,15927.65
2014-01-06,WI_3,HOUSEHOLD,3874.0,14249.99
2014-01-13,WI_3,HOUSEHOLD,4051.0,15053.93
2014-01-20,WI_3,HOUSEHOLD,3835.0,14245.98
2014-01-27,WI_3,HOUSEHOLD,4404.0,16123.94
2014-02-03,WI_3,HOUSEHOLD,4521.0,16811.73
2014-02-10,WI_3,HOUSEHOLD,4813.0,17616.62
2014-02-17,WI_3,HOUSEHOLD,5355.0,18323.09
2014-02-24,WI_3,HOUSEHOLD,5168.0,18500.1
2014-03-03,WI_3,HOUSEHOLD,5051.0,17771.73
2014-03-10,WI_3,HOUSEHOLD,4778.0,17598.0
2014-03-17,WI_3,HOUSEHOLD,4249.0,15568.28
2014-03-24,WI_3,HOUSEHOLD,4110.0,15333.69
2014-03-31,WI_3,HOUSEHOLD,4615.0,17176.51
2014-04-07,WI_3,HOUSEHOLD,4063.0,14381.57
2014-04-14,WI_3,HOUSEHOLD,4305.0,13852.05
2014-04-21,WI_3,HOUSEHOLD,3763.0,13308.31
2014-04-28,WI_3,HOUSEHOLD,4256.0,15112.22
2014-05-05,WI_3,HOUSEHOLD,3645.0,13733.35
2014-05-12,WI_3,HOUSEHOLD,3753.0,13697.36
2014-05-19,WI_3,HOUSEHOLD,3260.0,12048.27
2014-05-26,WI_3,HOUSEHOLD,3918.0,14545.6
2014-06-02,WI_3,HOUSEHOLD,4169.0,15382.45
2014-06-09,WI_3,HOUSEHOLD,3487.0,12556.41
2014-06-16,WI_3,HOUSEHOLD,3683.0,13926.21
2014-06-23,WI_3,HOUSEHOLD,3506.0,12637.1
2014-06-30,WI_3,HOUSEHOLD,4191.0,15406.22
2014-07-07,WI_3,HOUSEHOLD,3665.0,13662.98
2014-07-14,WI_3,HOUSEHOLD,3848.0,14496.07
2014-07-21,WI_3,HOUSEHOLD,3581.0,12908.77
2014-07-28,WI_3,HOUSEHOLD,4417.0,15409.62
2014-08-04,WI_3,HOUSEHOLD,3795.0,13607.66
2014-08-11,WI_3,HOUSEHOLD,4132.0,14656.9
2014-08-18,WI_3,HOUSEHOLD,4084.0,14474.46
2014-08-25,WI_3,HOUSEHOLD,4423.0,15922.44
2014-09-01,WI_3,HOUSEHOLD,4668.0,16715.57
2014-09-08,WI_3,HOUSEHOLD,4003.0,14235.1
2014-09-15,WI_3,HOUSEHOLD,3922.0,14144.8
2014-09-22,WI_3,HOUSEHOLD,3718.0,14183.18
2014-09-29,WI_3,HOUSEHOLD,4840.0,18232.09
2014-10-06,WI_3,HOUSEHOLD,4060.0,15515.13
2014-10-13,WI_3,HOUSEHOLD,3703.0,13997.04
2014-10-20,WI_3,HOUSEHOLD,3773.0,14445.84
2014-10-27,WI_3,HOUSEHOLD,4133.0,15820.5
2014-11-03,WI_3,HOUSEHOLD,4462.0,16820.86
2014-11-10,WI_3,HOUSEHOLD,3760.0,13971.59
2014-11-17,WI_3,HOUSEHOLD,3793.0,15299.1
2014-11-24,WI_3,HOUSEHOLD,3564.0,13866.97
2014-12-01,WI_3,HOUSEHOLD,4266.0,16208.21
2014-12-08,WI_3,HOUSEHOLD,3594.0,14172.95
2014-12-15,WI_3,HOUSEHOLD,3467.0,13526.99
2014-12-22,WI_3,HOUSEHOLD,3583.0,13842.98
2014-12-29,WI_3,HOUSEHOLD,4411.0,16383.07
2015-01-05,WI_3,HOUSEHOLD,3460.0,13672.78
2015-01-12,WI_3,HOUSEHOLD,4481.0,16611.78
2015-01-19,WI_3,HOUSEHOLD,4121.0,14751.13
2015-01-26,WI_3,HOUSEHOLD,4701.0,15663.25
2015-02-02,WI_3,HOUSEHOLD,5808.0,20226.08
2015-02-09,WI_3,HOUSEHOLD,4805.0,17512.77
2015-02-16,WI_3,HOUSEHOLD,4950.0,18174.15
2015-02-23,WI_3,HOUSEHOLD,5793.0,20696.46
2015-03-02,WI_3,HOUSEHOLD,4690.0,18025.17
2015-03-09,WI_3,HOUSEHOLD,5617.0,19655.47
2015-03-16,WI_3,HOUSEHOLD,5149.0,18052.1
2015-03-23,WI_3,HOUSEHOLD,4694.0,17451.82
2015-03-30,WI_3,HOUSEHOLD,4872.0,18666.98
2015-04-06,WI_3,HOUSEHOLD,4929.0,18550.79
2015-04-13,WI_3,HOUSEHOLD,5181.0,18173.63
2015-04-20,WI_3,HOUSEHOLD,4879.0,17998.89
2015-04-27,WI_3,HOUSEHOLD,4898.0,17662.71
2015-05-04,WI_3,HOUSEHOLD,4720.0,17281.14
2015-05-11,WI_3,HOUSEHOLD,5107.0,18294.16
2015-05-18,WI_3,HOUSEHOLD,4930.0,17561.73
2015-05-25,WI_3,HOUSEHOLD,5298.0,19001.94
2015-06-01,WI_3,HOUSEHOLD,5740.0,20228.39
2015-06-08,WI_3,HOUSEHOLD,4886.0,17695.58
2015-06-15,WI_3,HOUSEHOLD,5042.0,17065.12
2015-06-22,WI_3,HOUSEHOLD,5031.0,17565.4
2015-06-29,WI_3,HOUSEHOLD,5512.0,20076.4
2015-07-06,WI_3,HOUSEHOLD,5193.0,18663.03
2015-07-13,WI_3,HOUSEHOLD,5617.0,18845.45
2015-07-20,WI_3,HOUSEHOLD,5283.0,17313.14
2015-07-27,WI_3,HOUSEHOLD,5783.0,19741.44
2015-08-03,WI_3,HOUSEHOLD,5579.0,19030.2
2015-08-10,WI_3,HOUSEHOLD,5151.0,17784.55
2015-08-17,WI_3,HOUSEHOLD,5001.0,17613.8
2015-08-24,WI_3,HOUSEHOLD,4786.0,17585.46
2015-08-31,WI_3,HOUSEHOLD,5314.0,17431.04
2015-09-07,WI_3,HOUSEHOLD,5219.0,17648.94
2015-09-14,WI_3,HOUSEHOLD,5245.0,17753.01
2015-09-21,WI_3,HOUSEHOLD,5133.0,17317.19
2015-09-28,WI_3,HOUSEHOLD,5801.0,20260.82
2015-10-05,WI_3,HOUSEHOLD,5396.0,18790.15
2015-10-12,WI_3,HOUSEHOLD,5242.0,18474.46
2015-10-19,WI_3,HOUSEHOLD,4916.0,17632.17
2015-10-26,WI_3,HOUSEHOLD,5246.0,18937.63
2015-11-02,WI_3,HOUSEHOLD,5703.0,19913.7
2015-11-09,WI_3,HOUSEHOLD,4996.0,18184.11
2015-11-16,WI_3,HOUSEHOLD,4839.0,17566.49
2015-11-23,WI_3,HOUSEHOLD,4761.0,17186.73
2015-11-30,WI_3,HOUSEHOLD,5691.0,20584.19
2015-12-07,WI_3,HOUSEHOLD,4786.0,17204.94
2015-12-14,WI_3,HOUSEHOLD,4981.0,17856.86
2015-12-21,WI_3,HOUSEHOLD,4512.0,16213.24
2015-12-28,WI_3,HOUSEHOLD,5448.0,19706.51
2016-01-04,WI_3,HOUSEHOLD,5152.0,18328.65
2016-01-11,WI_3,HOUSEHOLD,4949.0,18126.93
2016-01-18,WI_3,HOUSEHOLD,4960.0,18411.37
2016-01-25,WI_3,HOUSEHOLD,5317.0,20385.19
2016-02-01,WI_3,HOUSEHOLD,5924.0,21660.04
2016-02-08,WI_3,HOUSEHOLD,6022.0,22662.56
2016-02-15,WI_3,HOUSEHOLD,5816.0,21769.98
2016-02-22,WI_3,HOUSEHOLD,5740.0,21744.86
2016-02-29,WI_3,HOUSEHOLD,6576.0,23348.23
2016-03-07,WI_3,HOUSEHOLD,5740.0,20787.28
2016-03-14,WI_3,HOUSEHOLD,5280.0,18764.1
2016-03-21,WI_3,HOUSEHOLD,5172.0,18793.37
2016-03-28,WI_3,HOUSEHOLD,6250.0,22630.4
2016-04-04,WI_3,HOUSEHOLD,5988.0,22202.68
2016-04-11,WI_3,HOUSEHOLD,5254.0,19102.13
2016-04-18,WI_3,HOUSEHOLD,5713.0,21197.11
2016-04-25,WI_3,HOUSEHOLD,5589.0,20871.6
2016-05-02,WI_3,HOUSEHOLD,5676.0,20579.04
2016-05-09,WI_3,HOUSEHOLD,5672.0,20586.47
2016-05-16,WI_3,HOUSEHOLD,5714.0,20744.33
